date,country,market,category,commodity,unit,currency,pricetype,price,usdprice,latitude,longitude
2018-01-01,Uganda,Kampala,cereals and tubers,Maize,KG,UGX,Retail,1097.05,0.2965,1.0016,34.2364
2018-02-01,Uganda,Kampala,cereals and tubers,Maize,KG,UGX,Retail,1081.79,0.2924,-0.9632,34.8684
2018-03-01,Uganda,Kampala,cereals and tubers,Maize,KG,UGX,Retail,1095.01,0.2959,2.9806,30.2918
2018-04-01,Uganda,Kampala,cereals and tubers,Maize,KG,UGX,Retail,1123.34,0.3036,0.6135,34.6045
2018-05-01,Uganda,Kampala,cereals and tubers,Maize,KG,UGX,Retail,1251.77,0.3383,3.1897,31.9944
2018-06-01,Uganda,Kampala,cereals and tubers,Maize,KG,UGX,Retail,1356.44,0.3666,1.6611,29.9446
2018-07-01,Uganda,Kampala,cereals and tubers,Maize,KG,UGX,Retail,1566.61,0.4234,2.1005,33.6937
2018-08-01,Uganda,Kampala,cereals and tubers,Maize,KG,UGX,Retail,1620.08,0.4379,4.033,34.4229
2018-09-01,Uganda,Kampala,cereals and tubers,Maize,KG,UGX,Retail,1599.08,0.4322,-0.3906,32.1203
2018-10-01,Uganda,Kampala,cereals and tubers,Maize,KG,UGX,Retail,1537.68,0.4156,-0.6205,33.2885
2018-11-01,Uganda,Kampala,cereals and tubers,Maize,KG,UGX,Retail,1520.39,0.4109,4.0148,31.3595
2018-12-01,Uganda,Kampala,cereals and tubers,Maize,KG,UGX,Retail,1297.24,0.3506,1.1765,30.6231
2019-01-01,Uganda,Kampala,cereals and tubers,Maize,KG,UGX,Retail,1163.91,0.3146,1.2115,30.8253
2019-02-01,Uganda,Kampala,cereals and tubers,Maize,KG,UGX,Retail,1133.35,0.3063,0.9918,34.0965
2019-03-01,Uganda,Kampala,cereals and tubers,Maize,KG,UGX,Retail,1080.53,0.292,0.2805,34.0942
2019-04-01,Uganda,Kampala,cereals and tubers,Maize,KG,UGX,Retail,1164.77,0.3148,0.7086,31.157
2019-05-01,Uganda,Kampala,cereals and tubers,Maize,KG,UGX,Retail,1344.84,0.3635,-0.7034,30.6795
2019-06-01,Uganda,Kampala,cereals and tubers,Maize,KG,UGX,Retail,1520.52,0.411,2.9855,33.1902
2019-07-01,Uganda,Kampala,cereals and tubers,Maize,KG,UGX,Retail,1578.56,0.4266,2.9502,32.0781
2019-08-01,Uganda,Kampala,cereals and tubers,Maize,KG,UGX,Retail,1635.63,0.4421,-0.7032,30.2185
2019-09-01,Uganda,Kampala,cereals and tubers,Maize,KG,UGX,Retail,1582.01,0.4276,1.1852,32.6523
2019-10-01,Uganda,Kampala,cereals and tubers,Maize,KG,UGX,Retail,1474.11,0.3984,2.1179,32.5893
2019-11-01,Uganda,Kampala,cereals and tubers,Maize,KG,UGX,Retail,1371.96,0.3708,0.2325,29.7664
2019-12-01,Uganda,Kampala,cereals and tubers,Maize,KG,UGX,Retail,1189.81,0.3216,-0.2769,31.8061
2020-01-01,Uganda,Kampala,cereals and tubers,Maize,KG,UGX,Retail,1011.43,0.2734,-0.1665,29.9148
2020-02-01,Uganda,Kampala,cereals and tubers,Maize,KG,UGX,Retail,978.26,0.2644,0.1735,33.1743
2020-03-01,Uganda,Kampala,cereals and tubers,Maize,KG,UGX,Retail,965.63,0.261,2.9682,33.1873
2020-04-01,Uganda,Kampala,cereals and tubers,Maize,KG,UGX,Retail,1015.81,0.2745,3.1399,30.5017
2020-05-01,Uganda,Kampala,cereals and tubers,Maize,KG,UGX,Retail,1110.15,0.3,-0.9867,33.5007
2020-06-01,Uganda,Kampala,cereals and tubers,Maize,KG,UGX,Retail,1278.8,0.3456,-0.5808,32.3056
2020-07-01,Uganda,Kampala,cereals and tubers,Maize,KG,UGX,Retail,1451.51,0.3923,2.469,32.0092
2020-08-01,Uganda,Kampala,cereals and tubers,Maize,KG,UGX,Retail,1541.64,0.4167,0.2186,33.0035
2020-09-01,Uganda,Kampala,cereals and tubers,Maize,KG,UGX,Retail,1433.75,0.3875,-1.0004,30.2372
2020-10-01,Uganda,Kampala,cereals and tubers,Maize,KG,UGX,Retail,1295.52,0.3501,3.6789,33.3784
2020-11-01,Uganda,Kampala,cereals and tubers,Maize,KG,UGX,Retail,1148.48,0.3104,4.0243,33.8053
2020-12-01,Uganda,Kampala,cereals and tubers,Maize,KG,UGX,Retail,1050.92,0.284,1.0614,31.0701
2021-01-01,Uganda,Kampala,cereals and tubers,Maize,KG,UGX,Retail,907.25,0.2452,3.6448,32.0612
2021-02-01,Uganda,Kampala,cereals and tubers,Maize,KG,UGX,Retail,791.58,0.2139,0.244,32.7278
2021-03-01,Uganda,Kampala,cereals and tubers,Maize,KG,UGX,Retail,775.38,0.2096,3.3827,33.696
2021-04-01,Uganda,Kampala,cereals and tubers,Maize,KG,UGX,Retail,807.48,0.2182,0.9629,32.9875
2021-05-01,Uganda,Kampala,cereals and tubers,Maize,KG,UGX,Retail,961.79,0.2599,2.2041,30.056
2021-06-01,Uganda,Kampala,cereals and tubers,Maize,KG,UGX,Retail,1092.88,0.2954,-1.2628,32.2676
2021-07-01,Uganda,Kampala,cereals and tubers,Maize,KG,UGX,Retail,1259.85,0.3405,-0.6762,30.1584
2021-08-01,Uganda,Kampala,cereals and tubers,Maize,KG,UGX,Retail,1272.14,0.3438,-0.5276,34.5956
2021-09-01,Uganda,Kampala,cereals and tubers,Maize,KG,UGX,Retail,1257.86,0.34,0.4772,32.7909
2021-10-01,Uganda,Kampala,cereals and tubers,Maize,KG,UGX,Retail,1178.1,0.3184,3.9638,32.2044
2021-11-01,Uganda,Kampala,cereals and tubers,Maize,KG,UGX,Retail,1077.45,0.2912,-1.0284,32.228
2021-12-01,Uganda,Kampala,cereals and tubers,Maize,KG,UGX,Retail,1079.38,0.2917,3.8456,32.6873
2022-01-01,Uganda,Kampala,cereals and tubers,Maize,KG,UGX,Retail,880.04,0.2378,0.0218,31.3905
2022-02-01,Uganda,Kampala,cereals and tubers,Maize,KG,UGX,Retail,817.0,0.2208,1.0018,29.7167
2022-03-01,Uganda,Kampala,cereals and tubers,Maize,KG,UGX,Retail,861.7,0.2329,3.6081,30.3573
2022-04-01,Uganda,Kampala,cereals and tubers,Maize,KG,UGX,Retail,876.43,0.2369,-0.8811,33.2301
2022-05-01,Uganda,Kampala,cereals and tubers,Maize,KG,UGX,Retail,971.38,0.2625,2.6439,33.7507
2022-06-01,Uganda,Kampala,cereals and tubers,Maize,KG,UGX,Retail,1143.37,0.309,3.7213,30.8432
2022-07-01,Uganda,Kampala,cereals and tubers,Maize,KG,UGX,Retail,1215.15,0.3284,1.6627,31.603
2022-08-01,Uganda,Kampala,cereals and tubers,Maize,KG,UGX,Retail,1248.43,0.3374,3.107,31.3126
2022-09-01,Uganda,Kampala,cereals and tubers,Maize,KG,UGX,Retail,1309.13,0.3538,0.1582,32.3813
2022-10-01,Uganda,Kampala,cereals and tubers,Maize,KG,UGX,Retail,1236.23,0.3341,3.8354,30.4889
2022-11-01,Uganda,Kampala,cereals and tubers,Maize,KG,UGX,Retail,1092.06,0.2952,0.9801,34.9588
2022-12-01,Uganda,Kampala,cereals and tubers,Maize,KG,UGX,Retail,974.7,0.2634,2.7671,34.4103
2023-01-01,Uganda,Kampala,cereals and tubers,Maize,KG,UGX,Retail,874.34,0.2363,1.4575,31.306
2023-02-01,Uganda,Kampala,cereals and tubers,Maize,KG,UGX,Retail,835.33,0.2258,2.2715,31.6178
2023-03-01,Uganda,Kampala,cereals and tubers,Maize,KG,UGX,Retail,856.93,0.2316,2.7567,31.0173
2023-04-01,Uganda,Kampala,cereals and tubers,Maize,KG,UGX,Retail,863.81,0.2335,-0.1265,30.2629
2023-05-01,Uganda,Kampala,cereals and tubers,Maize,KG,UGX,Retail,1034.16,0.2795,-0.6263,30.568
2023-06-01,Uganda,Kampala,cereals and tubers,Maize,KG,UGX,Retail,1242.37,0.3358,3.485,30.6607
2023-07-01,Uganda,Kampala,cereals and tubers,Maize,KG,UGX,Retail,1324.73,0.358,2.9312,34.8479
2023-08-01,Uganda,Kampala,cereals and tubers,Maize,KG,UGX,Retail,1412.93,0.3819,-0.6798,29.6753
2023-09-01,Uganda,Kampala,cereals and tubers,Maize,KG,UGX,Retail,1512.08,0.4087,-0.7486,33.2594
2023-10-01,Uganda,Kampala,cereals and tubers,Maize,KG,UGX,Retail,1298.53,0.351,1.3861,33.349
2023-11-01,Uganda,Kampala,cereals and tubers,Maize,KG,UGX,Retail,1106.84,0.2991,-0.3613,33.9423
2023-12-01,Uganda,Kampala,cereals and tubers,Maize,KG,UGX,Retail,1020.69,0.2759,2.7122,30.3077
2024-01-01,Uganda,Kampala,cereals and tubers,Maize,KG,UGX,Retail,900.44,0.2434,0.2154,32.2384
2024-02-01,Uganda,Kampala,cereals and tubers,Maize,KG,UGX,Retail,872.49,0.2358,3.9471,31.1468
2024-03-01,Uganda,Kampala,cereals and tubers,Maize,KG,UGX,Retail,850.61,0.2299,-1.3583,32.5981
2024-04-01,Uganda,Kampala,cereals and tubers,Maize,KG,UGX,Retail,914.65,0.2472,-0.8964,30.3578
2024-05-01,Uganda,Kampala,cereals and tubers,Maize,KG,UGX,Retail,1026.64,0.2775,4.0075,32.8186
2024-06-01,Uganda,Kampala,cereals and tubers,Maize,KG,UGX,Retail,1112.8,0.3008,3.0849,32.1239
2024-07-01,Uganda,Kampala,cereals and tubers,Maize,KG,UGX,Retail,1203.49,0.3253,-1.3983,30.1894
2024-08-01,Uganda,Kampala,cereals and tubers,Maize,KG,UGX,Retail,1241.78,0.3356,3.0419,30.8563
2024-09-01,Uganda,Kampala,cereals and tubers,Maize,KG,UGX,Retail,1240.62,0.3353,1.9543,34.2858
2024-10-01,Uganda,Kampala,cereals and tubers,Maize,KG,UGX,Retail,1290.47,0.3488,0.8517,31.6206
2024-11-01,Uganda,Kampala,cereals and tubers,Maize,KG,UGX,Retail,1222.65,0.3304,2.216,34.2844
2024-12-01,Uganda,Kampala,cereals and tubers,Maize,KG,UGX,Retail,1011.37,0.2733,-0.0873,30.878
2025-01-01,Uganda,Kampala,cereals and tubers,Maize,KG,UGX,Retail,867.08,0.2343,3.1544,30.1685
2025-02-01,Uganda,Kampala,cereals and tubers,Maize,KG,UGX,Retail,833.26,0.2252,1.8883,30.3893
2025-03-01,Uganda,Kampala,cereals and tubers,Maize,KG,UGX,Retail,903.85,0.2443,0.2689,30.3769
2025-04-01,Uganda,Kampala,cereals and tubers,Maize,KG,UGX,Retail,997.98,0.2697,-0.5565,31.1375
2025-05-01,Uganda,Kampala,cereals and tubers,Maize,KG,UGX,Retail,1102.1,0.2979,-0.8417,29.7142
2025-06-01,Uganda,Kampala,cereals and tubers,Maize,KG,UGX,Retail,1227.41,0.3317,-0.5045,29.8883
2025-07-01,Uganda,Kampala,cereals and tubers,Maize,KG,UGX,Retail,1392.62,0.3764,2.3801,31.7256
2025-08-01,Uganda,Kampala,cereals and tubers,Maize,KG,UGX,Retail,1509.19,0.4079,1.3758,34.325
2025-09-01,Uganda,Kampala,cereals and tubers,Maize,KG,UGX,Retail,1469.58,0.3972,-1.2522,30.5801
2025-10-01,Uganda,Kampala,cereals and tubers,Maize,KG,UGX,Retail,1566.35,0.4233,-0.0785,32.6847
2025-11-01,Uganda,Kampala,cereals and tubers,Maize,KG,UGX,Retail,1437.13,0.3884,-1.2193,31.6175
2025-12-01,Uganda,Kampala,cereals and tubers,Maize,KG,UGX,Retail,1287.77,0.348,-0.9205,34.1007
2026-01-01,Uganda,Kampala,cereals and tubers,Maize,KG,UGX,Retail,1175.09,0.3176,3.7716,30.1352
2026-02-01,Uganda,Kampala,cereals and tubers,Maize,KG,UGX,Retail,1158.09,0.313,3.6451,34.8897
2026-03-01,Uganda,Kampala,cereals and tubers,Maize,KG,UGX,Retail,1140.81,0.3083,2.943,33.0694
2026-04-01,Uganda,Kampala,cereals and tubers,Maize,KG,UGX,Retail,1201.04,0.3246,-0.7331,32.4948
2026-05-01,Uganda,Kampala,cereals and tubers,Maize,KG,UGX,Retail,1343.55,0.3631,3.3882,32.0991
2026-06-01,Uganda,Kampala,cereals and tubers,Maize,KG,UGX,Retail,1498.31,0.4049,2.1455,31.0389
2026-07-01,Uganda,Kampala,cereals and tubers,Maize,KG,UGX,Retail,1636.8,0.4424,1.2239,31.8512
2018-01-01,Uganda,Kampala,cereals and tubers,Beans,KG,UGX,Retail,3429.06,0.9268,0.5948,31.5785
2018-02-01,Uganda,Kampala,cereals and tubers,Beans,KG,UGX,Retail,3190.77,0.8624,0.6629,33.303
2018-03-01,Uganda,Kampala,cereals and tubers,Beans,KG,UGX,Retail,3157.6,0.8534,3.9085,34.5483
2018-04-01,Uganda,Kampala,cereals and tubers,Beans,KG,UGX,Retail,3660.36,0.9893,0.3717,32.4913
2018-05-01,Uganda,Kampala,cereals and tubers,Beans,KG,UGX,Retail,4421.36,1.195,2.2197,33.9437
2018-06-01,Uganda,Kampala,cereals and tubers,Beans,KG,UGX,Retail,4909.88,1.327,2.1076,31.156
2018-07-01,Uganda,Kampala,cereals and tubers,Beans,KG,UGX,Retail,5724.92,1.5473,-0.3463,33.3519
2018-08-01,Uganda,Kampala,cereals and tubers,Beans,KG,UGX,Retail,6049.24,1.6349,2.002,30.1135
2018-09-01,Uganda,Kampala,cereals and tubers,Beans,KG,UGX,Retail,6642.38,1.7952,-1.0184,34.6541
2018-10-01,Uganda,Kampala,cereals and tubers,Beans,KG,UGX,Retail,6262.97,1.6927,3.9656,33.9248
2018-11-01,Uganda,Kampala,cereals and tubers,Beans,KG,UGX,Retail,6075.0,1.6419,2.961,33.8936
2018-12-01,Uganda,Kampala,cereals and tubers,Beans,KG,UGX,Retail,5107.69,1.3805,-0.0557,32.7864
2019-01-01,Uganda,Kampala,cereals and tubers,Beans,KG,UGX,Retail,4451.75,1.2032,2.0121,30.525
2019-02-01,Uganda,Kampala,cereals and tubers,Beans,KG,UGX,Retail,4454.86,1.204,1.7629,32.1163
2019-03-01,Uganda,Kampala,cereals and tubers,Beans,KG,UGX,Retail,4551.75,1.2302,2.8544,33.9159
2019-04-01,Uganda,Kampala,cereals and tubers,Beans,KG,UGX,Retail,5248.31,1.4185,1.9177,34.6287
2019-05-01,Uganda,Kampala,cereals and tubers,Beans,KG,UGX,Retail,6003.28,1.6225,-0.8325,30.0736
2019-06-01,Uganda,Kampala,cereals and tubers,Beans,KG,UGX,Retail,6891.57,1.8626,0.8861,33.7813
2019-07-01,Uganda,Kampala,cereals and tubers,Beans,KG,UGX,Retail,7968.25,2.1536,0.4017,34.4512
2019-08-01,Uganda,Kampala,cereals and tubers,Beans,KG,UGX,Retail,8600.31,2.3244,0.042,31.5666
2019-09-01,Uganda,Kampala,cereals and tubers,Beans,KG,UGX,Retail,8591.8,2.3221,-0.6016,30.398
2019-10-01,Uganda,Kampala,cereals and tubers,Beans,KG,UGX,Retail,8534.6,2.3066,0.9961,31.6699
2019-11-01,Uganda,Kampala,cereals and tubers,Beans,KG,UGX,Retail,8266.99,2.2343,1.6521,34.6552
2019-12-01,Uganda,Kampala,cereals and tubers,Beans,KG,UGX,Retail,7395.82,1.9989,1.2324,31.6323
2020-01-01,Uganda,Kampala,cereals and tubers,Beans,KG,UGX,Retail,7113.06,1.9224,2.5912,34.7365
2020-02-01,Uganda,Kampala,cereals and tubers,Beans,KG,UGX,Retail,6915.74,1.8691,3.348,33.0402
2020-03-01,Uganda,Kampala,cereals and tubers,Beans,KG,UGX,Retail,6262.99,1.6927,1.8531,33.3049
2020-04-01,Uganda,Kampala,cereals and tubers,Beans,KG,UGX,Retail,6717.52,1.8155,1.0896,34.0572
2020-05-01,Uganda,Kampala,cereals and tubers,Beans,KG,UGX,Retail,6996.26,1.8909,1.1137,31.9885
2020-06-01,Uganda,Kampala,cereals and tubers,Beans,KG,UGX,Retail,8059.59,2.1783,3.7351,33.819
2020-07-01,Uganda,Kampala,cereals and tubers,Beans,KG,UGX,Retail,8321.88,2.2492,4.1831,34.3477
2020-08-01,Uganda,Kampala,cereals and tubers,Beans,KG,UGX,Retail,8668.53,2.3428,3.2703,30.1747
2020-09-01,Uganda,Kampala,cereals and tubers,Beans,KG,UGX,Retail,8784.61,2.3742,-0.9845,34.444
2020-10-01,Uganda,Kampala,cereals and tubers,Beans,KG,UGX,Retail,8530.92,2.3057,-0.1273,30.3723
2020-11-01,Uganda,Kampala,cereals and tubers,Beans,KG,UGX,Retail,7769.24,2.0998,-0.3702,34.5174
2020-12-01,Uganda,Kampala,cereals and tubers,Beans,KG,UGX,Retail,7060.23,1.9082,-1.2939,29.6293
2021-01-01,Uganda,Kampala,cereals and tubers,Beans,KG,UGX,Retail,6631.3,1.7922,1.9538,33.928
2021-02-01,Uganda,Kampala,cereals and tubers,Beans,KG,UGX,Retail,5808.6,1.5699,3.3416,29.9091
2021-03-01,Uganda,Kampala,cereals and tubers,Beans,KG,UGX,Retail,6065.03,1.6392,3.7884,33.7694
2021-04-01,Uganda,Kampala,cereals and tubers,Beans,KG,UGX,Retail,6822.67,1.844,3.2765,29.8168
2021-05-01,Uganda,Kampala,cereals and tubers,Beans,KG,UGX,Retail,7288.54,1.9699,-0.7879,32.3245
2021-06-01,Uganda,Kampala,cereals and tubers,Beans,KG,UGX,Retail,8771.71,2.3707,2.0911,34.1961
2021-07-01,Uganda,Kampala,cereals and tubers,Beans,KG,UGX,Retail,9455.96,2.5557,2.6873,30.6424
2021-08-01,Uganda,Kampala,cereals and tubers,Beans,KG,UGX,Retail,9907.23,2.6776,2.5465,34.8931
2021-09-01,Uganda,Kampala,cereals and tubers,Beans,KG,UGX,Retail,9281.89,2.5086,-1.1893,32.9281
2021-10-01,Uganda,Kampala,cereals and tubers,Beans,KG,UGX,Retail,8989.53,2.4296,3.5396,33.4317
2021-11-01,Uganda,Kampala,cereals and tubers,Beans,KG,UGX,Retail,8483.43,2.2928,-0.9772,30.5911
2021-12-01,Uganda,Kampala,cereals and tubers,Beans,KG,UGX,Retail,7111.57,1.922,1.1138,33.834
2022-01-01,Uganda,Kampala,cereals and tubers,Beans,KG,UGX,Retail,6352.83,1.717,1.7628,30.3837
2022-02-01,Uganda,Kampala,cereals and tubers,Beans,KG,UGX,Retail,6406.95,1.7316,0.2177,32.7213
2022-03-01,Uganda,Kampala,cereals and tubers,Beans,KG,UGX,Retail,6792.25,1.8357,2.2006,34.6792
2022-04-01,Uganda,Kampala,cereals and tubers,Beans,KG,UGX,Retail,7385.01,1.9959,1.3976,31.7818
2022-05-01,Uganda,Kampala,cereals and tubers,Beans,KG,UGX,Retail,9005.33,2.4339,-0.8205,30.3241
2022-06-01,Uganda,Kampala,cereals and tubers,Beans,KG,UGX,Retail,10232.17,2.7655,0.2368,31.9107
2022-07-01,Uganda,Kampala,cereals and tubers,Beans,KG,UGX,Retail,11557.53,3.1237,2.1174,31.8238
2022-08-01,Uganda,Kampala,cereals and tubers,Beans,KG,UGX,Retail,11816.04,3.1935,-0.2595,32.7769
2022-09-01,Uganda,Kampala,cereals and tubers,Beans,KG,UGX,Retail,11227.66,3.0345,-1.2945,31.8594
2022-10-01,Uganda,Kampala,cereals and tubers,Beans,KG,UGX,Retail,11650.76,3.1489,-0.2141,32.6913
2022-11-01,Uganda,Kampala,cereals and tubers,Beans,KG,UGX,Retail,10689.82,2.8891,2.5014,33.0989
2022-12-01,Uganda,Kampala,cereals and tubers,Beans,KG,UGX,Retail,9555.3,2.5825,0.3024,33.8521
2023-01-01,Uganda,Kampala,cereals and tubers,Beans,KG,UGX,Retail,9075.75,2.4529,0.9591,32.9805
2023-02-01,Uganda,Kampala,cereals and tubers,Beans,KG,UGX,Retail,9701.29,2.622,1.4226,33.5782
2023-03-01,Uganda,Kampala,cereals and tubers,Beans,KG,UGX,Retail,9808.39,2.6509,3.75,32.3196
2023-04-01,Uganda,Kampala,cereals and tubers,Beans,KG,UGX,Retail,10374.63,2.804,3.0593,31.298
2023-05-01,Uganda,Kampala,cereals and tubers,Beans,KG,UGX,Retail,11035.72,2.9826,1.3166,30.2256
2023-06-01,Uganda,Kampala,cereals and tubers,Beans,KG,UGX,Retail,12853.51,3.4739,3.2994,29.9001
2023-07-01,Uganda,Kampala,cereals and tubers,Beans,KG,UGX,Retail,14076.19,3.8044,0.4045,30.5342
2023-08-01,Uganda,Kampala,cereals and tubers,Beans,KG,UGX,Retail,15719.2,4.2484,2.7333,29.6793
2023-09-01,Uganda,Kampala,cereals and tubers,Beans,KG,UGX,Retail,14245.57,3.8502,3.3823,31.6102
2023-10-01,Uganda,Kampala,cereals and tubers,Beans,KG,UGX,Retail,14080.22,3.8055,1.9248,30.2462
2023-11-01,Uganda,Kampala,cereals and tubers,Beans,KG,UGX,Retail,10815.94,2.9232,3.963,34.9755
2023-12-01,Uganda,Kampala,cereals and tubers,Beans,KG,UGX,Retail,9787.56,2.6453,0.2725,33.3134
2024-01-01,Uganda,Kampala,cereals and tubers,Beans,KG,UGX,Retail,8137.92,2.1994,0.7107,33.0608
2024-02-01,Uganda,Kampala,cereals and tubers,Beans,KG,UGX,Retail,7665.72,2.0718,-0.3084,32.4355
2024-03-01,Uganda,Kampala,cereals and tubers,Beans,KG,UGX,Retail,7972.85,2.1548,-0.5543,34.116
2024-04-01,Uganda,Kampala,cereals and tubers,Beans,KG,UGX,Retail,9198.35,2.486,1.669,34.131
2024-05-01,Uganda,Kampala,cereals and tubers,Beans,KG,UGX,Retail,10902.16,2.9465,-0.6929,32.0205
2024-06-01,Uganda,Kampala,cereals and tubers,Beans,KG,UGX,Retail,12017.06,3.2479,-1.0437,33.6788
2024-07-01,Uganda,Kampala,cereals and tubers,Beans,KG,UGX,Retail,13523.65,3.655,1.1752,30.4136
2024-08-01,Uganda,Kampala,cereals and tubers,Beans,KG,UGX,Retail,13748.41,3.7158,3.6705,29.8411
2024-09-01,Uganda,Kampala,cereals and tubers,Beans,KG,UGX,Retail,12753.61,3.4469,0.1647,32.2471
2024-10-01,Uganda,Kampala,cereals and tubers,Beans,KG,UGX,Retail,12757.97,3.4481,1.3118,30.0542
2024-11-01,Uganda,Kampala,cereals and tubers,Beans,KG,UGX,Retail,10535.48,2.8474,3.3085,33.043
2024-12-01,Uganda,Kampala,cereals and tubers,Beans,KG,UGX,Retail,9247.26,2.4993,2.3202,33.7197
2025-01-01,Uganda,Kampala,cereals and tubers,Beans,KG,UGX,Retail,8424.38,2.2769,0.5897,32.5134
2025-02-01,Uganda,Kampala,cereals and tubers,Beans,KG,UGX,Retail,8233.93,2.2254,3.3135,32.2059
2025-03-01,Uganda,Kampala,cereals and tubers,Beans,KG,UGX,Retail,8409.73,2.2729,3.3565,32.3259
2025-04-01,Uganda,Kampala,cereals and tubers,Beans,KG,UGX,Retail,8833.92,2.3875,1.8466,34.1915
2025-05-01,Uganda,Kampala,cereals and tubers,Beans,KG,UGX,Retail,9204.0,2.4876,1.3433,32.4696
2025-06-01,Uganda,Kampala,cereals and tubers,Beans,KG,UGX,Retail,9913.75,2.6794,0.7717,34.5536
2025-07-01,Uganda,Kampala,cereals and tubers,Beans,KG,UGX,Retail,11042.6,2.9845,-0.4882,31.4298
2025-08-01,Uganda,Kampala,cereals and tubers,Beans,KG,UGX,Retail,12216.0,3.3016,-1.3585,34.6083
2025-09-01,Uganda,Kampala,cereals and tubers,Beans,KG,UGX,Retail,12631.73,3.414,0.2529,32.8318
2025-10-01,Uganda,Kampala,cereals and tubers,Beans,KG,UGX,Retail,11909.6,3.2188,0.0847,33.3964
2025-11-01,Uganda,Kampala,cereals and tubers,Beans,KG,UGX,Retail,10842.54,2.9304,4.0963,32.9499
2025-12-01,Uganda,Kampala,cereals and tubers,Beans,KG,UGX,Retail,10202.01,2.7573,2.8402,34.478
2026-01-01,Uganda,Kampala,cereals and tubers,Beans,KG,UGX,Retail,8091.97,2.187,3.9903,33.8228
2026-02-01,Uganda,Kampala,cereals and tubers,Beans,KG,UGX,Retail,7245.01,1.9581,-0.8496,33.555
2026-03-01,Uganda,Kampala,cereals and tubers,Beans,KG,UGX,Retail,6862.66,1.8548,1.6527,33.1322
2026-04-01,Uganda,Kampala,cereals and tubers,Beans,KG,UGX,Retail,7910.99,2.1381,4.1121,31.1564
2026-05-01,Uganda,Kampala,cereals and tubers,Beans,KG,UGX,Retail,9589.71,2.5918,2.7749,31.4711
2026-06-01,Uganda,Kampala,cereals and tubers,Beans,KG,UGX,Retail,9916.83,2.6802,-1.2666,33.7977
2026-07-01,Uganda,Kampala,cereals and tubers,Beans,KG,UGX,Retail,10731.07,2.9003,4.1176,32.1109
2018-01-01,Uganda,Kampala,cereals and tubers,Rice,KG,UGX,Retail,3535.62,0.9556,0.846,33.8859
2018-02-01,Uganda,Kampala,cereals and tubers,Rice,KG,UGX,Retail,3504.73,0.9472,1.6661,33.9311
2018-03-01,Uganda,Kampala,cereals and tubers,Rice,KG,UGX,Retail,3598.85,0.9727,3.1887,29.7996
2018-04-01,Uganda,Kampala,cereals and tubers,Rice,KG,UGX,Retail,3596.64,0.9721,-1.2224,30.1901
2018-05-01,Uganda,Kampala,cereals and tubers,Rice,KG,UGX,Retail,4031.22,1.0895,2.5656,33.7781
2018-06-01,Uganda,Kampala,cereals and tubers,Rice,KG,UGX,Retail,4406.57,1.191,2.7148,33.9247
2018-07-01,Uganda,Kampala,cereals and tubers,Rice,KG,UGX,Retail,4940.18,1.3352,-0.1631,32.9582
2018-08-01,Uganda,Kampala,cereals and tubers,Rice,KG,UGX,Retail,5183.19,1.4009,-1.4743,32.379
2018-09-01,Uganda,Kampala,cereals and tubers,Rice,KG,UGX,Retail,5095.32,1.3771,-1.3312,31.7673
2018-10-01,Uganda,Kampala,cereals and tubers,Rice,KG,UGX,Retail,4746.01,1.2827,2.3282,30.8834
2018-11-01,Uganda,Kampala,cereals and tubers,Rice,KG,UGX,Retail,3892.89,1.0521,0.4838,34.2081
2018-12-01,Uganda,Kampala,cereals and tubers,Rice,KG,UGX,Retail,3395.38,0.9177,1.8648,31.7435
2019-01-01,Uganda,Kampala,cereals and tubers,Rice,KG,UGX,Retail,3029.23,0.8187,3.5534,30.613
2019-02-01,Uganda,Kampala,cereals and tubers,Rice,KG,UGX,Retail,2928.08,0.7914,0.449,33.4753
2019-03-01,Uganda,Kampala,cereals and tubers,Rice,KG,UGX,Retail,3024.19,0.8173,4.1928,31.2004
2019-04-01,Uganda,Kampala,cereals and tubers,Rice,KG,UGX,Retail,3185.46,0.8609,-0.7201,32.7043
2019-05-01,Uganda,Kampala,cereals and tubers,Rice,KG,UGX,Retail,3309.44,0.8944,0.7365,34.5426
2019-06-01,Uganda,Kampala,cereals and tubers,Rice,KG,UGX,Retail,3988.91,1.0781,-0.7341,31.573
2019-07-01,Uganda,Kampala,cereals and tubers,Rice,KG,UGX,Retail,4248.35,1.1482,-0.3487,29.6954
2019-08-01,Uganda,Kampala,cereals and tubers,Rice,KG,UGX,Retail,4384.52,1.185,2.1169,31.4538
2019-09-01,Uganda,Kampala,cereals and tubers,Rice,KG,UGX,Retail,4359.15,1.1781,3.9675,33.6606
2019-10-01,Uganda,Kampala,cereals and tubers,Rice,KG,UGX,Retail,3984.41,1.0769,0.1219,34.4438
2019-11-01,Uganda,Kampala,cereals and tubers,Rice,KG,UGX,Retail,3363.47,0.909,0.3545,34.5089
2019-12-01,Uganda,Kampala,cereals and tubers,Rice,KG,UGX,Retail,2920.51,0.7893,2.7312,32.79
2020-01-01,Uganda,Kampala,cereals and tubers,Rice,KG,UGX,Retail,2660.74,0.7191,0.2065,30.9034
2020-02-01,Uganda,Kampala,cereals and tubers,Rice,KG,UGX,Retail,2596.08,0.7016,-0.614,34.3213
2020-03-01,Uganda,Kampala,cereals and tubers,Rice,KG,UGX,Retail,2650.52,0.7164,1.7005,33.8767
2020-04-01,Uganda,Kampala,cereals and tubers,Rice,KG,UGX,Retail,2809.92,0.7594,0.9988,32.1718
2020-05-01,Uganda,Kampala,cereals and tubers,Rice,KG,UGX,Retail,3268.44,0.8834,2.3452,33.999
2020-06-01,Uganda,Kampala,cereals and tubers,Rice,KG,UGX,Retail,3615.01,0.977,2.9893,30.6
2020-07-01,Uganda,Kampala,cereals and tubers,Rice,KG,UGX,Retail,4135.47,1.1177,-0.9192,33.1258
2020-08-01,Uganda,Kampala,cereals and tubers,Rice,KG,UGX,Retail,4341.53,1.1734,1.4226,31.9381
2020-09-01,Uganda,Kampala,cereals and tubers,Rice,KG,UGX,Retail,4525.46,1.2231,3.9707,30.1562
2020-10-01,Uganda,Kampala,cereals and tubers,Rice,KG,UGX,Retail,4155.69,1.1232,-0.0974,29.9539
2020-11-01,Uganda,Kampala,cereals and tubers,Rice,KG,UGX,Retail,3619.16,0.9782,1.4417,31.2879
2020-12-01,Uganda,Kampala,cereals and tubers,Rice,KG,UGX,Retail,3175.9,0.8584,-0.8639,31.6763
2021-01-01,Uganda,Kampala,cereals and tubers,Rice,KG,UGX,Retail,2976.84,0.8046,2.4797,30.7179
2021-02-01,Uganda,Kampala,cereals and tubers,Rice,KG,UGX,Retail,2875.23,0.7771,0.7465,31.8497
2021-03-01,Uganda,Kampala,cereals and tubers,Rice,KG,UGX,Retail,2892.24,0.7817,-0.8612,34.2589
2021-04-01,Uganda,Kampala,cereals and tubers,Rice,KG,UGX,Retail,3084.11,0.8335,1.3966,32.2433
2021-05-01,Uganda,Kampala,cereals and tubers,Rice,KG,UGX,Retail,3225.62,0.8718,0.9586,33.8151
2021-06-01,Uganda,Kampala,cereals and tubers,Rice,KG,UGX,Retail,3496.56,0.945,-0.016,31.3414
2021-07-01,Uganda,Kampala,cereals and tubers,Rice,KG,UGX,Retail,3552.51,0.9601,1.2352,33.2896
2021-08-01,Uganda,Kampala,cereals and tubers,Rice,KG,UGX,Retail,3997.55,1.0804,0.3852,34.6241
2021-09-01,Uganda,Kampala,cereals and tubers,Rice,KG,UGX,Retail,3851.25,1.0409,1.1264,33.4424
2021-10-01,Uganda,Kampala,cereals and tubers,Rice,KG,UGX,Retail,3651.43,0.9869,-1.23,30.3463
2021-11-01,Uganda,Kampala,cereals and tubers,Rice,KG,UGX,Retail,3327.36,0.8993,-1.4472,30.6169
2021-12-01,Uganda,Kampala,cereals and tubers,Rice,KG,UGX,Retail,3036.1,0.8206,-0.8694,32.9488
2022-01-01,Uganda,Kampala,cereals and tubers,Rice,KG,UGX,Retail,2840.94,0.7678,1.7445,32.7871
2022-02-01,Uganda,Kampala,cereals and tubers,Rice,KG,UGX,Retail,2500.22,0.6757,-1.473,34.2082
2022-03-01,Uganda,Kampala,cereals and tubers,Rice,KG,UGX,Retail,2685.93,0.7259,-0.5724,33.7739
2022-04-01,Uganda,Kampala,cereals and tubers,Rice,KG,UGX,Retail,2769.43,0.7485,-0.0507,34.5615
2022-05-01,Uganda,Kampala,cereals and tubers,Rice,KG,UGX,Retail,2959.79,0.7999,1.9395,34.9171
2022-06-01,Uganda,Kampala,cereals and tubers,Rice,KG,UGX,Retail,3478.42,0.9401,3.135,31.3194
2022-07-01,Uganda,Kampala,cereals and tubers,Rice,KG,UGX,Retail,3957.32,1.0695,1.9242,30.7683
2022-08-01,Uganda,Kampala,cereals and tubers,Rice,KG,UGX,Retail,4322.33,1.1682,0.3105,30.0218
2022-09-01,Uganda,Kampala,cereals and tubers,Rice,KG,UGX,Retail,4405.74,1.1907,0.4749,29.7028
2022-10-01,Uganda,Kampala,cereals and tubers,Rice,KG,UGX,Retail,4081.1,1.103,2.6335,33.4237
2022-11-01,Uganda,Kampala,cereals and tubers,Rice,KG,UGX,Retail,3919.15,1.0592,0.3078,34.4061
2022-12-01,Uganda,Kampala,cereals and tubers,Rice,KG,UGX,Retail,3646.84,0.9856,-0.7816,30.3761
2023-01-01,Uganda,Kampala,cereals and tubers,Rice,KG,UGX,Retail,3154.02,0.8524,-0.5142,32.3394
2023-02-01,Uganda,Kampala,cereals and tubers,Rice,KG,UGX,Retail,2838.09,0.7671,-1.4772,29.6895
2023-03-01,Uganda,Kampala,cereals and tubers,Rice,KG,UGX,Retail,3048.89,0.824,1.8324,30.2853
2023-04-01,Uganda,Kampala,cereals and tubers,Rice,KG,UGX,Retail,3282.97,0.8873,3.5182,32.4955
2023-05-01,Uganda,Kampala,cereals and tubers,Rice,KG,UGX,Retail,3499.41,0.9458,0.0572,29.8728
2023-06-01,Uganda,Kampala,cereals and tubers,Rice,KG,UGX,Retail,3759.6,1.0161,0.1801,33.1836
2023-07-01,Uganda,Kampala,cereals and tubers,Rice,KG,UGX,Retail,3897.15,1.0533,-1.3965,32.8169
2023-08-01,Uganda,Kampala,cereals and tubers,Rice,KG,UGX,Retail,4322.7,1.1683,3.4812,30.9698
2023-09-01,Uganda,Kampala,cereals and tubers,Rice,KG,UGX,Retail,4212.65,1.1386,1.6552,31.7393
2023-10-01,Uganda,Kampala,cereals and tubers,Rice,KG,UGX,Retail,4042.05,1.0924,2.6369,32.6615
2023-11-01,Uganda,Kampala,cereals and tubers,Rice,KG,UGX,Retail,3627.22,0.9803,4.1055,31.8641
2023-12-01,Uganda,Kampala,cereals and tubers,Rice,KG,UGX,Retail,3238.66,0.8753,-1.4289,33.8986
2024-01-01,Uganda,Kampala,cereals and tubers,Rice,KG,UGX,Retail,2948.46,0.7969,0.8254,30.108
2024-02-01,Uganda,Kampala,cereals and tubers,Rice,KG,UGX,Retail,2821.96,0.7627,0.7515,33.2859
2024-03-01,Uganda,Kampala,cereals and tubers,Rice,KG,UGX,Retail,2869.21,0.7755,3.9808,30.5636
2024-04-01,Uganda,Kampala,cereals and tubers,Rice,KG,UGX,Retail,3225.97,0.8719,3.3962,34.5279
2024-05-01,Uganda,Kampala,cereals and tubers,Rice,KG,UGX,Retail,3427.95,0.9265,1.1779,33.5609
2024-06-01,Uganda,Kampala,cereals and tubers,Rice,KG,UGX,Retail,3868.22,1.0455,0.6606,32.3919
2024-07-01,Uganda,Kampala,cereals and tubers,Rice,KG,UGX,Retail,4493.38,1.2144,2.6675,33.828
2024-08-01,Uganda,Kampala,cereals and tubers,Rice,KG,UGX,Retail,5074.31,1.3714,-0.9037,34.4815
2024-09-01,Uganda,Kampala,cereals and tubers,Rice,KG,UGX,Retail,4962.77,1.3413,3.0492,30.1393
2024-10-01,Uganda,Kampala,cereals and tubers,Rice,KG,UGX,Retail,4946.35,1.3369,2.7385,29.725
2024-11-01,Uganda,Kampala,cereals and tubers,Rice,KG,UGX,Retail,4779.51,1.2918,0.6497,33.4843
2024-12-01,Uganda,Kampala,cereals and tubers,Rice,KG,UGX,Retail,4218.22,1.1401,0.7494,31.3233
2025-01-01,Uganda,Kampala,cereals and tubers,Rice,KG,UGX,Retail,4257.65,1.1507,1.8116,31.8094
2025-02-01,Uganda,Kampala,cereals and tubers,Rice,KG,UGX,Retail,4174.31,1.1282,3.8317,32.1253
2025-03-01,Uganda,Kampala,cereals and tubers,Rice,KG,UGX,Retail,4344.31,1.1741,0.6501,31.7282
2025-04-01,Uganda,Kampala,cereals and tubers,Rice,KG,UGX,Retail,4637.02,1.2532,-0.5716,33.2966
2025-05-01,Uganda,Kampala,cereals and tubers,Rice,KG,UGX,Retail,4777.64,1.2913,3.9429,30.9154
2025-06-01,Uganda,Kampala,cereals and tubers,Rice,KG,UGX,Retail,5094.11,1.3768,2.795,34.3576
2025-07-01,Uganda,Kampala,cereals and tubers,Rice,KG,UGX,Retail,5512.5,1.4899,-0.3481,30.6031
2025-08-01,Uganda,Kampala,cereals and tubers,Rice,KG,UGX,Retail,5791.1,1.5652,1.17,31.001
2025-09-01,Uganda,Kampala,cereals and tubers,Rice,KG,UGX,Retail,5889.31,1.5917,1.2445,34.7804
2025-10-01,Uganda,Kampala,cereals and tubers,Rice,KG,UGX,Retail,5584.74,1.5094,1.3244,30.1977
2025-11-01,Uganda,Kampala,cereals and tubers,Rice,KG,UGX,Retail,5034.22,1.3606,0.1802,33.7299
2025-12-01,Uganda,Kampala,cereals and tubers,Rice,KG,UGX,Retail,4453.94,1.2038,3.6394,34.9167
2026-01-01,Uganda,Kampala,cereals and tubers,Rice,KG,UGX,Retail,3849.39,1.0404,3.9321,29.9878
2026-02-01,Uganda,Kampala,cereals and tubers,Rice,KG,UGX,Retail,3681.16,0.9949,0.2355,32.5857
2026-03-01,Uganda,Kampala,cereals and tubers,Rice,KG,UGX,Retail,3357.28,0.9074,3.321,32.9305
2026-04-01,Uganda,Kampala,cereals and tubers,Rice,KG,UGX,Retail,3506.71,0.9478,-0.5577,30.9676
2026-05-01,Uganda,Kampala,cereals and tubers,Rice,KG,UGX,Retail,3850.5,1.0407,3.356,32.7548
2026-06-01,Uganda,Kampala,cereals and tubers,Rice,KG,UGX,Retail,4199.95,1.1351,0.1874,31.6048
2026-07-01,Uganda,Kampala,cereals and tubers,Rice,KG,UGX,Retail,4734.44,1.2796,2.8321,33.7707
2018-01-01,Uganda,Kampala,cereals and tubers,Cassava,KG,UGX,Retail,784.5,0.212,3.8668,30.2515
2018-02-01,Uganda,Kampala,cereals and tubers,Cassava,KG,UGX,Retail,732.97,0.1981,-0.9277,31.0285
2018-03-01,Uganda,Kampala,cereals and tubers,Cassava,KG,UGX,Retail,694.02,0.1876,-0.4769,31.8333
2018-04-01,Uganda,Kampala,cereals and tubers,Cassava,KG,UGX,Retail,763.02,0.2062,-0.102,33.4353
2018-05-01,Uganda,Kampala,cereals and tubers,Cassava,KG,UGX,Retail,901.7,0.2437,3.4851,31.4323
2018-06-01,Uganda,Kampala,cereals and tubers,Cassava,KG,UGX,Retail,1046.0,0.2827,-0.0841,30.9219
2018-07-01,Uganda,Kampala,cereals and tubers,Cassava,KG,UGX,Retail,1141.81,0.3086,3.8581,34.3951
2018-08-01,Uganda,Kampala,cereals and tubers,Cassava,KG,UGX,Retail,1179.83,0.3189,1.4507,32.2493
2018-09-01,Uganda,Kampala,cereals and tubers,Cassava,KG,UGX,Retail,1176.33,0.3179,1.5584,31.9466
2018-10-01,Uganda,Kampala,cereals and tubers,Cassava,KG,UGX,Retail,1117.5,0.302,-0.7837,34.7421
2018-11-01,Uganda,Kampala,cereals and tubers,Cassava,KG,UGX,Retail,1072.4,0.2898,3.9333,30.4833
2018-12-01,Uganda,Kampala,cereals and tubers,Cassava,KG,UGX,Retail,980.58,0.265,-0.316,30.9672
2019-01-01,Uganda,Kampala,cereals and tubers,Cassava,KG,UGX,Retail,930.07,0.2514,-0.822,34.551
2019-02-01,Uganda,Kampala,cereals and tubers,Cassava,KG,UGX,Retail,922.78,0.2494,1.9663,32.1111
2019-03-01,Uganda,Kampala,cereals and tubers,Cassava,KG,UGX,Retail,943.5,0.255,1.5318,30.6111
2019-04-01,Uganda,Kampala,cereals and tubers,Cassava,KG,UGX,Retail,844.31,0.2282,3.1644,33.6047
2019-05-01,Uganda,Kampala,cereals and tubers,Cassava,KG,UGX,Retail,849.13,0.2295,-0.6286,34.5716
2019-06-01,Uganda,Kampala,cereals and tubers,Cassava,KG,UGX,Retail,895.95,0.2421,-1.2144,31.449
2019-07-01,Uganda,Kampala,cereals and tubers,Cassava,KG,UGX,Retail,968.92,0.2619,2.0494,33.6545
2019-08-01,Uganda,Kampala,cereals and tubers,Cassava,KG,UGX,Retail,1056.86,0.2856,-0.2919,34.5884
2019-09-01,Uganda,Kampala,cereals and tubers,Cassava,KG,UGX,Retail,1005.03,0.2716,2.1424,29.6125
2019-10-01,Uganda,Kampala,cereals and tubers,Cassava,KG,UGX,Retail,879.43,0.2377,0.1011,29.9351
2019-11-01,Uganda,Kampala,cereals and tubers,Cassava,KG,UGX,Retail,833.43,0.2253,-0.7645,30.4226
2019-12-01,Uganda,Kampala,cereals and tubers,Cassava,KG,UGX,Retail,733.83,0.1983,0.7397,34.578
2020-01-01,Uganda,Kampala,cereals and tubers,Cassava,KG,UGX,Retail,625.41,0.169,2.6392,32.0899
2020-02-01,Uganda,Kampala,cereals and tubers,Cassava,KG,UGX,Retail,578.25,0.1563,1.9183,32.153
2020-03-01,Uganda,Kampala,cereals and tubers,Cassava,KG,UGX,Retail,596.8,0.1613,0.4535,30.5571
2020-04-01,Uganda,Kampala,cereals and tubers,Cassava,KG,UGX,Retail,662.44,0.179,3.3222,29.8174
2020-05-01,Uganda,Kampala,cereals and tubers,Cassava,KG,UGX,Retail,679.14,0.1836,3.5872,33.6479
2020-06-01,Uganda,Kampala,cereals and tubers,Cassava,KG,UGX,Retail,790.98,0.2138,1.5291,33.164
2020-07-01,Uganda,Kampala,cereals and tubers,Cassava,KG,UGX,Retail,920.87,0.2489,3.901,31.5782
2020-08-01,Uganda,Kampala,cereals and tubers,Cassava,KG,UGX,Retail,1053.45,0.2847,0.7979,32.6338
2020-09-01,Uganda,Kampala,cereals and tubers,Cassava,KG,UGX,Retail,1104.94,0.2986,1.4009,34.4983
2020-10-01,Uganda,Kampala,cereals and tubers,Cassava,KG,UGX,Retail,1092.69,0.2953,2.1883,31.4488
2020-11-01,Uganda,Kampala,cereals and tubers,Cassava,KG,UGX,Retail,962.97,0.2603,1.0083,30.2794
2020-12-01,Uganda,Kampala,cereals and tubers,Cassava,KG,UGX,Retail,868.82,0.2348,2.3047,33.1398
2021-01-01,Uganda,Kampala,cereals and tubers,Cassava,KG,UGX,Retail,816.13,0.2206,-1.3873,31.3634
2021-02-01,Uganda,Kampala,cereals and tubers,Cassava,KG,UGX,Retail,833.35,0.2252,2.9355,34.2474
2021-03-01,Uganda,Kampala,cereals and tubers,Cassava,KG,UGX,Retail,790.5,0.2136,2.3067,30.2986
2021-04-01,Uganda,Kampala,cereals and tubers,Cassava,KG,UGX,Retail,830.62,0.2245,-0.7097,31.131
2021-05-01,Uganda,Kampala,cereals and tubers,Cassava,KG,UGX,Retail,940.09,0.2541,3.6889,30.6936
2021-06-01,Uganda,Kampala,cereals and tubers,Cassava,KG,UGX,Retail,1095.59,0.2961,2.4979,34.7458
2021-07-01,Uganda,Kampala,cereals and tubers,Cassava,KG,UGX,Retail,1071.27,0.2895,-0.0459,32.9776
2021-08-01,Uganda,Kampala,cereals and tubers,Cassava,KG,UGX,Retail,1208.57,0.3266,4.0639,31.7583
2021-09-01,Uganda,Kampala,cereals and tubers,Cassava,KG,UGX,Retail,1182.87,0.3197,-1.3676,31.7603
2021-10-01,Uganda,Kampala,cereals and tubers,Cassava,KG,UGX,Retail,1118.97,0.3024,1.9783,31.9973
2021-11-01,Uganda,Kampala,cereals and tubers,Cassava,KG,UGX,Retail,1053.85,0.2848,3.3677,31.34
2021-12-01,Uganda,Kampala,cereals and tubers,Cassava,KG,UGX,Retail,983.35,0.2658,1.292,33.0139
2022-01-01,Uganda,Kampala,cereals and tubers,Cassava,KG,UGX,Retail,849.64,0.2296,-0.108,34.5284
2022-02-01,Uganda,Kampala,cereals and tubers,Cassava,KG,UGX,Retail,827.79,0.2237,3.3069,34.8823
2022-03-01,Uganda,Kampala,cereals and tubers,Cassava,KG,UGX,Retail,776.22,0.2098,2.8586,33.718
2022-04-01,Uganda,Kampala,cereals and tubers,Cassava,KG,UGX,Retail,939.45,0.2539,1.1018,30.8972
2022-05-01,Uganda,Kampala,cereals and tubers,Cassava,KG,UGX,Retail,1052.35,0.2844,0.1491,30.9922
2022-06-01,Uganda,Kampala,cereals and tubers,Cassava,KG,UGX,Retail,1215.23,0.3284,0.8369,30.7818
2022-07-01,Uganda,Kampala,cereals and tubers,Cassava,KG,UGX,Retail,1316.26,0.3557,3.4052,30.5056
2022-08-01,Uganda,Kampala,cereals and tubers,Cassava,KG,UGX,Retail,1399.56,0.3783,0.4159,33.9066
2022-09-01,Uganda,Kampala,cereals and tubers,Cassava,KG,UGX,Retail,1520.52,0.411,-0.7115,33.7814
2022-10-01,Uganda,Kampala,cereals and tubers,Cassava,KG,UGX,Retail,1350.3,0.3649,0.7234,34.9925
2022-11-01,Uganda,Kampala,cereals and tubers,Cassava,KG,UGX,Retail,1156.61,0.3126,-0.6224,31.8831
2022-12-01,Uganda,Kampala,cereals and tubers,Cassava,KG,UGX,Retail,1182.64,0.3196,3.8175,34.8964
2023-01-01,Uganda,Kampala,cereals and tubers,Cassava,KG,UGX,Retail,1080.85,0.2921,-0.7134,33.87
2023-02-01,Uganda,Kampala,cereals and tubers,Cassava,KG,UGX,Retail,1026.02,0.2773,3.5436,33.1826
2023-03-01,Uganda,Kampala,cereals and tubers,Cassava,KG,UGX,Retail,953.22,0.2576,3.2454,30.5523
2023-04-01,Uganda,Kampala,cereals and tubers,Cassava,KG,UGX,Retail,1001.44,0.2707,1.6475,32.3041
2023-05-01,Uganda,Kampala,cereals and tubers,Cassava,KG,UGX,Retail,1161.27,0.3139,2.2203,34.957
2023-06-01,Uganda,Kampala,cereals and tubers,Cassava,KG,UGX,Retail,1397.27,0.3776,-0.9574,33.5304
2023-07-01,Uganda,Kampala,cereals and tubers,Cassava,KG,UGX,Retail,1635.54,0.442,0.3145,32.0905
2023-08-01,Uganda,Kampala,cereals and tubers,Cassava,KG,UGX,Retail,1803.76,0.4875,-1.2069,33.2302
2023-09-01,Uganda,Kampala,cereals and tubers,Cassava,KG,UGX,Retail,1705.8,0.461,2.9885,34.0934
2023-10-01,Uganda,Kampala,cereals and tubers,Cassava,KG,UGX,Retail,1543.24,0.4171,0.875,31.3363
2023-11-01,Uganda,Kampala,cereals and tubers,Cassava,KG,UGX,Retail,1505.62,0.4069,3.0679,32.2528
2023-12-01,Uganda,Kampala,cereals and tubers,Cassava,KG,UGX,Retail,1315.83,0.3556,-0.6797,34.347
2024-01-01,Uganda,Kampala,cereals and tubers,Cassava,KG,UGX,Retail,1260.67,0.3407,-0.6249,32.4827
2024-02-01,Uganda,Kampala,cereals and tubers,Cassava,KG,UGX,Retail,1127.8,0.3048,-1.199,29.6028
2024-03-01,Uganda,Kampala,cereals and tubers,Cassava,KG,UGX,Retail,1088.25,0.2941,2.9154,29.7881
2024-04-01,Uganda,Kampala,cereals and tubers,Cassava,KG,UGX,Retail,1143.71,0.3091,3.1918,30.5072
2024-05-01,Uganda,Kampala,cereals and tubers,Cassava,KG,UGX,Retail,1253.65,0.3388,3.4066,34.0449
2024-06-01,Uganda,Kampala,cereals and tubers,Cassava,KG,UGX,Retail,1392.68,0.3764,3.1694,30.1009
2024-07-01,Uganda,Kampala,cereals and tubers,Cassava,KG,UGX,Retail,1533.26,0.4144,2.7054,30.9902
2024-08-01,Uganda,Kampala,cereals and tubers,Cassava,KG,UGX,Retail,1639.07,0.443,1.3738,33.6514
2024-09-01,Uganda,Kampala,cereals and tubers,Cassava,KG,UGX,Retail,1805.55,0.488,0.5971,30.7836
2024-10-01,Uganda,Kampala,cereals and tubers,Cassava,KG,UGX,Retail,1657.11,0.4479,2.7835,30.2421
2024-11-01,Uganda,Kampala,cereals and tubers,Cassava,KG,UGX,Retail,1533.34,0.4144,-0.4951,30.5469
2024-12-01,Uganda,Kampala,cereals and tubers,Cassava,KG,UGX,Retail,1434.97,0.3878,0.7715,34.9481
2025-01-01,Uganda,Kampala,cereals and tubers,Cassava,KG,UGX,Retail,1313.52,0.355,2.2252,32.0231
2025-02-01,Uganda,Kampala,cereals and tubers,Cassava,KG,UGX,Retail,1250.21,0.3379,3.488,34.8682
2025-03-01,Uganda,Kampala,cereals and tubers,Cassava,KG,UGX,Retail,1088.65,0.2942,-0.4039,30.7923
2025-04-01,Uganda,Kampala,cereals and tubers,Cassava,KG,UGX,Retail,1138.19,0.3076,0.1478,33.5675
2025-05-01,Uganda,Kampala,cereals and tubers,Cassava,KG,UGX,Retail,1196.04,0.3233,1.6402,34.0742
2025-06-01,Uganda,Kampala,cereals and tubers,Cassava,KG,UGX,Retail,1481.78,0.4005,-1.3485,29.8671
2025-07-01,Uganda,Kampala,cereals and tubers,Cassava,KG,UGX,Retail,1542.24,0.4168,1.2713,31.005
2025-08-01,Uganda,Kampala,cereals and tubers,Cassava,KG,UGX,Retail,1554.99,0.4203,2.8201,34.0637
2025-09-01,Uganda,Kampala,cereals and tubers,Cassava,KG,UGX,Retail,1499.41,0.4052,0.6966,31.0618
2025-10-01,Uganda,Kampala,cereals and tubers,Cassava,KG,UGX,Retail,1451.08,0.3922,0.2941,32.6461
2025-11-01,Uganda,Kampala,cereals and tubers,Cassava,KG,UGX,Retail,1251.05,0.3381,-1.1233,29.6058
2025-12-01,Uganda,Kampala,cereals and tubers,Cassava,KG,UGX,Retail,1024.13,0.2768,3.5987,33.09
2026-01-01,Uganda,Kampala,cereals and tubers,Cassava,KG,UGX,Retail,954.74,0.258,3.5745,32.1378
2026-02-01,Uganda,Kampala,cereals and tubers,Cassava,KG,UGX,Retail,953.28,0.2576,3.8326,29.9212
2026-03-01,Uganda,Kampala,cereals and tubers,Cassava,KG,UGX,Retail,1061.46,0.2869,1.8389,30.6556
2026-04-01,Uganda,Kampala,cereals and tubers,Cassava,KG,UGX,Retail,1074.68,0.2905,-0.2797,30.1354
2026-05-01,Uganda,Kampala,cereals and tubers,Cassava,KG,UGX,Retail,1107.15,0.2992,0.9096,30.5511
2026-06-01,Uganda,Kampala,cereals and tubers,Cassava,KG,UGX,Retail,1240.96,0.3354,3.4036,31.3301
2026-07-01,Uganda,Kampala,cereals and tubers,Cassava,KG,UGX,Retail,1324.72,0.358,-1.185,31.5298
2018-01-01,Uganda,Kampala,cereals and tubers,Sorghum,KG,UGX,Retail,1004.57,0.2715,1.9798,30.7091
2018-02-01,Uganda,Kampala,cereals and tubers,Sorghum,KG,UGX,Retail,942.86,0.2548,3.7991,30.1391
2018-03-01,Uganda,Kampala,cereals and tubers,Sorghum,KG,UGX,Retail,893.35,0.2414,-0.8426,32.9457
2018-04-01,Uganda,Kampala,cereals and tubers,Sorghum,KG,UGX,Retail,904.63,0.2445,3.3586,33.6731
2018-05-01,Uganda,Kampala,cereals and tubers,Sorghum,KG,UGX,Retail,1060.19,0.2865,1.4985,34.9821
2018-06-01,Uganda,Kampala,cereals and tubers,Sorghum,KG,UGX,Retail,1149.3,0.3106,0.7872,31.3493
2018-07-01,Uganda,Kampala,cereals and tubers,Sorghum,KG,UGX,Retail,1245.61,0.3367,1.7881,33.9534
2018-08-01,Uganda,Kampala,cereals and tubers,Sorghum,KG,UGX,Retail,1297.8,0.3508,4.0782,32.2927
2018-09-01,Uganda,Kampala,cereals and tubers,Sorghum,KG,UGX,Retail,1310.96,0.3543,0.7659,32.7577
2018-10-01,Uganda,Kampala,cereals and tubers,Sorghum,KG,UGX,Retail,1241.63,0.3356,0.3302,30.6433
2018-11-01,Uganda,Kampala,cereals and tubers,Sorghum,KG,UGX,Retail,1193.61,0.3226,3.437,32.7824
2018-12-01,Uganda,Kampala,cereals and tubers,Sorghum,KG,UGX,Retail,1132.77,0.3062,0.8294,31.9302
2019-01-01,Uganda,Kampala,cereals and tubers,Sorghum,KG,UGX,Retail,1024.53,0.2769,3.7826,34.637
2019-02-01,Uganda,Kampala,cereals and tubers,Sorghum,KG,UGX,Retail,962.19,0.2601,0.3768,32.0357
2019-03-01,Uganda,Kampala,cereals and tubers,Sorghum,KG,UGX,Retail,1030.81,0.2786,1.1324,33.1573
2019-04-01,Uganda,Kampala,cereals and tubers,Sorghum,KG,UGX,Retail,1065.78,0.288,0.3281,31.4669
2019-05-01,Uganda,Kampala,cereals and tubers,Sorghum,KG,UGX,Retail,1182.17,0.3195,-0.9606,30.4967
2019-06-01,Uganda,Kampala,cereals and tubers,Sorghum,KG,UGX,Retail,1389.15,0.3754,0.7179,30.7585
2019-07-01,Uganda,Kampala,cereals and tubers,Sorghum,KG,UGX,Retail,1514.05,0.4092,2.8066,30.9901
2019-08-01,Uganda,Kampala,cereals and tubers,Sorghum,KG,UGX,Retail,1557.82,0.421,3.7868,32.8259
2019-09-01,Uganda,Kampala,cereals and tubers,Sorghum,KG,UGX,Retail,1607.4,0.4344,-1.2003,34.7058
2019-10-01,Uganda,Kampala,cereals and tubers,Sorghum,KG,UGX,Retail,1496.44,0.4044,3.7662,32.7265
2019-11-01,Uganda,Kampala,cereals and tubers,Sorghum,KG,UGX,Retail,1350.9,0.3651,-1.2803,33.2743
2019-12-01,Uganda,Kampala,cereals and tubers,Sorghum,KG,UGX,Retail,1214.93,0.3284,-1.3488,33.6147
2020-01-01,Uganda,Kampala,cereals and tubers,Sorghum,KG,UGX,Retail,994.6,0.2688,1.3296,32.1151
2020-02-01,Uganda,Kampala,cereals and tubers,Sorghum,KG,UGX,Retail,943.36,0.255,2.9839,31.3859
2020-03-01,Uganda,Kampala,cereals and tubers,Sorghum,KG,UGX,Retail,948.49,0.2563,0.6264,32.6514
2020-04-01,Uganda,Kampala,cereals and tubers,Sorghum,KG,UGX,Retail,1019.16,0.2754,-0.5846,33.7845
2020-05-01,Uganda,Kampala,cereals and tubers,Sorghum,KG,UGX,Retail,1029.85,0.2783,1.558,34.8132
2020-06-01,Uganda,Kampala,cereals and tubers,Sorghum,KG,UGX,Retail,1083.12,0.2927,3.3772,30.6131
2020-07-01,Uganda,Kampala,cereals and tubers,Sorghum,KG,UGX,Retail,1154.0,0.3119,3.5054,31.6221
2020-08-01,Uganda,Kampala,cereals and tubers,Sorghum,KG,UGX,Retail,1097.89,0.2967,3.1225,32.2015
2020-09-01,Uganda,Kampala,cereals and tubers,Sorghum,KG,UGX,Retail,1093.17,0.2955,4.0982,32.8789
2020-10-01,Uganda,Kampala,cereals and tubers,Sorghum,KG,UGX,Retail,1088.38,0.2942,0.6089,31.8551
2020-11-01,Uganda,Kampala,cereals and tubers,Sorghum,KG,UGX,Retail,932.32,0.252,3.0301,34.1237
2020-12-01,Uganda,Kampala,cereals and tubers,Sorghum,KG,UGX,Retail,839.9,0.227,0.2316,34.3214
2021-01-01,Uganda,Kampala,cereals and tubers,Sorghum,KG,UGX,Retail,750.92,0.203,1.4666,32.1038
2021-02-01,Uganda,Kampala,cereals and tubers,Sorghum,KG,UGX,Retail,746.35,0.2017,-0.5687,33.209
2021-03-01,Uganda,Kampala,cereals and tubers,Sorghum,KG,UGX,Retail,750.44,0.2028,2.0267,29.8165
2021-04-01,Uganda,Kampala,cereals and tubers,Sorghum,KG,UGX,Retail,833.5,0.2253,1.4768,30.7574
2021-05-01,Uganda,Kampala,cereals and tubers,Sorghum,KG,UGX,Retail,921.17,0.249,-0.4257,31.4584
2021-06-01,Uganda,Kampala,cereals and tubers,Sorghum,KG,UGX,Retail,990.92,0.2678,3.8997,31.787
2021-07-01,Uganda,Kampala,cereals and tubers,Sorghum,KG,UGX,Retail,1120.21,0.3028,4.0542,30.036
2021-08-01,Uganda,Kampala,cereals and tubers,Sorghum,KG,UGX,Retail,1228.48,0.332,3.467,33.0249
2021-09-01,Uganda,Kampala,cereals and tubers,Sorghum,KG,UGX,Retail,1194.46,0.3228,0.9571,29.7939
2021-10-01,Uganda,Kampala,cereals and tubers,Sorghum,KG,UGX,Retail,1104.72,0.2986,4.1632,34.777
2021-11-01,Uganda,Kampala,cereals and tubers,Sorghum,KG,UGX,Retail,1010.12,0.273,2.523,31.2295
2021-12-01,Uganda,Kampala,cereals and tubers,Sorghum,KG,UGX,Retail,890.48,0.2407,-1.2428,34.6537
2022-01-01,Uganda,Kampala,cereals and tubers,Sorghum,KG,UGX,Retail,758.98,0.2051,-0.8302,29.9231
2022-02-01,Uganda,Kampala,cereals and tubers,Sorghum,KG,UGX,Retail,776.4,0.2098,-0.6122,32.4885
2022-03-01,Uganda,Kampala,cereals and tubers,Sorghum,KG,UGX,Retail,764.56,0.2066,1.7345,31.7451
2022-04-01,Uganda,Kampala,cereals and tubers,Sorghum,KG,UGX,Retail,802.55,0.2169,-1.1402,34.8313
2022-05-01,Uganda,Kampala,cereals and tubers,Sorghum,KG,UGX,Retail,924.32,0.2498,-0.4206,31.1447
2022-06-01,Uganda,Kampala,cereals and tubers,Sorghum,KG,UGX,Retail,992.0,0.2681,-0.9626,34.2834
2022-07-01,Uganda,Kampala,cereals and tubers,Sorghum,KG,UGX,Retail,1147.08,0.31,3.2311,34.8698
2022-08-01,Uganda,Kampala,cereals and tubers,Sorghum,KG,UGX,Retail,1244.78,0.3364,3.8773,30.2855
2022-09-01,Uganda,Kampala,cereals and tubers,Sorghum,KG,UGX,Retail,1272.2,0.3438,1.6104,32.5349
2022-10-01,Uganda,Kampala,cereals and tubers,Sorghum,KG,UGX,Retail,1218.46,0.3293,4.0393,33.4061
2022-11-01,Uganda,Kampala,cereals and tubers,Sorghum,KG,UGX,Retail,964.96,0.2608,1.1015,31.6862
2022-12-01,Uganda,Kampala,cereals and tubers,Sorghum,KG,UGX,Retail,790.99,0.2138,0.7316,30.0847
2023-01-01,Uganda,Kampala,cereals and tubers,Sorghum,KG,UGX,Retail,680.41,0.1839,2.9453,32.0088
2023-02-01,Uganda,Kampala,cereals and tubers,Sorghum,KG,UGX,Retail,654.85,0.177,1.9897,29.79
2023-03-01,Uganda,Kampala,cereals and tubers,Sorghum,KG,UGX,Retail,672.01,0.1816,-0.3268,34.869
2023-04-01,Uganda,Kampala,cereals and tubers,Sorghum,KG,UGX,Retail,735.28,0.1987,1.4398,34.6554
2023-05-01,Uganda,Kampala,cereals and tubers,Sorghum,KG,UGX,Retail,767.96,0.2076,-0.1527,29.8652
2023-06-01,Uganda,Kampala,cereals and tubers,Sorghum,KG,UGX,Retail,858.15,0.2319,-1.139,30.6537
2023-07-01,Uganda,Kampala,cereals and tubers,Sorghum,KG,UGX,Retail,981.57,0.2653,3.701,32.501
2023-08-01,Uganda,Kampala,cereals and tubers,Sorghum,KG,UGX,Retail,1046.77,0.2829,-0.3494,33.9232
2023-09-01,Uganda,Kampala,cereals and tubers,Sorghum,KG,UGX,Retail,1153.34,0.3117,3.4256,34.7238
2023-10-01,Uganda,Kampala,cereals and tubers,Sorghum,KG,UGX,Retail,1154.54,0.312,-0.9837,30.82
2023-11-01,Uganda,Kampala,cereals and tubers,Sorghum,KG,UGX,Retail,1085.27,0.2933,3.8905,31.6429
2023-12-01,Uganda,Kampala,cereals and tubers,Sorghum,KG,UGX,Retail,952.31,0.2574,1.5807,30.5872
2024-01-01,Uganda,Kampala,cereals and tubers,Sorghum,KG,UGX,Retail,909.98,0.2459,2.2232,33.2334
2024-02-01,Uganda,Kampala,cereals and tubers,Sorghum,KG,UGX,Retail,891.04,0.2408,-0.1967,33.4983
2024-03-01,Uganda,Kampala,cereals and tubers,Sorghum,KG,UGX,Retail,925.19,0.2501,3.839,30.6147
2024-04-01,Uganda,Kampala,cereals and tubers,Sorghum,KG,UGX,Retail,950.59,0.2569,1.3366,32.4056
2024-05-01,Uganda,Kampala,cereals and tubers,Sorghum,KG,UGX,Retail,1052.39,0.2844,0.989,34.972
2024-06-01,Uganda,Kampala,cereals and tubers,Sorghum,KG,UGX,Retail,1123.37,0.3036,1.2243,31.8775
2024-07-01,Uganda,Kampala,cereals and tubers,Sorghum,KG,UGX,Retail,1267.22,0.3425,1.8799,30.831
2024-08-01,Uganda,Kampala,cereals and tubers,Sorghum,KG,UGX,Retail,1343.62,0.3631,-1.2102,34.8995
2024-09-01,Uganda,Kampala,cereals and tubers,Sorghum,KG,UGX,Retail,1439.42,0.389,3.6115,32.168
2024-10-01,Uganda,Kampala,cereals and tubers,Sorghum,KG,UGX,Retail,1342.92,0.363,3.1866,33.1002
2024-11-01,Uganda,Kampala,cereals and tubers,Sorghum,KG,UGX,Retail,1190.76,0.3218,0.9406,33.0449
2024-12-01,Uganda,Kampala,cereals and tubers,Sorghum,KG,UGX,Retail,1157.68,0.3129,2.0971,31.4774
2025-01-01,Uganda,Kampala,cereals and tubers,Sorghum,KG,UGX,Retail,1059.9,0.2865,2.3296,34.7872
2025-02-01,Uganda,Kampala,cereals and tubers,Sorghum,KG,UGX,Retail,966.33,0.2612,0.923,33.9855
2025-03-01,Uganda,Kampala,cereals and tubers,Sorghum,KG,UGX,Retail,974.21,0.2633,2.6985,32.0824
2025-04-01,Uganda,Kampala,cereals and tubers,Sorghum,KG,UGX,Retail,976.27,0.2639,2.7477,30.3082
2025-05-01,Uganda,Kampala,cereals and tubers,Sorghum,KG,UGX,Retail,1136.53,0.3072,2.0729,33.6353
2025-06-01,Uganda,Kampala,cereals and tubers,Sorghum,KG,UGX,Retail,1270.71,0.3434,0.0537,30.1979
2025-07-01,Uganda,Kampala,cereals and tubers,Sorghum,KG,UGX,Retail,1324.36,0.3579,-0.6198,30.6674
2025-08-01,Uganda,Kampala,cereals and tubers,Sorghum,KG,UGX,Retail,1439.88,0.3892,1.5175,34.3673
2025-09-01,Uganda,Kampala,cereals and tubers,Sorghum,KG,UGX,Retail,1469.46,0.3972,2.5365,30.546
2025-10-01,Uganda,Kampala,cereals and tubers,Sorghum,KG,UGX,Retail,1442.06,0.3897,1.2269,30.3961
2025-11-01,Uganda,Kampala,cereals and tubers,Sorghum,KG,UGX,Retail,1310.39,0.3542,0.2575,30.2873
2025-12-01,Uganda,Kampala,cereals and tubers,Sorghum,KG,UGX,Retail,1129.86,0.3054,2.5187,29.9776
2026-01-01,Uganda,Kampala,cereals and tubers,Sorghum,KG,UGX,Retail,971.14,0.2625,2.9586,33.6391
2026-02-01,Uganda,Kampala,cereals and tubers,Sorghum,KG,UGX,Retail,946.55,0.2558,1.055,34.031
2026-03-01,Uganda,Kampala,cereals and tubers,Sorghum,KG,UGX,Retail,927.35,0.2506,0.5566,30.5523
2026-04-01,Uganda,Kampala,cereals and tubers,Sorghum,KG,UGX,Retail,980.41,0.265,0.7347,30.901
2026-05-01,Uganda,Kampala,cereals and tubers,Sorghum,KG,UGX,Retail,1087.27,0.2939,0.2889,31.0731
2026-06-01,Uganda,Kampala,cereals and tubers,Sorghum,KG,UGX,Retail,1229.11,0.3322,1.0013,31.236
2026-07-01,Uganda,Kampala,cereals and tubers,Sorghum,KG,UGX,Retail,1249.65,0.3377,-0.1548,33.721
2018-01-01,Uganda,Kampala,cereals and tubers,Sweet Potato,KG,UGX,Retail,775.39,0.2096,1.3382,33.0722
2018-02-01,Uganda,Kampala,cereals and tubers,Sweet Potato,KG,UGX,Retail,644.87,0.1743,4.1933,32.913
2018-03-01,Uganda,Kampala,cereals and tubers,Sweet Potato,KG,UGX,Retail,639.52,0.1728,3.6791,33.8738
2018-04-01,Uganda,Kampala,cereals and tubers,Sweet Potato,KG,UGX,Retail,728.25,0.1968,-1.0374,29.6853
2018-05-01,Uganda,Kampala,cereals and tubers,Sweet Potato,KG,UGX,Retail,701.16,0.1895,1.3176,31.7998
2018-06-01,Uganda,Kampala,cereals and tubers,Sweet Potato,KG,UGX,Retail,805.63,0.2177,1.6473,34.1177
2018-07-01,Uganda,Kampala,cereals and tubers,Sweet Potato,KG,UGX,Retail,1007.46,0.2723,-0.2165,33.8822
2018-08-01,Uganda,Kampala,cereals and tubers,Sweet Potato,KG,UGX,Retail,961.43,0.2598,4.1705,34.3137
2018-09-01,Uganda,Kampala,cereals and tubers,Sweet Potato,KG,UGX,Retail,951.84,0.2573,0.2918,31.769
2018-10-01,Uganda,Kampala,cereals and tubers,Sweet Potato,KG,UGX,Retail,894.58,0.2418,1.9559,34.6695
2018-11-01,Uganda,Kampala,cereals and tubers,Sweet Potato,KG,UGX,Retail,716.98,0.1938,1.6749,31.2
2018-12-01,Uganda,Kampala,cereals and tubers,Sweet Potato,KG,UGX,Retail,650.7,0.1759,-0.3874,29.9129
2019-01-01,Uganda,Kampala,cereals and tubers,Sweet Potato,KG,UGX,Retail,565.49,0.1528,0.7964,34.1043
2019-02-01,Uganda,Kampala,cereals and tubers,Sweet Potato,KG,UGX,Retail,513.97,0.1389,-0.406,30.5475
2019-03-01,Uganda,Kampala,cereals and tubers,Sweet Potato,KG,UGX,Retail,543.44,0.1469,0.0089,34.5317
2019-04-01,Uganda,Kampala,cereals and tubers,Sweet Potato,KG,UGX,Retail,584.82,0.1581,2.3629,33.9982
2019-05-01,Uganda,Kampala,cereals and tubers,Sweet Potato,KG,UGX,Retail,611.57,0.1653,0.0744,34.8084
2019-06-01,Uganda,Kampala,cereals and tubers,Sweet Potato,KG,UGX,Retail,696.34,0.1882,0.9508,31.9356
2019-07-01,Uganda,Kampala,cereals and tubers,Sweet Potato,KG,UGX,Retail,774.87,0.2094,2.922,33.768
2019-08-01,Uganda,Kampala,cereals and tubers,Sweet Potato,KG,UGX,Retail,825.98,0.2232,3.2602,30.7506
2019-09-01,Uganda,Kampala,cereals and tubers,Sweet Potato,KG,UGX,Retail,832.82,0.2251,1.7557,34.968
2019-10-01,Uganda,Kampala,cereals and tubers,Sweet Potato,KG,UGX,Retail,804.91,0.2175,-0.3144,32.4021
2019-11-01,Uganda,Kampala,cereals and tubers,Sweet Potato,KG,UGX,Retail,750.87,0.2029,-0.9925,31.7343
2019-12-01,Uganda,Kampala,cereals and tubers,Sweet Potato,KG,UGX,Retail,597.64,0.1615,0.6178,30.6197
2020-01-01,Uganda,Kampala,cereals and tubers,Sweet Potato,KG,UGX,Retail,505.8,0.1367,0.8373,32.1889
2020-02-01,Uganda,Kampala,cereals and tubers,Sweet Potato,KG,UGX,Retail,436.34,0.1179,2.1608,33.3282
2020-03-01,Uganda,Kampala,cereals and tubers,Sweet Potato,KG,UGX,Retail,449.52,0.1215,0.8475,31.7781
2020-04-01,Uganda,Kampala,cereals and tubers,Sweet Potato,KG,UGX,Retail,486.71,0.1315,-0.0985,33.541
2020-05-01,Uganda,Kampala,cereals and tubers,Sweet Potato,KG,UGX,Retail,538.89,0.1456,-0.9426,32.1284
2020-06-01,Uganda,Kampala,cereals and tubers,Sweet Potato,KG,UGX,Retail,553.47,0.1496,-0.4434,32.1047
2020-07-01,Uganda,Kampala,cereals and tubers,Sweet Potato,KG,UGX,Retail,634.44,0.1715,3.0375,34.5011
2020-08-01,Uganda,Kampala,cereals and tubers,Sweet Potato,KG,UGX,Retail,660.6,0.1785,0.0164,31.0803
2020-09-01,Uganda,Kampala,cereals and tubers,Sweet Potato,KG,UGX,Retail,663.08,0.1792,-0.7303,34.6965
2020-10-01,Uganda,Kampala,cereals and tubers,Sweet Potato,KG,UGX,Retail,648.17,0.1752,-0.2193,34.172
2020-11-01,Uganda,Kampala,cereals and tubers,Sweet Potato,KG,UGX,Retail,596.39,0.1612,-1.2998,30.4745
2020-12-01,Uganda,Kampala,cereals and tubers,Sweet Potato,KG,UGX,Retail,529.73,0.1432,2.9626,30.739
2021-01-01,Uganda,Kampala,cereals and tubers,Sweet Potato,KG,UGX,Retail,483.48,0.1307,3.3507,34.1813
2021-02-01,Uganda,Kampala,cereals and tubers,Sweet Potato,KG,UGX,Retail,502.86,0.1359,-1.2119,34.2841
2021-03-01,Uganda,Kampala,cereals and tubers,Sweet Potato,KG,UGX,Retail,467.51,0.1264,2.0278,33.7038
2021-04-01,Uganda,Kampala,cereals and tubers,Sweet Potato,KG,UGX,Retail,498.22,0.1347,2.9508,34.668
2021-05-01,Uganda,Kampala,cereals and tubers,Sweet Potato,KG,UGX,Retail,492.47,0.1331,1.015,34.3341
2021-06-01,Uganda,Kampala,cereals and tubers,Sweet Potato,KG,UGX,Retail,548.04,0.1481,2.7452,34.0307
2021-07-01,Uganda,Kampala,cereals and tubers,Sweet Potato,KG,UGX,Retail,517.02,0.1397,-0.8283,30.887
2021-08-01,Uganda,Kampala,cereals and tubers,Sweet Potato,KG,UGX,Retail,553.41,0.1496,1.3801,32.7463
2021-09-01,Uganda,Kampala,cereals and tubers,Sweet Potato,KG,UGX,Retail,550.75,0.1489,2.9853,34.531
2021-10-01,Uganda,Kampala,cereals and tubers,Sweet Potato,KG,UGX,Retail,562.49,0.152,2.6982,33.261
2021-11-01,Uganda,Kampala,cereals and tubers,Sweet Potato,KG,UGX,Retail,499.78,0.1351,-0.4254,33.8943
2021-12-01,Uganda,Kampala,cereals and tubers,Sweet Potato,KG,UGX,Retail,489.78,0.1324,2.6145,34.5564
2022-01-01,Uganda,Kampala,cereals and tubers,Sweet Potato,KG,UGX,Retail,507.6,0.1372,0.5067,33.0464
2022-02-01,Uganda,Kampala,cereals and tubers,Sweet Potato,KG,UGX,Retail,534.18,0.1444,4.1238,30.1066
2022-03-01,Uganda,Kampala,cereals and tubers,Sweet Potato,KG,UGX,Retail,545.14,0.1473,3.4906,31.1339
2022-04-01,Uganda,Kampala,cereals and tubers,Sweet Potato,KG,UGX,Retail,556.18,0.1503,0.6819,34.8919
2022-05-01,Uganda,Kampala,cereals and tubers,Sweet Potato,KG,UGX,Retail,623.14,0.1684,0.2175,33.759
2022-06-01,Uganda,Kampala,cereals and tubers,Sweet Potato,KG,UGX,Retail,631.51,0.1707,1.9563,33.1558
2022-07-01,Uganda,Kampala,cereals and tubers,Sweet Potato,KG,UGX,Retail,669.79,0.181,-1.3606,30.7889
2022-08-01,Uganda,Kampala,cereals and tubers,Sweet Potato,KG,UGX,Retail,668.75,0.1807,1.7121,32.2763
2022-09-01,Uganda,Kampala,cereals and tubers,Sweet Potato,KG,UGX,Retail,646.15,0.1746,0.4852,34.2715
2022-10-01,Uganda,Kampala,cereals and tubers,Sweet Potato,KG,UGX,Retail,620.76,0.1678,0.7597,34.7038
2022-11-01,Uganda,Kampala,cereals and tubers,Sweet Potato,KG,UGX,Retail,541.12,0.1462,2.7733,30.9911
2022-12-01,Uganda,Kampala,cereals and tubers,Sweet Potato,KG,UGX,Retail,528.96,0.143,2.7526,34.3828
2023-01-01,Uganda,Kampala,cereals and tubers,Sweet Potato,KG,UGX,Retail,532.36,0.1439,1.5284,33.8081
2023-02-01,Uganda,Kampala,cereals and tubers,Sweet Potato,KG,UGX,Retail,578.39,0.1563,-0.1847,29.7468
2023-03-01,Uganda,Kampala,cereals and tubers,Sweet Potato,KG,UGX,Retail,541.07,0.1462,2.5471,33.032
2023-04-01,Uganda,Kampala,cereals and tubers,Sweet Potato,KG,UGX,Retail,542.7,0.1467,1.5302,32.1711
2023-05-01,Uganda,Kampala,cereals and tubers,Sweet Potato,KG,UGX,Retail,585.87,0.1583,2.1505,30.6883
2023-06-01,Uganda,Kampala,cereals and tubers,Sweet Potato,KG,UGX,Retail,653.63,0.1767,3.127,31.4876
2023-07-01,Uganda,Kampala,cereals and tubers,Sweet Potato,KG,UGX,Retail,755.29,0.2041,-0.6961,34.8507
2023-08-01,Uganda,Kampala,cereals and tubers,Sweet Potato,KG,UGX,Retail,812.14,0.2195,3.7548,31.3937
2023-09-01,Uganda,Kampala,cereals and tubers,Sweet Potato,KG,UGX,Retail,848.33,0.2293,-0.2929,30.086
2023-10-01,Uganda,Kampala,cereals and tubers,Sweet Potato,KG,UGX,Retail,732.46,0.198,-1.0936,34.945
2023-11-01,Uganda,Kampala,cereals and tubers,Sweet Potato,KG,UGX,Retail,707.1,0.1911,-0.7445,34.0672
2023-12-01,Uganda,Kampala,cereals and tubers,Sweet Potato,KG,UGX,Retail,605.54,0.1637,2.9142,33.0069
2024-01-01,Uganda,Kampala,cereals and tubers,Sweet Potato,KG,UGX,Retail,574.95,0.1554,2.1393,32.4195
2024-02-01,Uganda,Kampala,cereals and tubers,Sweet Potato,KG,UGX,Retail,578.65,0.1564,1.0501,31.4687
2024-03-01,Uganda,Kampala,cereals and tubers,Sweet Potato,KG,UGX,Retail,582.37,0.1574,-0.5326,33.9015
2024-04-01,Uganda,Kampala,cereals and tubers,Sweet Potato,KG,UGX,Retail,625.61,0.1691,-0.6249,30.9303
2024-05-01,Uganda,Kampala,cereals and tubers,Sweet Potato,KG,UGX,Retail,717.08,0.1938,0.3821,33.3047
2024-06-01,Uganda,Kampala,cereals and tubers,Sweet Potato,KG,UGX,Retail,769.16,0.2079,-1.0569,33.7311
2024-07-01,Uganda,Kampala,cereals and tubers,Sweet Potato,KG,UGX,Retail,828.29,0.2239,-0.2653,33.3201
2024-08-01,Uganda,Kampala,cereals and tubers,Sweet Potato,KG,UGX,Retail,849.45,0.2296,0.1816,32.6717
2024-09-01,Uganda,Kampala,cereals and tubers,Sweet Potato,KG,UGX,Retail,913.65,0.2469,1.6594,32.9581
2024-10-01,Uganda,Kampala,cereals and tubers,Sweet Potato,KG,UGX,Retail,986.86,0.2667,2.0542,30.3294
2024-11-01,Uganda,Kampala,cereals and tubers,Sweet Potato,KG,UGX,Retail,824.57,0.2229,2.3461,33.286
2024-12-01,Uganda,Kampala,cereals and tubers,Sweet Potato,KG,UGX,Retail,682.04,0.1843,1.047,31.8088
2025-01-01,Uganda,Kampala,cereals and tubers,Sweet Potato,KG,UGX,Retail,620.95,0.1678,-0.2325,31.9812
2025-02-01,Uganda,Kampala,cereals and tubers,Sweet Potato,KG,UGX,Retail,690.6,0.1866,-0.1487,34.0806
2025-03-01,Uganda,Kampala,cereals and tubers,Sweet Potato,KG,UGX,Retail,675.43,0.1825,2.8344,32.1518
2025-04-01,Uganda,Kampala,cereals and tubers,Sweet Potato,KG,UGX,Retail,797.4,0.2155,2.0324,34.611
2025-05-01,Uganda,Kampala,cereals and tubers,Sweet Potato,KG,UGX,Retail,811.36,0.2193,1.5133,32.8508
2025-06-01,Uganda,Kampala,cereals and tubers,Sweet Potato,KG,UGX,Retail,998.16,0.2698,-1.0905,32.3847
2025-07-01,Uganda,Kampala,cereals and tubers,Sweet Potato,KG,UGX,Retail,940.11,0.2541,3.7536,32.2649
2025-08-01,Uganda,Kampala,cereals and tubers,Sweet Potato,KG,UGX,Retail,1078.96,0.2916,3.9845,32.0331
2025-09-01,Uganda,Kampala,cereals and tubers,Sweet Potato,KG,UGX,Retail,1106.37,0.299,-0.2636,30.114
2025-10-01,Uganda,Kampala,cereals and tubers,Sweet Potato,KG,UGX,Retail,1046.16,0.2827,0.9621,33.7539
2025-11-01,Uganda,Kampala,cereals and tubers,Sweet Potato,KG,UGX,Retail,834.25,0.2255,-1.3168,32.6779
2025-12-01,Uganda,Kampala,cereals and tubers,Sweet Potato,KG,UGX,Retail,732.03,0.1978,3.8641,30.5038
2026-01-01,Uganda,Kampala,cereals and tubers,Sweet Potato,KG,UGX,Retail,670.62,0.1812,0.3596,33.0644
2026-02-01,Uganda,Kampala,cereals and tubers,Sweet Potato,KG,UGX,Retail,674.94,0.1824,2.83,30.8457
2026-03-01,Uganda,Kampala,cereals and tubers,Sweet Potato,KG,UGX,Retail,699.53,0.1891,1.3512,33.6829
2026-04-01,Uganda,Kampala,cereals and tubers,Sweet Potato,KG,UGX,Retail,791.09,0.2138,4.1933,30.8093
2026-05-01,Uganda,Kampala,cereals and tubers,Sweet Potato,KG,UGX,Retail,893.96,0.2416,-0.0725,31.0195
2026-06-01,Uganda,Kampala,cereals and tubers,Sweet Potato,KG,UGX,Retail,978.57,0.2645,4.1631,34.9475
2026-07-01,Uganda,Kampala,cereals and tubers,Sweet Potato,KG,UGX,Retail,1120.1,0.3027,2.1425,34.2438
2018-01-01,Uganda,Kampala,cereals and tubers,Groundnuts,KG,UGX,Retail,4673.97,1.2632,-0.338,32.4541
2018-02-01,Uganda,Kampala,cereals and tubers,Groundnuts,KG,UGX,Retail,4237.05,1.1451,0.2283,31.975
2018-03-01,Uganda,Kampala,cereals and tubers,Groundnuts,KG,UGX,Retail,4580.05,1.2379,4.1148,34.493
2018-04-01,Uganda,Kampala,cereals and tubers,Groundnuts,KG,UGX,Retail,5059.53,1.3674,0.034,31.3326
2018-05-01,Uganda,Kampala,cereals and tubers,Groundnuts,KG,UGX,Retail,5731.97,1.5492,1.6964,32.3297
2018-06-01,Uganda,Kampala,cereals and tubers,Groundnuts,KG,UGX,Retail,6528.5,1.7645,0.8274,33.6455
2018-07-01,Uganda,Kampala,cereals and tubers,Groundnuts,KG,UGX,Retail,6943.02,1.8765,0.3849,30.287
2018-08-01,Uganda,Kampala,cereals and tubers,Groundnuts,KG,UGX,Retail,7716.19,2.0855,3.348,32.0099
2018-09-01,Uganda,Kampala,cereals and tubers,Groundnuts,KG,UGX,Retail,7014.17,1.8957,2.8282,32.5915
2018-10-01,Uganda,Kampala,cereals and tubers,Groundnuts,KG,UGX,Retail,6514.53,1.7607,0.3033,30.5558
2018-11-01,Uganda,Kampala,cereals and tubers,Groundnuts,KG,UGX,Retail,5939.62,1.6053,0.0677,29.9507
2018-12-01,Uganda,Kampala,cereals and tubers,Groundnuts,KG,UGX,Retail,5379.22,1.4538,1.8158,29.7173
2019-01-01,Uganda,Kampala,cereals and tubers,Groundnuts,KG,UGX,Retail,5091.72,1.3761,-0.6142,32.8755
2019-02-01,Uganda,Kampala,cereals and tubers,Groundnuts,KG,UGX,Retail,4967.02,1.3424,1.0243,29.9877
2019-03-01,Uganda,Kampala,cereals and tubers,Groundnuts,KG,UGX,Retail,5242.15,1.4168,3.5904,29.6595
2019-04-01,Uganda,Kampala,cereals and tubers,Groundnuts,KG,UGX,Retail,5536.91,1.4965,3.6523,32.5673
2019-05-01,Uganda,Kampala,cereals and tubers,Groundnuts,KG,UGX,Retail,6220.48,1.6812,-0.3441,33.1639
2019-06-01,Uganda,Kampala,cereals and tubers,Groundnuts,KG,UGX,Retail,6806.53,1.8396,1.9167,34.747
2019-07-01,Uganda,Kampala,cereals and tubers,Groundnuts,KG,UGX,Retail,6905.46,1.8663,0.2115,32.1771
2019-08-01,Uganda,Kampala,cereals and tubers,Groundnuts,KG,UGX,Retail,7865.65,2.1259,-0.2208,29.8482
2019-09-01,Uganda,Kampala,cereals and tubers,Groundnuts,KG,UGX,Retail,8451.0,2.2841,2.555,29.6996
2019-10-01,Uganda,Kampala,cereals and tubers,Groundnuts,KG,UGX,Retail,7232.52,1.9547,2.1709,32.8962
2019-11-01,Uganda,Kampala,cereals and tubers,Groundnuts,KG,UGX,Retail,6584.45,1.7796,3.12,33.4432
2019-12-01,Uganda,Kampala,cereals and tubers,Groundnuts,KG,UGX,Retail,6115.39,1.6528,1.2076,32.8584
2020-01-01,Uganda,Kampala,cereals and tubers,Groundnuts,KG,UGX,Retail,4950.31,1.3379,-1.2575,30.8074
2020-02-01,Uganda,Kampala,cereals and tubers,Groundnuts,KG,UGX,Retail,4338.2,1.1725,0.8594,30.554
2020-03-01,Uganda,Kampala,cereals and tubers,Groundnuts,KG,UGX,Retail,4143.01,1.1197,3.7764,30.6873
2020-04-01,Uganda,Kampala,cereals and tubers,Groundnuts,KG,UGX,Retail,4546.43,1.2288,-1.3982,34.5948
2020-05-01,Uganda,Kampala,cereals and tubers,Groundnuts,KG,UGX,Retail,4772.66,1.2899,-1.4313,33.7203
2020-06-01,Uganda,Kampala,cereals and tubers,Groundnuts,KG,UGX,Retail,5259.71,1.4215,3.6636,34.8418
2020-07-01,Uganda,Kampala,cereals and tubers,Groundnuts,KG,UGX,Retail,5985.19,1.6176,-1.0545,34.1889
2020-08-01,Uganda,Kampala,cereals and tubers,Groundnuts,KG,UGX,Retail,6746.13,1.8233,2.004,31.8532
2020-09-01,Uganda,Kampala,cereals and tubers,Groundnuts,KG,UGX,Retail,7120.21,1.9244,-0.6246,33.5948
2020-10-01,Uganda,Kampala,cereals and tubers,Groundnuts,KG,UGX,Retail,6386.11,1.726,2.6598,34.1845
2020-11-01,Uganda,Kampala,cereals and tubers,Groundnuts,KG,UGX,Retail,6068.11,1.64,1.406,31.286
2020-12-01,Uganda,Kampala,cereals and tubers,Groundnuts,KG,UGX,Retail,5225.44,1.4123,2.6788,31.5925
2021-01-01,Uganda,Kampala,cereals and tubers,Groundnuts,KG,UGX,Retail,4876.47,1.318,-0.2484,32.1052
2021-02-01,Uganda,Kampala,cereals and tubers,Groundnuts,KG,UGX,Retail,4424.22,1.1957,2.6846,30.7623
2021-03-01,Uganda,Kampala,cereals and tubers,Groundnuts,KG,UGX,Retail,4791.99,1.2951,0.6557,34.1993
2021-04-01,Uganda,Kampala,cereals and tubers,Groundnuts,KG,UGX,Retail,4947.73,1.3372,2.0264,34.604
2021-05-01,Uganda,Kampala,cereals and tubers,Groundnuts,KG,UGX,Retail,5521.81,1.4924,2.4497,34.9315
2021-06-01,Uganda,Kampala,cereals and tubers,Groundnuts,KG,UGX,Retail,6111.97,1.6519,-0.9961,33.2407
2021-07-01,Uganda,Kampala,cereals and tubers,Groundnuts,KG,UGX,Retail,6497.32,1.756,-1.0939,32.1667
2021-08-01,Uganda,Kampala,cereals and tubers,Groundnuts,KG,UGX,Retail,6950.05,1.8784,0.1252,31.4093
2021-09-01,Uganda,Kampala,cereals and tubers,Groundnuts,KG,UGX,Retail,6777.48,1.8318,1.4644,34.1508
2021-10-01,Uganda,Kampala,cereals and tubers,Groundnuts,KG,UGX,Retail,6688.39,1.8077,3.932,33.1143
2021-11-01,Uganda,Kampala,cereals and tubers,Groundnuts,KG,UGX,Retail,5863.96,1.5849,3.545,32.242
2021-12-01,Uganda,Kampala,cereals and tubers,Groundnuts,KG,UGX,Retail,5126.66,1.3856,-0.6297,33.3127
2022-01-01,Uganda,Kampala,cereals and tubers,Groundnuts,KG,UGX,Retail,4729.97,1.2784,0.1336,30.3549
2022-02-01,Uganda,Kampala,cereals and tubers,Groundnuts,KG,UGX,Retail,4383.28,1.1847,0.8618,32.4181
2022-03-01,Uganda,Kampala,cereals and tubers,Groundnuts,KG,UGX,Retail,4347.22,1.1749,-1.3174,32.9177
2022-04-01,Uganda,Kampala,cereals and tubers,Groundnuts,KG,UGX,Retail,4342.43,1.1736,2.2126,30.1868
2022-05-01,Uganda,Kampala,cereals and tubers,Groundnuts,KG,UGX,Retail,4874.35,1.3174,-0.0847,32.0654
2022-06-01,Uganda,Kampala,cereals and tubers,Groundnuts,KG,UGX,Retail,5538.92,1.497,3.1187,31.6403
2022-07-01,Uganda,Kampala,cereals and tubers,Groundnuts,KG,UGX,Retail,6080.21,1.6433,1.883,29.7179
2022-08-01,Uganda,Kampala,cereals and tubers,Groundnuts,KG,UGX,Retail,6547.61,1.7696,0.4655,31.8749
2022-09-01,Uganda,Kampala,cereals and tubers,Groundnuts,KG,UGX,Retail,6163.96,1.6659,2.9621,34.689
2022-10-01,Uganda,Kampala,cereals and tubers,Groundnuts,KG,UGX,Retail,5895.57,1.5934,1.9278,33.7248
2022-11-01,Uganda,Kampala,cereals and tubers,Groundnuts,KG,UGX,Retail,5415.88,1.4638,2.9891,33.0147
2022-12-01,Uganda,Kampala,cereals and tubers,Groundnuts,KG,UGX,Retail,4675.7,1.2637,4.0917,29.8287
2023-01-01,Uganda,Kampala,cereals and tubers,Groundnuts,KG,UGX,Retail,4083.37,1.1036,1.6178,30.3924
2023-02-01,Uganda,Kampala,cereals and tubers,Groundnuts,KG,UGX,Retail,3605.29,0.9744,4.1296,29.6876
2023-03-01,Uganda,Kampala,cereals and tubers,Groundnuts,KG,UGX,Retail,3437.01,0.9289,3.3031,31.3491
2023-04-01,Uganda,Kampala,cereals and tubers,Groundnuts,KG,UGX,Retail,3446.43,0.9315,4.0749,32.1643
2023-05-01,Uganda,Kampala,cereals and tubers,Groundnuts,KG,UGX,Retail,3827.22,1.0344,3.8889,31.0354
2023-06-01,Uganda,Kampala,cereals and tubers,Groundnuts,KG,UGX,Retail,4308.31,1.1644,-0.983,31.8877
2023-07-01,Uganda,Kampala,cereals and tubers,Groundnuts,KG,UGX,Retail,4895.01,1.323,1.3638,34.8441
2023-08-01,Uganda,Kampala,cereals and tubers,Groundnuts,KG,UGX,Retail,5254.32,1.4201,1.3759,34.2415
2023-09-01,Uganda,Kampala,cereals and tubers,Groundnuts,KG,UGX,Retail,4918.43,1.3293,0.0931,34.2196
2023-10-01,Uganda,Kampala,cereals and tubers,Groundnuts,KG,UGX,Retail,4698.47,1.2699,1.5251,34.8732
2023-11-01,Uganda,Kampala,cereals and tubers,Groundnuts,KG,UGX,Retail,4137.96,1.1184,0.218,29.7678
2023-12-01,Uganda,Kampala,cereals and tubers,Groundnuts,KG,UGX,Retail,3684.64,0.9958,-0.359,33.2722
2024-01-01,Uganda,Kampala,cereals and tubers,Groundnuts,KG,UGX,Retail,3480.26,0.9406,2.3464,31.0228
2024-02-01,Uganda,Kampala,cereals and tubers,Groundnuts,KG,UGX,Retail,3436.78,0.9289,0.4885,33.4705
2024-03-01,Uganda,Kampala,cereals and tubers,Groundnuts,KG,UGX,Retail,3333.47,0.9009,0.5594,34.2042
2024-04-01,Uganda,Kampala,cereals and tubers,Groundnuts,KG,UGX,Retail,3667.77,0.9913,-0.2812,34.4605
2024-05-01,Uganda,Kampala,cereals and tubers,Groundnuts,KG,UGX,Retail,3857.63,1.0426,-1.2778,32.2708
2024-06-01,Uganda,Kampala,cereals and tubers,Groundnuts,KG,UGX,Retail,4587.72,1.2399,-0.1407,33.6344
2024-07-01,Uganda,Kampala,cereals and tubers,Groundnuts,KG,UGX,Retail,5110.09,1.3811,3.0996,34.6593
2024-08-01,Uganda,Kampala,cereals and tubers,Groundnuts,KG,UGX,Retail,4982.8,1.3467,2.549,33.4534
2024-09-01,Uganda,Kampala,cereals and tubers,Groundnuts,KG,UGX,Retail,4670.17,1.2622,0.4468,30.4794
2024-10-01,Uganda,Kampala,cereals and tubers,Groundnuts,KG,UGX,Retail,4497.89,1.2156,1.5395,30.5607
2024-11-01,Uganda,Kampala,cereals and tubers,Groundnuts,KG,UGX,Retail,4242.23,1.1465,-1.4195,34.6094
2024-12-01,Uganda,Kampala,cereals and tubers,Groundnuts,KG,UGX,Retail,3722.21,1.006,-1.2745,30.1845
2025-01-01,Uganda,Kampala,cereals and tubers,Groundnuts,KG,UGX,Retail,3449.7,0.9324,0.0613,29.7772
2025-02-01,Uganda,Kampala,cereals and tubers,Groundnuts,KG,UGX,Retail,3471.9,0.9384,-0.4002,31.6446
2025-03-01,Uganda,Kampala,cereals and tubers,Groundnuts,KG,UGX,Retail,3503.16,0.9468,0.4323,31.3708
2025-04-01,Uganda,Kampala,cereals and tubers,Groundnuts,KG,UGX,Retail,3809.54,1.0296,-1.3563,30.6914
2025-05-01,Uganda,Kampala,cereals and tubers,Groundnuts,KG,UGX,Retail,4264.35,1.1525,4.1476,34.614
2025-06-01,Uganda,Kampala,cereals and tubers,Groundnuts,KG,UGX,Retail,4785.04,1.2933,1.5314,31.2987
2025-07-01,Uganda,Kampala,cereals and tubers,Groundnuts,KG,UGX,Retail,5434.44,1.4688,2.8591,34.1591
2025-08-01,Uganda,Kampala,cereals and tubers,Groundnuts,KG,UGX,Retail,5833.89,1.5767,0.9758,33.7411
2025-09-01,Uganda,Kampala,cereals and tubers,Groundnuts,KG,UGX,Retail,6090.27,1.646,0.2582,34.6179
2025-10-01,Uganda,Kampala,cereals and tubers,Groundnuts,KG,UGX,Retail,5266.83,1.4235,4.1673,33.7585
2025-11-01,Uganda,Kampala,cereals and tubers,Groundnuts,KG,UGX,Retail,4363.03,1.1792,2.2405,29.7846
2025-12-01,Uganda,Kampala,cereals and tubers,Groundnuts,KG,UGX,Retail,3812.84,1.0305,3.0556,32.853
2026-01-01,Uganda,Kampala,cereals and tubers,Groundnuts,KG,UGX,Retail,3725.68,1.0069,-0.9421,31.09
2026-02-01,Uganda,Kampala,cereals and tubers,Groundnuts,KG,UGX,Retail,3749.65,1.0134,-1.258,32.0204
2026-03-01,Uganda,Kampala,cereals and tubers,Groundnuts,KG,UGX,Retail,3809.37,1.0296,0.7386,31.8956
2026-04-01,Uganda,Kampala,cereals and tubers,Groundnuts,KG,UGX,Retail,4076.02,1.1016,0.0409,34.4262
2026-05-01,Uganda,Kampala,cereals and tubers,Groundnuts,KG,UGX,Retail,4694.74,1.2688,0.3685,32.3136
2026-06-01,Uganda,Kampala,cereals and tubers,Groundnuts,KG,UGX,Retail,5088.55,1.3753,-0.033,32.3145
2026-07-01,Uganda,Kampala,cereals and tubers,Groundnuts,KG,UGX,Retail,5705.39,1.542,0.506,32.6553
2018-01-01,Uganda,Kampala,cereals and tubers,Millet,KG,UGX,Retail,1382.75,0.3737,3.1963,30.9863
2018-02-01,Uganda,Kampala,cereals and tubers,Millet,KG,UGX,Retail,1468.71,0.3969,2.9729,34.825
2018-03-01,Uganda,Kampala,cereals and tubers,Millet,KG,UGX,Retail,1416.17,0.3827,-0.69,32.4429
2018-04-01,Uganda,Kampala,cereals and tubers,Millet,KG,UGX,Retail,1577.93,0.4265,3.1639,32.7545
2018-05-01,Uganda,Kampala,cereals and tubers,Millet,KG,UGX,Retail,1744.37,0.4715,3.7987,30.222
2018-06-01,Uganda,Kampala,cereals and tubers,Millet,KG,UGX,Retail,2006.97,0.5424,2.6099,29.9178
2018-07-01,Uganda,Kampala,cereals and tubers,Millet,KG,UGX,Retail,2119.44,0.5728,3.1506,29.9646
2018-08-01,Uganda,Kampala,cereals and tubers,Millet,KG,UGX,Retail,2276.18,0.6152,-0.0262,33.1798
2018-09-01,Uganda,Kampala,cereals and tubers,Millet,KG,UGX,Retail,2188.99,0.5916,3.8412,34.4315
2018-10-01,Uganda,Kampala,cereals and tubers,Millet,KG,UGX,Retail,2136.22,0.5774,0.3426,32.7732
2018-11-01,Uganda,Kampala,cereals and tubers,Millet,KG,UGX,Retail,1995.06,0.5392,1.0231,30.444
2018-12-01,Uganda,Kampala,cereals and tubers,Millet,KG,UGX,Retail,1679.38,0.4539,4.1987,32.0589
2019-01-01,Uganda,Kampala,cereals and tubers,Millet,KG,UGX,Retail,1618.0,0.4373,1.2495,34.5807
2019-02-01,Uganda,Kampala,cereals and tubers,Millet,KG,UGX,Retail,1630.93,0.4408,-0.8501,34.62
2019-03-01,Uganda,Kampala,cereals and tubers,Millet,KG,UGX,Retail,1577.8,0.4264,0.2939,31.5179
2019-04-01,Uganda,Kampala,cereals and tubers,Millet,KG,UGX,Retail,1588.0,0.4292,0.8721,30.6262
2019-05-01,Uganda,Kampala,cereals and tubers,Millet,KG,UGX,Retail,1795.34,0.4852,-0.0561,33.4085
2019-06-01,Uganda,Kampala,cereals and tubers,Millet,KG,UGX,Retail,2077.66,0.5615,-1.2791,33.1301
2019-07-01,Uganda,Kampala,cereals and tubers,Millet,KG,UGX,Retail,2565.39,0.6933,2.2361,30.1077
2019-08-01,Uganda,Kampala,cereals and tubers,Millet,KG,UGX,Retail,2592.79,0.7008,2.7665,34.3318
2019-09-01,Uganda,Kampala,cereals and tubers,Millet,KG,UGX,Retail,2592.78,0.7008,0.3249,31.5891
2019-10-01,Uganda,Kampala,cereals and tubers,Millet,KG,UGX,Retail,2523.6,0.6821,0.1922,29.9274
2019-11-01,Uganda,Kampala,cereals and tubers,Millet,KG,UGX,Retail,2156.5,0.5828,-0.0491,31.684
2019-12-01,Uganda,Kampala,cereals and tubers,Millet,KG,UGX,Retail,1723.8,0.4659,-0.0072,32.9855
2020-01-01,Uganda,Kampala,cereals and tubers,Millet,KG,UGX,Retail,1537.03,0.4154,0.4687,32.4831
2020-02-01,Uganda,Kampala,cereals and tubers,Millet,KG,UGX,Retail,1440.61,0.3894,0.6595,32.7726
2020-03-01,Uganda,Kampala,cereals and tubers,Millet,KG,UGX,Retail,1532.15,0.4141,1.4753,34.5129
2020-04-01,Uganda,Kampala,cereals and tubers,Millet,KG,UGX,Retail,1672.08,0.4519,-1.1653,31.9171
2020-05-01,Uganda,Kampala,cereals and tubers,Millet,KG,UGX,Retail,1934.82,0.5229,4.1243,32.0752
2020-06-01,Uganda,Kampala,cereals and tubers,Millet,KG,UGX,Retail,2384.55,0.6445,1.7035,30.2834
2020-07-01,Uganda,Kampala,cereals and tubers,Millet,KG,UGX,Retail,2650.87,0.7165,1.3938,33.5065
2020-08-01,Uganda,Kampala,cereals and tubers,Millet,KG,UGX,Retail,2607.44,0.7047,2.085,32.9072
2020-09-01,Uganda,Kampala,cereals and tubers,Millet,KG,UGX,Retail,2636.06,0.7124,3.302,34.2929
2020-10-01,Uganda,Kampala,cereals and tubers,Millet,KG,UGX,Retail,2524.52,0.6823,1.6703,30.7679
2020-11-01,Uganda,Kampala,cereals and tubers,Millet,KG,UGX,Retail,2537.99,0.6859,2.1959,31.8692
2020-12-01,Uganda,Kampala,cereals and tubers,Millet,KG,UGX,Retail,2120.64,0.5731,0.4324,33.4004
2021-01-01,Uganda,Kampala,cereals and tubers,Millet,KG,UGX,Retail,1819.76,0.4918,-0.9666,34.3954
2021-02-01,Uganda,Kampala,cereals and tubers,Millet,KG,UGX,Retail,1713.43,0.4631,-0.3612,31.1785
2021-03-01,Uganda,Kampala,cereals and tubers,Millet,KG,UGX,Retail,1835.75,0.4961,2.5367,32.8968
2021-04-01,Uganda,Kampala,cereals and tubers,Millet,KG,UGX,Retail,2055.33,0.5555,0.205,29.8134
2021-05-01,Uganda,Kampala,cereals and tubers,Millet,KG,UGX,Retail,2093.84,0.5659,-1.2539,29.6262
2021-06-01,Uganda,Kampala,cereals and tubers,Millet,KG,UGX,Retail,2504.63,0.6769,3.9086,33.6851
2021-07-01,Uganda,Kampala,cereals and tubers,Millet,KG,UGX,Retail,2881.35,0.7787,1.2705,31.9551
2021-08-01,Uganda,Kampala,cereals and tubers,Millet,KG,UGX,Retail,2883.06,0.7792,1.4738,31.9282
2021-09-01,Uganda,Kampala,cereals and tubers,Millet,KG,UGX,Retail,3066.82,0.8289,3.6193,34.9731
2021-10-01,Uganda,Kampala,cereals and tubers,Millet,KG,UGX,Retail,2781.82,0.7518,0.6927,30.5758
2021-11-01,Uganda,Kampala,cereals and tubers,Millet,KG,UGX,Retail,2571.67,0.695,0.1386,30.5425
2021-12-01,Uganda,Kampala,cereals and tubers,Millet,KG,UGX,Retail,2252.01,0.6087,1.3288,34.5639
2022-01-01,Uganda,Kampala,cereals and tubers,Millet,KG,UGX,Retail,2075.35,0.5609,-1.1182,31.7777
2022-02-01,Uganda,Kampala,cereals and tubers,Millet,KG,UGX,Retail,2057.02,0.556,-0.0024,34.9246
2022-03-01,Uganda,Kampala,cereals and tubers,Millet,KG,UGX,Retail,1931.34,0.522,-0.3707,32.6977
2022-04-01,Uganda,Kampala,cereals and tubers,Millet,KG,UGX,Retail,1845.77,0.4989,1.8085,31.6344
2022-05-01,Uganda,Kampala,cereals and tubers,Millet,KG,UGX,Retail,2169.65,0.5864,-0.7101,31.9133
2022-06-01,Uganda,Kampala,cereals and tubers,Millet,KG,UGX,Retail,2492.26,0.6736,3.4489,31.5957
2022-07-01,Uganda,Kampala,cereals and tubers,Millet,KG,UGX,Retail,2910.12,0.7865,-1.1059,30.5197
2022-08-01,Uganda,Kampala,cereals and tubers,Millet,KG,UGX,Retail,3290.62,0.8894,2.6489,31.1555
2022-09-01,Uganda,Kampala,cereals and tubers,Millet,KG,UGX,Retail,3514.34,0.9498,-1.1215,34.2578
2022-10-01,Uganda,Kampala,cereals and tubers,Millet,KG,UGX,Retail,3193.82,0.8632,-0.9931,29.7283
2022-11-01,Uganda,Kampala,cereals and tubers,Millet,KG,UGX,Retail,2806.2,0.7584,3.3657,30.8674
2022-12-01,Uganda,Kampala,cereals and tubers,Millet,KG,UGX,Retail,2428.62,0.6564,0.9296,33.8958
2023-01-01,Uganda,Kampala,cereals and tubers,Millet,KG,UGX,Retail,2412.78,0.6521,1.3538,34.9411
2023-02-01,Uganda,Kampala,cereals and tubers,Millet,KG,UGX,Retail,2313.93,0.6254,3.235,29.8794
2023-03-01,Uganda,Kampala,cereals and tubers,Millet,KG,UGX,Retail,2496.17,0.6746,3.5521,33.1922
2023-04-01,Uganda,Kampala,cereals and tubers,Millet,KG,UGX,Retail,2714.18,0.7336,0.0009,31.8603
2023-05-01,Uganda,Kampala,cereals and tubers,Millet,KG,UGX,Retail,3369.26,0.9106,1.4722,32.096
2023-06-01,Uganda,Kampala,cereals and tubers,Millet,KG,UGX,Retail,4048.64,1.0942,0.2412,30.9546
2023-07-01,Uganda,Kampala,cereals and tubers,Millet,KG,UGX,Retail,3935.3,1.0636,-0.6453,34.3094
2023-08-01,Uganda,Kampala,cereals and tubers,Millet,KG,UGX,Retail,4522.24,1.2222,-0.7374,33.3468
2023-09-01,Uganda,Kampala,cereals and tubers,Millet,KG,UGX,Retail,4335.78,1.1718,-0.146,30.4132
2023-10-01,Uganda,Kampala,cereals and tubers,Millet,KG,UGX,Retail,4094.62,1.1067,-1.2307,33.7162
2023-11-01,Uganda,Kampala,cereals and tubers,Millet,KG,UGX,Retail,4229.22,1.143,-1.2442,33.6396
2023-12-01,Uganda,Kampala,cereals and tubers,Millet,KG,UGX,Retail,3911.61,1.0572,1.8752,33.6828
2024-01-01,Uganda,Kampala,cereals and tubers,Millet,KG,UGX,Retail,3147.11,0.8506,-1.4377,32.814
2024-02-01,Uganda,Kampala,cereals and tubers,Millet,KG,UGX,Retail,2825.73,0.7637,-0.0316,30.6233
2024-03-01,Uganda,Kampala,cereals and tubers,Millet,KG,UGX,Retail,3068.17,0.8292,1.665,32.8208
2024-04-01,Uganda,Kampala,cereals and tubers,Millet,KG,UGX,Retail,3380.01,0.9135,2.7925,34.4197
2024-05-01,Uganda,Kampala,cereals and tubers,Millet,KG,UGX,Retail,3521.61,0.9518,-0.0906,32.6017
2024-06-01,Uganda,Kampala,cereals and tubers,Millet,KG,UGX,Retail,4037.1,1.0911,0.3798,34.6325
2024-07-01,Uganda,Kampala,cereals and tubers,Millet,KG,UGX,Retail,4855.03,1.3122,4.0552,31.8513
2024-08-01,Uganda,Kampala,cereals and tubers,Millet,KG,UGX,Retail,5310.05,1.4351,1.2766,30.1794
2024-09-01,Uganda,Kampala,cereals and tubers,Millet,KG,UGX,Retail,5658.29,1.5293,1.5075,29.9638
2024-10-01,Uganda,Kampala,cereals and tubers,Millet,KG,UGX,Retail,5574.72,1.5067,-0.7941,30.6691
2024-11-01,Uganda,Kampala,cereals and tubers,Millet,KG,UGX,Retail,4997.23,1.3506,-0.9475,34.4615
2024-12-01,Uganda,Kampala,cereals and tubers,Millet,KG,UGX,Retail,3859.08,1.043,-1.1089,33.336
2025-01-01,Uganda,Kampala,cereals and tubers,Millet,KG,UGX,Retail,3488.07,0.9427,2.8169,34.0723
2025-02-01,Uganda,Kampala,cereals and tubers,Millet,KG,UGX,Retail,3436.8,0.9289,1.8412,31.3413
2025-03-01,Uganda,Kampala,cereals and tubers,Millet,KG,UGX,Retail,3583.13,0.9684,3.9547,32.7726
2025-04-01,Uganda,Kampala,cereals and tubers,Millet,KG,UGX,Retail,3956.72,1.0694,0.9916,33.6831
2025-05-01,Uganda,Kampala,cereals and tubers,Millet,KG,UGX,Retail,3943.48,1.0658,-0.5858,30.693
2025-06-01,Uganda,Kampala,cereals and tubers,Millet,KG,UGX,Retail,4517.17,1.2209,1.2438,32.6865
2025-07-01,Uganda,Kampala,cereals and tubers,Millet,KG,UGX,Retail,4902.26,1.3249,0.8044,32.7481
2025-08-01,Uganda,Kampala,cereals and tubers,Millet,KG,UGX,Retail,5391.47,1.4572,2.2468,33.4892
2025-09-01,Uganda,Kampala,cereals and tubers,Millet,KG,UGX,Retail,5506.26,1.4882,3.0044,32.9737
2025-10-01,Uganda,Kampala,cereals and tubers,Millet,KG,UGX,Retail,5366.7,1.4505,1.9553,30.1464
2025-11-01,Uganda,Kampala,cereals and tubers,Millet,KG,UGX,Retail,4913.79,1.3281,1.5062,34.3141
2025-12-01,Uganda,Kampala,cereals and tubers,Millet,KG,UGX,Retail,4229.56,1.1431,-0.9847,32.7983
2026-01-01,Uganda,Kampala,cereals and tubers,Millet,KG,UGX,Retail,3473.41,0.9388,2.6839,34.0682
2026-02-01,Uganda,Kampala,cereals and tubers,Millet,KG,UGX,Retail,3520.07,0.9514,1.8708,31.4284
2026-03-01,Uganda,Kampala,cereals and tubers,Millet,KG,UGX,Retail,3657.34,0.9885,3.4254,33.5059
2026-04-01,Uganda,Kampala,cereals and tubers,Millet,KG,UGX,Retail,3844.21,1.039,0.5989,29.8721
2026-05-01,Uganda,Kampala,cereals and tubers,Millet,KG,UGX,Retail,4293.65,1.1604,-0.3998,31.6163
2026-06-01,Uganda,Kampala,cereals and tubers,Millet,KG,UGX,Retail,4693.26,1.2684,1.3794,30.8681
2026-07-01,Uganda,Kampala,cereals and tubers,Millet,KG,UGX,Retail,4797.63,1.2967,0.4283,34.0049
2018-01-01,Uganda,Gulu,cereals and tubers,Maize,KG,UGX,Retail,1087.2,0.2938,2.9033,33.9346
2018-02-01,Uganda,Gulu,cereals and tubers,Maize,KG,UGX,Retail,983.04,0.2657,0.7922,29.8751
2018-03-01,Uganda,Gulu,cereals and tubers,Maize,KG,UGX,Retail,983.59,0.2658,3.5369,32.4196
2018-04-01,Uganda,Gulu,cereals and tubers,Maize,KG,UGX,Retail,1003.44,0.2712,-0.2931,34.025
2018-05-01,Uganda,Gulu,cereals and tubers,Maize,KG,UGX,Retail,1245.46,0.3366,-1.3069,33.2883
2018-06-01,Uganda,Gulu,cereals and tubers,Maize,KG,UGX,Retail,1452.47,0.3926,3.2262,31.0969
2018-07-01,Uganda,Gulu,cereals and tubers,Maize,KG,UGX,Retail,1584.46,0.4282,3.86,34.6601
2018-08-01,Uganda,Gulu,cereals and tubers,Maize,KG,UGX,Retail,1659.1,0.4484,2.1612,32.098
2018-09-01,Uganda,Gulu,cereals and tubers,Maize,KG,UGX,Retail,1624.35,0.439,-0.8191,30.1225
2018-10-01,Uganda,Gulu,cereals and tubers,Maize,KG,UGX,Retail,1449.62,0.3918,3.2689,30.3875
2018-11-01,Uganda,Gulu,cereals and tubers,Maize,KG,UGX,Retail,1237.39,0.3344,1.6271,30.7617
2018-12-01,Uganda,Gulu,cereals and tubers,Maize,KG,UGX,Retail,1074.18,0.2903,1.7109,31.5877
2019-01-01,Uganda,Gulu,cereals and tubers,Maize,KG,UGX,Retail,969.45,0.262,3.6996,30.4154
2019-02-01,Uganda,Gulu,cereals and tubers,Maize,KG,UGX,Retail,930.67,0.2515,3.6442,34.0771
2019-03-01,Uganda,Gulu,cereals and tubers,Maize,KG,UGX,Retail,938.19,0.2536,2.0348,33.0517
2019-04-01,Uganda,Gulu,cereals and tubers,Maize,KG,UGX,Retail,1035.21,0.2798,-1.4061,34.7737
2019-05-01,Uganda,Gulu,cereals and tubers,Maize,KG,UGX,Retail,1104.54,0.2985,2.9544,31.6373
2019-06-01,Uganda,Gulu,cereals and tubers,Maize,KG,UGX,Retail,1239.42,0.335,1.4055,32.3388
2019-07-01,Uganda,Gulu,cereals and tubers,Maize,KG,UGX,Retail,1429.57,0.3864,0.4364,30.9491
2019-08-01,Uganda,Gulu,cereals and tubers,Maize,KG,UGX,Retail,1540.87,0.4165,0.6391,34.8376
2019-09-01,Uganda,Gulu,cereals and tubers,Maize,KG,UGX,Retail,1501.81,0.4059,0.3221,31.1874
2019-10-01,Uganda,Gulu,cereals and tubers,Maize,KG,UGX,Retail,1490.52,0.4028,1.3459,33.0762
2019-11-01,Uganda,Gulu,cereals and tubers,Maize,KG,UGX,Retail,1211.59,0.3275,0.1258,33.341
2019-12-01,Uganda,Gulu,cereals and tubers,Maize,KG,UGX,Retail,1099.76,0.2972,-0.0044,32.1041
2020-01-01,Uganda,Gulu,cereals and tubers,Maize,KG,UGX,Retail,1013.43,0.2739,2.0207,33.2629
2020-02-01,Uganda,Gulu,cereals and tubers,Maize,KG,UGX,Retail,1024.41,0.2769,1.4445,32.8613
2020-03-01,Uganda,Gulu,cereals and tubers,Maize,KG,UGX,Retail,1016.75,0.2748,-1.2649,30.1397
2020-04-01,Uganda,Gulu,cereals and tubers,Maize,KG,UGX,Retail,1095.24,0.296,4.1747,29.6853
2020-05-01,Uganda,Gulu,cereals and tubers,Maize,KG,UGX,Retail,1184.73,0.3202,2.7807,34.0646
2020-06-01,Uganda,Gulu,cereals and tubers,Maize,KG,UGX,Retail,1368.8,0.3699,2.0335,33.3623
2020-07-01,Uganda,Gulu,cereals and tubers,Maize,KG,UGX,Retail,1642.74,0.444,-0.8029,34.6014
2020-08-01,Uganda,Gulu,cereals and tubers,Maize,KG,UGX,Retail,1735.65,0.4691,3.2663,30.0144
2020-09-01,Uganda,Gulu,cereals and tubers,Maize,KG,UGX,Retail,1800.46,0.4866,-1.4778,32.0044
2020-10-01,Uganda,Gulu,cereals and tubers,Maize,KG,UGX,Retail,1786.28,0.4828,-0.5538,32.0359
2020-11-01,Uganda,Gulu,cereals and tubers,Maize,KG,UGX,Retail,1650.25,0.446,2.8757,34.4229
2020-12-01,Uganda,Gulu,cereals and tubers,Maize,KG,UGX,Retail,1450.05,0.3919,-0.7909,31.1951
2021-01-01,Uganda,Gulu,cereals and tubers,Maize,KG,UGX,Retail,1256.8,0.3397,-0.9942,31.797
2021-02-01,Uganda,Gulu,cereals and tubers,Maize,KG,UGX,Retail,1222.76,0.3305,3.9188,31.8205
2021-03-01,Uganda,Gulu,cereals and tubers,Maize,KG,UGX,Retail,1212.88,0.3278,1.1034,33.6687
2021-04-01,Uganda,Gulu,cereals and tubers,Maize,KG,UGX,Retail,1265.56,0.342,-0.6783,32.9167
2021-05-01,Uganda,Gulu,cereals and tubers,Maize,KG,UGX,Retail,1296.29,0.3503,2.2965,31.4966
2021-06-01,Uganda,Gulu,cereals and tubers,Maize,KG,UGX,Retail,1454.07,0.393,3.1698,32.2613
2021-07-01,Uganda,Gulu,cereals and tubers,Maize,KG,UGX,Retail,1643.8,0.4443,0.0455,32.269
2021-08-01,Uganda,Gulu,cereals and tubers,Maize,KG,UGX,Retail,1819.89,0.4919,3.4071,34.0446
2021-09-01,Uganda,Gulu,cereals and tubers,Maize,KG,UGX,Retail,1861.18,0.503,3.5016,34.7818
2021-10-01,Uganda,Gulu,cereals and tubers,Maize,KG,UGX,Retail,1894.07,0.5119,3.8114,32.6846
2021-11-01,Uganda,Gulu,cereals and tubers,Maize,KG,UGX,Retail,1723.63,0.4658,1.6941,31.4501
2021-12-01,Uganda,Gulu,cereals and tubers,Maize,KG,UGX,Retail,1558.8,0.4213,-0.1245,30.0451
2022-01-01,Uganda,Gulu,cereals and tubers,Maize,KG,UGX,Retail,1499.0,0.4051,3.5602,33.0028
2022-02-01,Uganda,Gulu,cereals and tubers,Maize,KG,UGX,Retail,1442.46,0.3899,0.943,32.1078
2022-03-01,Uganda,Gulu,cereals and tubers,Maize,KG,UGX,Retail,1534.46,0.4147,3.1907,30.6713
2022-04-01,Uganda,Gulu,cereals and tubers,Maize,KG,UGX,Retail,1708.3,0.4617,2.8319,32.7043
2022-05-01,Uganda,Gulu,cereals and tubers,Maize,KG,UGX,Retail,1937.27,0.5236,0.159,34.3607
2022-06-01,Uganda,Gulu,cereals and tubers,Maize,KG,UGX,Retail,2322.28,0.6276,3.0529,33.1887
2022-07-01,Uganda,Gulu,cereals and tubers,Maize,KG,UGX,Retail,2483.37,0.6712,4.1607,31.8689
2022-08-01,Uganda,Gulu,cereals and tubers,Maize,KG,UGX,Retail,2734.31,0.739,2.7441,32.0455
2022-09-01,Uganda,Gulu,cereals and tubers,Maize,KG,UGX,Retail,2905.19,0.7852,0.7482,32.6535
2022-10-01,Uganda,Gulu,cereals and tubers,Maize,KG,UGX,Retail,2876.87,0.7775,-0.2131,34.1398
2022-11-01,Uganda,Gulu,cereals and tubers,Maize,KG,UGX,Retail,2584.23,0.6984,0.7463,30.9283
2022-12-01,Uganda,Gulu,cereals and tubers,Maize,KG,UGX,Retail,2196.32,0.5936,3.0932,34.4339
2023-01-01,Uganda,Gulu,cereals and tubers,Maize,KG,UGX,Retail,2054.46,0.5553,1.7765,32.1233
2023-02-01,Uganda,Gulu,cereals and tubers,Maize,KG,UGX,Retail,2015.66,0.5448,1.0495,31.7527
2023-03-01,Uganda,Gulu,cereals and tubers,Maize,KG,UGX,Retail,1859.12,0.5025,1.8174,32.3053
2023-04-01,Uganda,Gulu,cereals and tubers,Maize,KG,UGX,Retail,2066.39,0.5585,3.1617,33.6265
2023-05-01,Uganda,Gulu,cereals and tubers,Maize,KG,UGX,Retail,2225.09,0.6014,3.0633,34.2097
2023-06-01,Uganda,Gulu,cereals and tubers,Maize,KG,UGX,Retail,2532.0,0.6843,1.8213,31.1407
2023-07-01,Uganda,Gulu,cereals and tubers,Maize,KG,UGX,Retail,2984.4,0.8066,-0.1389,33.2256
2023-08-01,Uganda,Gulu,cereals and tubers,Maize,KG,UGX,Retail,3177.74,0.8588,1.4135,34.7227
2023-09-01,Uganda,Gulu,cereals and tubers,Maize,KG,UGX,Retail,3190.17,0.8622,3.4917,34.9295
2023-10-01,Uganda,Gulu,cereals and tubers,Maize,KG,UGX,Retail,3182.04,0.86,-1.3167,31.7238
2023-11-01,Uganda,Gulu,cereals and tubers,Maize,KG,UGX,Retail,2955.48,0.7988,2.4259,32.4768
2023-12-01,Uganda,Gulu,cereals and tubers,Maize,KG,UGX,Retail,2607.2,0.7046,3.1301,33.4316
2024-01-01,Uganda,Gulu,cereals and tubers,Maize,KG,UGX,Retail,2504.4,0.6769,3.5872,30.8417
2024-02-01,Uganda,Gulu,cereals and tubers,Maize,KG,UGX,Retail,2314.52,0.6255,2.164,34.8488
2024-03-01,Uganda,Gulu,cereals and tubers,Maize,KG,UGX,Retail,2218.57,0.5996,-0.0769,30.3533
2024-04-01,Uganda,Gulu,cereals and tubers,Maize,KG,UGX,Retail,2503.85,0.6767,-0.2095,32.3172
2024-05-01,Uganda,Gulu,cereals and tubers,Maize,KG,UGX,Retail,2708.49,0.732,-1.4308,32.605
2024-06-01,Uganda,Gulu,cereals and tubers,Maize,KG,UGX,Retail,3028.31,0.8185,3.1025,31.5185
2024-07-01,Uganda,Gulu,cereals and tubers,Maize,KG,UGX,Retail,3258.53,0.8807,-0.5428,33.6004
2024-08-01,Uganda,Gulu,cereals and tubers,Maize,KG,UGX,Retail,3410.16,0.9217,-0.721,31.7247
2024-09-01,Uganda,Gulu,cereals and tubers,Maize,KG,UGX,Retail,3390.19,0.9163,-1.4846,31.2133
2024-10-01,Uganda,Gulu,cereals and tubers,Maize,KG,UGX,Retail,3307.02,0.8938,0.4043,31.069
2024-11-01,Uganda,Gulu,cereals and tubers,Maize,KG,UGX,Retail,3047.53,0.8237,-0.4653,32.46
2024-12-01,Uganda,Gulu,cereals and tubers,Maize,KG,UGX,Retail,2889.26,0.7809,1.7792,30.1028
2025-01-01,Uganda,Gulu,cereals and tubers,Maize,KG,UGX,Retail,2658.89,0.7186,-0.5026,33.73
2025-02-01,Uganda,Gulu,cereals and tubers,Maize,KG,UGX,Retail,2628.14,0.7103,2.9617,30.7139
2025-03-01,Uganda,Gulu,cereals and tubers,Maize,KG,UGX,Retail,2661.85,0.7194,1.333,29.7779
2025-04-01,Uganda,Gulu,cereals and tubers,Maize,KG,UGX,Retail,3004.16,0.8119,2.6269,34.1219
2025-05-01,Uganda,Gulu,cereals and tubers,Maize,KG,UGX,Retail,3182.69,0.8602,3.5278,33.9066
2025-06-01,Uganda,Gulu,cereals and tubers,Maize,KG,UGX,Retail,3813.42,1.0307,2.481,33.2404
2025-07-01,Uganda,Gulu,cereals and tubers,Maize,KG,UGX,Retail,4264.58,1.1526,2.2209,34.5632
2025-08-01,Uganda,Gulu,cereals and tubers,Maize,KG,UGX,Retail,4725.03,1.277,0.2999,29.9913
2025-09-01,Uganda,Gulu,cereals and tubers,Maize,KG,UGX,Retail,5009.26,1.3539,1.038,33.2469
2025-10-01,Uganda,Gulu,cereals and tubers,Maize,KG,UGX,Retail,4824.37,1.3039,4.1487,30.4736
2025-11-01,Uganda,Gulu,cereals and tubers,Maize,KG,UGX,Retail,4328.63,1.1699,3.5583,29.8639
2025-12-01,Uganda,Gulu,cereals and tubers,Maize,KG,UGX,Retail,3820.8,1.0326,0.5219,33.1024
2026-01-01,Uganda,Gulu,cereals and tubers,Maize,KG,UGX,Retail,3456.24,0.9341,-0.0195,30.3302
2026-02-01,Uganda,Gulu,cereals and tubers,Maize,KG,UGX,Retail,3422.7,0.9251,-0.9111,33.0441
2026-03-01,Uganda,Gulu,cereals and tubers,Maize,KG,UGX,Retail,3644.67,0.985,-0.2652,33.3362
2026-04-01,Uganda,Gulu,cereals and tubers,Maize,KG,UGX,Retail,3785.79,1.0232,1.5733,34.6488
2026-05-01,Uganda,Gulu,cereals and tubers,Maize,KG,UGX,Retail,4174.02,1.1281,3.2644,30.0058
2026-06-01,Uganda,Gulu,cereals and tubers,Maize,KG,UGX,Retail,4457.34,1.2047,4.1342,34.1716
2026-07-01,Uganda,Gulu,cereals and tubers,Maize,KG,UGX,Retail,4849.19,1.3106,2.0726,31.5078
2018-01-01,Uganda,Gulu,cereals and tubers,Beans,KG,UGX,Retail,3007.4,0.8128,2.8913,34.9904
2018-02-01,Uganda,Gulu,cereals and tubers,Beans,KG,UGX,Retail,3043.17,0.8225,-1.1506,32.8176
2018-03-01,Uganda,Gulu,cereals and tubers,Beans,KG,UGX,Retail,2935.42,0.7934,-0.1048,31.3754
2018-04-01,Uganda,Gulu,cereals and tubers,Beans,KG,UGX,Retail,3313.21,0.8955,-0.4523,30.4951
2018-05-01,Uganda,Gulu,cereals and tubers,Beans,KG,UGX,Retail,3650.36,0.9866,3.4775,33.3449
2018-06-01,Uganda,Gulu,cereals and tubers,Beans,KG,UGX,Retail,4195.25,1.1339,-1.3387,32.6168
2018-07-01,Uganda,Gulu,cereals and tubers,Beans,KG,UGX,Retail,4687.57,1.2669,1.9013,31.9469
2018-08-01,Uganda,Gulu,cereals and tubers,Beans,KG,UGX,Retail,5160.51,1.3947,0.1405,33.2674
2018-09-01,Uganda,Gulu,cereals and tubers,Beans,KG,UGX,Retail,5420.16,1.4649,3.9484,34.8961
2018-10-01,Uganda,Gulu,cereals and tubers,Beans,KG,UGX,Retail,4990.94,1.3489,1.1517,30.788
2018-11-01,Uganda,Gulu,cereals and tubers,Beans,KG,UGX,Retail,4344.85,1.1743,2.6972,30.7986
2018-12-01,Uganda,Gulu,cereals and tubers,Beans,KG,UGX,Retail,4006.93,1.083,1.138,34.0626
2019-01-01,Uganda,Gulu,cereals and tubers,Beans,KG,UGX,Retail,3717.82,1.0048,2.1661,33.1091
2019-02-01,Uganda,Gulu,cereals and tubers,Beans,KG,UGX,Retail,3442.05,0.9303,0.6188,29.8466
2019-03-01,Uganda,Gulu,cereals and tubers,Beans,KG,UGX,Retail,3383.86,0.9146,0.9681,31.9665
2019-04-01,Uganda,Gulu,cereals and tubers,Beans,KG,UGX,Retail,3881.53,1.0491,-0.3063,32.7742
2019-05-01,Uganda,Gulu,cereals and tubers,Beans,KG,UGX,Retail,4542.33,1.2277,-1.134,33.7445
2019-06-01,Uganda,Gulu,cereals and tubers,Beans,KG,UGX,Retail,5122.91,1.3846,0.6673,31.9291
2019-07-01,Uganda,Gulu,cereals and tubers,Beans,KG,UGX,Retail,5563.77,1.5037,0.3288,33.6934
2019-08-01,Uganda,Gulu,cereals and tubers,Beans,KG,UGX,Retail,5702.33,1.5412,2.2669,31.9311
2019-09-01,Uganda,Gulu,cereals and tubers,Beans,KG,UGX,Retail,5932.89,1.6035,0.8622,32.4365
2019-10-01,Uganda,Gulu,cereals and tubers,Beans,KG,UGX,Retail,5773.7,1.5605,-0.9058,31.8402
2019-11-01,Uganda,Gulu,cereals and tubers,Beans,KG,UGX,Retail,5459.46,1.4755,0.8395,32.6074
2019-12-01,Uganda,Gulu,cereals and tubers,Beans,KG,UGX,Retail,4628.4,1.2509,-1.2935,32.9559
2020-01-01,Uganda,Gulu,cereals and tubers,Beans,KG,UGX,Retail,3774.3,1.0201,-1.3845,30.9476
2020-02-01,Uganda,Gulu,cereals and tubers,Beans,KG,UGX,Retail,3468.94,0.9376,-0.2643,31.0827
2020-03-01,Uganda,Gulu,cereals and tubers,Beans,KG,UGX,Retail,3417.86,0.9237,1.5155,29.6053
2020-04-01,Uganda,Gulu,cereals and tubers,Beans,KG,UGX,Retail,3548.66,0.9591,-0.9667,32.5682
2020-05-01,Uganda,Gulu,cereals and tubers,Beans,KG,UGX,Retail,4091.06,1.1057,1.6259,30.7978
2020-06-01,Uganda,Gulu,cereals and tubers,Beans,KG,UGX,Retail,4680.4,1.265,3.8658,30.1849
2020-07-01,Uganda,Gulu,cereals and tubers,Beans,KG,UGX,Retail,5202.43,1.4061,-0.6647,34.8989
2020-08-01,Uganda,Gulu,cereals and tubers,Beans,KG,UGX,Retail,6084.1,1.6444,1.9787,34.9282
2020-09-01,Uganda,Gulu,cereals and tubers,Beans,KG,UGX,Retail,5843.04,1.5792,4.0547,30.7017
2020-10-01,Uganda,Gulu,cereals and tubers,Beans,KG,UGX,Retail,5252.6,1.4196,0.8945,31.6733
2020-11-01,Uganda,Gulu,cereals and tubers,Beans,KG,UGX,Retail,4868.31,1.3158,-0.6494,34.9842
2020-12-01,Uganda,Gulu,cereals and tubers,Beans,KG,UGX,Retail,4327.93,1.1697,2.198,34.8267
2021-01-01,Uganda,Gulu,cereals and tubers,Beans,KG,UGX,Retail,4016.38,1.0855,3.7603,32.6662
2021-02-01,Uganda,Gulu,cereals and tubers,Beans,KG,UGX,Retail,3601.1,0.9733,-0.6497,32.4803
2021-03-01,Uganda,Gulu,cereals and tubers,Beans,KG,UGX,Retail,3766.74,1.018,1.1006,30.4369
2021-04-01,Uganda,Gulu,cereals and tubers,Beans,KG,UGX,Retail,4305.94,1.1638,3.37,29.7861
2021-05-01,Uganda,Gulu,cereals and tubers,Beans,KG,UGX,Retail,4587.41,1.2398,4.1965,29.6404
2021-06-01,Uganda,Gulu,cereals and tubers,Beans,KG,UGX,Retail,5203.58,1.4064,2.3426,29.924
2021-07-01,Uganda,Gulu,cereals and tubers,Beans,KG,UGX,Retail,5356.78,1.4478,2.3988,32.776
2021-08-01,Uganda,Gulu,cereals and tubers,Beans,KG,UGX,Retail,6588.94,1.7808,2.4745,32.8092
2021-09-01,Uganda,Gulu,cereals and tubers,Beans,KG,UGX,Retail,6800.48,1.838,1.7099,34.3623
2021-10-01,Uganda,Gulu,cereals and tubers,Beans,KG,UGX,Retail,6617.66,1.7886,1.1892,31.3366
2021-11-01,Uganda,Gulu,cereals and tubers,Beans,KG,UGX,Retail,5647.71,1.5264,-0.1056,29.6604
2021-12-01,Uganda,Gulu,cereals and tubers,Beans,KG,UGX,Retail,4441.04,1.2003,-0.2319,34.0003
2022-01-01,Uganda,Gulu,cereals and tubers,Beans,KG,UGX,Retail,3838.64,1.0375,0.1165,31.8587
2022-02-01,Uganda,Gulu,cereals and tubers,Beans,KG,UGX,Retail,3793.83,1.0254,3.0506,34.7715
2022-03-01,Uganda,Gulu,cereals and tubers,Beans,KG,UGX,Retail,3817.88,1.0319,-0.6246,33.7941
2022-04-01,Uganda,Gulu,cereals and tubers,Beans,KG,UGX,Retail,4101.84,1.1086,3.7063,32.3965
2022-05-01,Uganda,Gulu,cereals and tubers,Beans,KG,UGX,Retail,4370.96,1.1813,-0.605,29.6638
2022-06-01,Uganda,Gulu,cereals and tubers,Beans,KG,UGX,Retail,4763.6,1.2875,4.0278,30.1441
2022-07-01,Uganda,Gulu,cereals and tubers,Beans,KG,UGX,Retail,5551.5,1.5004,-0.0342,32.5319
2022-08-01,Uganda,Gulu,cereals and tubers,Beans,KG,UGX,Retail,6161.88,1.6654,0.1158,32.6988
2022-09-01,Uganda,Gulu,cereals and tubers,Beans,KG,UGX,Retail,6518.19,1.7617,1.1741,33.1144
2022-10-01,Uganda,Gulu,cereals and tubers,Beans,KG,UGX,Retail,6179.21,1.6701,3.8044,32.3309
2022-11-01,Uganda,Gulu,cereals and tubers,Beans,KG,UGX,Retail,5238.56,1.4158,2.2273,33.434
2022-12-01,Uganda,Gulu,cereals and tubers,Beans,KG,UGX,Retail,5077.56,1.3723,3.4881,32.9135
2023-01-01,Uganda,Gulu,cereals and tubers,Beans,KG,UGX,Retail,4660.98,1.2597,-0.9328,32.8738
2023-02-01,Uganda,Gulu,cereals and tubers,Beans,KG,UGX,Retail,4813.19,1.3009,-0.1246,29.9278
2023-03-01,Uganda,Gulu,cereals and tubers,Beans,KG,UGX,Retail,4669.28,1.262,-0.5861,32.8962
2023-04-01,Uganda,Gulu,cereals and tubers,Beans,KG,UGX,Retail,4820.77,1.3029,3.1847,31.2715
2023-05-01,Uganda,Gulu,cereals and tubers,Beans,KG,UGX,Retail,5570.44,1.5055,1.7092,32.1536
2023-06-01,Uganda,Gulu,cereals and tubers,Beans,KG,UGX,Retail,6181.19,1.6706,-0.3025,34.8879
2023-07-01,Uganda,Gulu,cereals and tubers,Beans,KG,UGX,Retail,7272.02,1.9654,3.2266,32.8081
2023-08-01,Uganda,Gulu,cereals and tubers,Beans,KG,UGX,Retail,6695.28,1.8095,2.7503,30.0562
2023-09-01,Uganda,Gulu,cereals and tubers,Beans,KG,UGX,Retail,6603.17,1.7846,1.8629,30.1981
2023-10-01,Uganda,Gulu,cereals and tubers,Beans,KG,UGX,Retail,6642.08,1.7952,2.7798,31.1819
2023-11-01,Uganda,Gulu,cereals and tubers,Beans,KG,UGX,Retail,5950.54,1.6083,2.8438,33.3702
2023-12-01,Uganda,Gulu,cereals and tubers,Beans,KG,UGX,Retail,5381.49,1.4545,2.541,34.72
2024-01-01,Uganda,Gulu,cereals and tubers,Beans,KG,UGX,Retail,4569.42,1.235,0.3591,30.8672
2024-02-01,Uganda,Gulu,cereals and tubers,Beans,KG,UGX,Retail,4251.97,1.1492,2.7313,32.1609
2024-03-01,Uganda,Gulu,cereals and tubers,Beans,KG,UGX,Retail,4061.49,1.0977,0.2907,30.363
2024-04-01,Uganda,Gulu,cereals and tubers,Beans,KG,UGX,Retail,4372.82,1.1818,3.4002,32.8531
2024-05-01,Uganda,Gulu,cereals and tubers,Beans,KG,UGX,Retail,4851.65,1.3113,3.0025,29.9481
2024-06-01,Uganda,Gulu,cereals and tubers,Beans,KG,UGX,Retail,5476.55,1.4801,-0.1884,34.921
2024-07-01,Uganda,Gulu,cereals and tubers,Beans,KG,UGX,Retail,5877.22,1.5884,2.0214,29.6269
2024-08-01,Uganda,Gulu,cereals and tubers,Beans,KG,UGX,Retail,6592.23,1.7817,2.1226,31.6505
2024-09-01,Uganda,Gulu,cereals and tubers,Beans,KG,UGX,Retail,6440.9,1.7408,2.8589,32.0159
2024-10-01,Uganda,Gulu,cereals and tubers,Beans,KG,UGX,Retail,5854.46,1.5823,2.1624,34.5608
2024-11-01,Uganda,Gulu,cereals and tubers,Beans,KG,UGX,Retail,5886.89,1.5911,3.5534,30.1267
2024-12-01,Uganda,Gulu,cereals and tubers,Beans,KG,UGX,Retail,5162.8,1.3954,2.9622,32.9189
2025-01-01,Uganda,Gulu,cereals and tubers,Beans,KG,UGX,Retail,4551.95,1.2303,-0.6355,30.7641
2025-02-01,Uganda,Gulu,cereals and tubers,Beans,KG,UGX,Retail,4354.16,1.1768,1.9073,31.9863
2025-03-01,Uganda,Gulu,cereals and tubers,Beans,KG,UGX,Retail,4738.76,1.2807,3.532,31.6192
2025-04-01,Uganda,Gulu,cereals and tubers,Beans,KG,UGX,Retail,4932.71,1.3332,0.8353,30.5825
2025-05-01,Uganda,Gulu,cereals and tubers,Beans,KG,UGX,Retail,6119.11,1.6538,1.0562,29.6878
2025-06-01,Uganda,Gulu,cereals and tubers,Beans,KG,UGX,Retail,7328.25,1.9806,3.1499,33.5072
2025-07-01,Uganda,Gulu,cereals and tubers,Beans,KG,UGX,Retail,7511.76,2.0302,3.6688,31.4224
2025-08-01,Uganda,Gulu,cereals and tubers,Beans,KG,UGX,Retail,7222.87,1.9521,1.9702,31.0434
2025-09-01,Uganda,Gulu,cereals and tubers,Beans,KG,UGX,Retail,7538.18,2.0373,-0.8507,33.1603
2025-10-01,Uganda,Gulu,cereals and tubers,Beans,KG,UGX,Retail,6981.31,1.8868,2.8374,31.3079
2025-11-01,Uganda,Gulu,cereals and tubers,Beans,KG,UGX,Retail,6117.63,1.6534,1.0856,32.5528
2025-12-01,Uganda,Gulu,cereals and tubers,Beans,KG,UGX,Retail,5520.73,1.4921,3.4865,34.5467
2026-01-01,Uganda,Gulu,cereals and tubers,Beans,KG,UGX,Retail,4469.81,1.2081,3.9981,32.1137
2026-02-01,Uganda,Gulu,cereals and tubers,Beans,KG,UGX,Retail,4313.64,1.1658,-1.0237,31.7075
2026-03-01,Uganda,Gulu,cereals and tubers,Beans,KG,UGX,Retail,4344.27,1.1741,3.9333,30.6553
2026-04-01,Uganda,Gulu,cereals and tubers,Beans,KG,UGX,Retail,4439.68,1.1999,2.8368,33.0611
2026-05-01,Uganda,Gulu,cereals and tubers,Beans,KG,UGX,Retail,5073.63,1.3713,0.3894,33.0907
2026-06-01,Uganda,Gulu,cereals and tubers,Beans,KG,UGX,Retail,6031.17,1.63,3.8449,31.2297
2026-07-01,Uganda,Gulu,cereals and tubers,Beans,KG,UGX,Retail,6668.66,1.8023,2.5536,33.1448
2018-01-01,Uganda,Gulu,cereals and tubers,Rice,KG,UGX,Retail,3966.67,1.0721,2.1049,30.4613
2018-02-01,Uganda,Gulu,cereals and tubers,Rice,KG,UGX,Retail,3683.39,0.9955,0.0425,31.0733
2018-03-01,Uganda,Gulu,cereals and tubers,Rice,KG,UGX,Retail,3774.55,1.0201,0.3945,31.3888
2018-04-01,Uganda,Gulu,cereals and tubers,Rice,KG,UGX,Retail,4241.73,1.1464,-0.4146,30.6422
2018-05-01,Uganda,Gulu,cereals and tubers,Rice,KG,UGX,Retail,4552.99,1.2305,-0.7654,33.32
2018-06-01,Uganda,Gulu,cereals and tubers,Rice,KG,UGX,Retail,4913.08,1.3279,0.9327,34.466
2018-07-01,Uganda,Gulu,cereals and tubers,Rice,KG,UGX,Retail,5321.04,1.4381,-1.2551,33.4954
2018-08-01,Uganda,Gulu,cereals and tubers,Rice,KG,UGX,Retail,5719.0,1.5457,3.3054,29.9068
2018-09-01,Uganda,Gulu,cereals and tubers,Rice,KG,UGX,Retail,5693.19,1.5387,0.6463,31.238
2018-10-01,Uganda,Gulu,cereals and tubers,Rice,KG,UGX,Retail,5473.94,1.4794,4.1773,29.9438
2018-11-01,Uganda,Gulu,cereals and tubers,Rice,KG,UGX,Retail,5095.66,1.3772,2.1451,33.5694
2018-12-01,Uganda,Gulu,cereals and tubers,Rice,KG,UGX,Retail,4643.46,1.255,3.3931,30.5925
2019-01-01,Uganda,Gulu,cereals and tubers,Rice,KG,UGX,Retail,4186.27,1.1314,1.9116,31.5108
2019-02-01,Uganda,Gulu,cereals and tubers,Rice,KG,UGX,Retail,4116.06,1.1124,-0.439,31.3914
2019-03-01,Uganda,Gulu,cereals and tubers,Rice,KG,UGX,Retail,4178.19,1.1292,-1.1756,34.5465
2019-04-01,Uganda,Gulu,cereals and tubers,Rice,KG,UGX,Retail,4580.96,1.2381,4.0987,34.8076
2019-05-01,Uganda,Gulu,cereals and tubers,Rice,KG,UGX,Retail,5118.97,1.3835,2.5751,32.8443
2019-06-01,Uganda,Gulu,cereals and tubers,Rice,KG,UGX,Retail,5626.23,1.5206,-0.9517,30.6182
2019-07-01,Uganda,Gulu,cereals and tubers,Rice,KG,UGX,Retail,6678.96,1.8051,1.9436,34.9276
2019-08-01,Uganda,Gulu,cereals and tubers,Rice,KG,UGX,Retail,6949.84,1.8783,2.5513,34.9168
2019-09-01,Uganda,Gulu,cereals and tubers,Rice,KG,UGX,Retail,6728.06,1.8184,-1.271,34.2818
2019-10-01,Uganda,Gulu,cereals and tubers,Rice,KG,UGX,Retail,6616.32,1.7882,-1.4751,32.3391
2019-11-01,Uganda,Gulu,cereals and tubers,Rice,KG,UGX,Retail,6136.56,1.6585,-0.0332,32.2542
2019-12-01,Uganda,Gulu,cereals and tubers,Rice,KG,UGX,Retail,5269.23,1.4241,-1.1712,30.0349
2020-01-01,Uganda,Gulu,cereals and tubers,Rice,KG,UGX,Retail,5039.98,1.3622,3.4252,30.3738
2020-02-01,Uganda,Gulu,cereals and tubers,Rice,KG,UGX,Retail,4901.96,1.3249,-0.3883,29.745
2020-03-01,Uganda,Gulu,cereals and tubers,Rice,KG,UGX,Retail,4781.03,1.2922,2.4896,33.0985
2020-04-01,Uganda,Gulu,cereals and tubers,Rice,KG,UGX,Retail,5135.98,1.3881,1.6636,30.1081
2020-05-01,Uganda,Gulu,cereals and tubers,Rice,KG,UGX,Retail,5758.12,1.5562,3.8112,33.7121
2020-06-01,Uganda,Gulu,cereals and tubers,Rice,KG,UGX,Retail,6591.09,1.7814,3.7251,33.1067
2020-07-01,Uganda,Gulu,cereals and tubers,Rice,KG,UGX,Retail,7506.42,2.0288,0.8752,29.6195
2020-08-01,Uganda,Gulu,cereals and tubers,Rice,KG,UGX,Retail,7820.73,2.1137,-0.8759,30.1149
2020-09-01,Uganda,Gulu,cereals and tubers,Rice,KG,UGX,Retail,8244.67,2.2283,2.4972,33.8695
2020-10-01,Uganda,Gulu,cereals and tubers,Rice,KG,UGX,Retail,8376.7,2.264,-0.6653,33.6387
2020-11-01,Uganda,Gulu,cereals and tubers,Rice,KG,UGX,Retail,7330.0,1.9811,-1.4259,31.1152
2020-12-01,Uganda,Gulu,cereals and tubers,Rice,KG,UGX,Retail,6395.06,1.7284,0.0632,33.9841
2021-01-01,Uganda,Gulu,cereals and tubers,Rice,KG,UGX,Retail,5742.7,1.5521,2.4646,30.3506
2021-02-01,Uganda,Gulu,cereals and tubers,Rice,KG,UGX,Retail,5487.98,1.4832,2.3599,30.6521
2021-03-01,Uganda,Gulu,cereals and tubers,Rice,KG,UGX,Retail,5495.53,1.4853,1.256,31.9725
2021-04-01,Uganda,Gulu,cereals and tubers,Rice,KG,UGX,Retail,6450.13,1.7433,1.4543,30.1396
2021-05-01,Uganda,Gulu,cereals and tubers,Rice,KG,UGX,Retail,6978.63,1.8861,-0.7445,34.7522
2021-06-01,Uganda,Gulu,cereals and tubers,Rice,KG,UGX,Retail,8030.01,2.1703,0.5247,31.3392
2021-07-01,Uganda,Gulu,cereals and tubers,Rice,KG,UGX,Retail,9035.45,2.442,1.7089,34.5635
2021-08-01,Uganda,Gulu,cereals and tubers,Rice,KG,UGX,Retail,9307.47,2.5155,-0.8454,32.6036
2021-09-01,Uganda,Gulu,cereals and tubers,Rice,KG,UGX,Retail,9609.25,2.5971,3.0709,34.3489
2021-10-01,Uganda,Gulu,cereals and tubers,Rice,KG,UGX,Retail,9355.63,2.5285,4.0367,32.5863
2021-11-01,Uganda,Gulu,cereals and tubers,Rice,KG,UGX,Retail,8493.34,2.2955,1.2872,29.8015
2021-12-01,Uganda,Gulu,cereals and tubers,Rice,KG,UGX,Retail,7243.8,1.9578,-0.9218,31.2672
2022-01-01,Uganda,Gulu,cereals and tubers,Rice,KG,UGX,Retail,6671.16,1.803,-1.255,30.0283
2022-02-01,Uganda,Gulu,cereals and tubers,Rice,KG,UGX,Retail,6079.04,1.643,-1.0909,32.1762
2022-03-01,Uganda,Gulu,cereals and tubers,Rice,KG,UGX,Retail,5805.65,1.5691,-0.1999,30.6194
2022-04-01,Uganda,Gulu,cereals and tubers,Rice,KG,UGX,Retail,6213.62,1.6794,3.9238,30.357
2022-05-01,Uganda,Gulu,cereals and tubers,Rice,KG,UGX,Retail,7177.53,1.9399,1.8901,33.065
2022-06-01,Uganda,Gulu,cereals and tubers,Rice,KG,UGX,Retail,8401.46,2.2707,2.5135,34.027
2022-07-01,Uganda,Gulu,cereals and tubers,Rice,KG,UGX,Retail,9741.51,2.6328,1.5401,31.3487
2022-08-01,Uganda,Gulu,cereals and tubers,Rice,KG,UGX,Retail,10559.61,2.8539,2.2884,29.7815
2022-09-01,Uganda,Gulu,cereals and tubers,Rice,KG,UGX,Retail,10755.26,2.9068,-0.9629,30.6299
2022-10-01,Uganda,Gulu,cereals and tubers,Rice,KG,UGX,Retail,10190.71,2.7542,2.0823,31.8737
2022-11-01,Uganda,Gulu,cereals and tubers,Rice,KG,UGX,Retail,8837.1,2.3884,0.9702,31.5048
2022-12-01,Uganda,Gulu,cereals and tubers,Rice,KG,UGX,Retail,7440.16,2.0109,1.8005,32.2545
2023-01-01,Uganda,Gulu,cereals and tubers,Rice,KG,UGX,Retail,6961.94,1.8816,4.0079,33.684
2023-02-01,Uganda,Gulu,cereals and tubers,Rice,KG,UGX,Retail,6175.95,1.6692,1.2316,29.743
2023-03-01,Uganda,Gulu,cereals and tubers,Rice,KG,UGX,Retail,6077.71,1.6426,0.3193,30.9821
2023-04-01,Uganda,Gulu,cereals and tubers,Rice,KG,UGX,Retail,6633.5,1.7928,-1.1473,29.7377
2023-05-01,Uganda,Gulu,cereals and tubers,Rice,KG,UGX,Retail,7787.27,2.1047,-1.0921,34.6403
2023-06-01,Uganda,Gulu,cereals and tubers,Rice,KG,UGX,Retail,8618.3,2.3293,1.6125,32.9299
2023-07-01,Uganda,Gulu,cereals and tubers,Rice,KG,UGX,Retail,9841.33,2.6598,-1.1354,33.5823
2023-08-01,Uganda,Gulu,cereals and tubers,Rice,KG,UGX,Retail,10937.39,2.9561,-1.0123,31.2806
2023-09-01,Uganda,Gulu,cereals and tubers,Rice,KG,UGX,Retail,11114.36,3.0039,0.974,33.4215
2023-10-01,Uganda,Gulu,cereals and tubers,Rice,KG,UGX,Retail,10182.0,2.7519,1.9446,34.1731
2023-11-01,Uganda,Gulu,cereals and tubers,Rice,KG,UGX,Retail,9246.55,2.4991,3.338,32.335
2023-12-01,Uganda,Gulu,cereals and tubers,Rice,KG,UGX,Retail,7757.79,2.0967,3.8816,31.0848
2024-01-01,Uganda,Gulu,cereals and tubers,Rice,KG,UGX,Retail,7086.03,1.9151,-0.1168,31.5801
2024-02-01,Uganda,Gulu,cereals and tubers,Rice,KG,UGX,Retail,6483.37,1.7523,1.4906,34.3689
2024-03-01,Uganda,Gulu,cereals and tubers,Rice,KG,UGX,Retail,6257.84,1.6913,1.4684,31.4368
2024-04-01,Uganda,Gulu,cereals and tubers,Rice,KG,UGX,Retail,6553.2,1.7711,-0.6017,30.159
2024-05-01,Uganda,Gulu,cereals and tubers,Rice,KG,UGX,Retail,7270.14,1.9649,2.3298,33.8958
2024-06-01,Uganda,Gulu,cereals and tubers,Rice,KG,UGX,Retail,8527.29,2.3047,2.9109,31.7206
2024-07-01,Uganda,Gulu,cereals and tubers,Rice,KG,UGX,Retail,9340.03,2.5243,-0.8382,29.8091
2024-08-01,Uganda,Gulu,cereals and tubers,Rice,KG,UGX,Retail,10323.25,2.7901,1.3243,31.5241
2024-09-01,Uganda,Gulu,cereals and tubers,Rice,KG,UGX,Retail,10233.94,2.7659,1.2395,33.2609
2024-10-01,Uganda,Gulu,cereals and tubers,Rice,KG,UGX,Retail,9479.5,2.562,0.313,31.4696
2024-11-01,Uganda,Gulu,cereals and tubers,Rice,KG,UGX,Retail,8872.52,2.398,1.8997,31.2994
2024-12-01,Uganda,Gulu,cereals and tubers,Rice,KG,UGX,Retail,7738.38,2.0915,2.4561,33.096
2025-01-01,Uganda,Gulu,cereals and tubers,Rice,KG,UGX,Retail,7051.38,1.9058,1.0139,34.4206
2025-02-01,Uganda,Gulu,cereals and tubers,Rice,KG,UGX,Retail,6525.1,1.7635,3.3744,30.4812
2025-03-01,Uganda,Gulu,cereals and tubers,Rice,KG,UGX,Retail,6552.08,1.7708,0.9187,29.6547
2025-04-01,Uganda,Gulu,cereals and tubers,Rice,KG,UGX,Retail,7134.12,1.9281,1.0931,34.753
2025-05-01,Uganda,Gulu,cereals and tubers,Rice,KG,UGX,Retail,8216.29,2.2206,3.4378,34.5809
2025-06-01,Uganda,Gulu,cereals and tubers,Rice,KG,UGX,Retail,9429.77,2.5486,-0.3447,33.3003
2025-07-01,Uganda,Gulu,cereals and tubers,Rice,KG,UGX,Retail,10302.32,2.7844,3.8838,31.9721
2025-08-01,Uganda,Gulu,cereals and tubers,Rice,KG,UGX,Retail,10918.94,2.9511,-0.7118,33.3726
2025-09-01,Uganda,Gulu,cereals and tubers,Rice,KG,UGX,Retail,11344.89,3.0662,-1.3384,33.5984
2025-10-01,Uganda,Gulu,cereals and tubers,Rice,KG,UGX,Retail,11189.74,3.0243,-1.0737,30.1949
2025-11-01,Uganda,Gulu,cereals and tubers,Rice,KG,UGX,Retail,9972.87,2.6954,2.1934,29.9717
2025-12-01,Uganda,Gulu,cereals and tubers,Rice,KG,UGX,Retail,9134.04,2.4687,1.4835,34.4989
2026-01-01,Uganda,Gulu,cereals and tubers,Rice,KG,UGX,Retail,8257.28,2.2317,3.1313,32.3859
2026-02-01,Uganda,Gulu,cereals and tubers,Rice,KG,UGX,Retail,7817.34,2.1128,1.3841,30.1444
2026-03-01,Uganda,Gulu,cereals and tubers,Rice,KG,UGX,Retail,7750.37,2.0947,-0.7363,32.3603
2026-04-01,Uganda,Gulu,cereals and tubers,Rice,KG,UGX,Retail,8191.72,2.214,0.2072,30.8532
2026-05-01,Uganda,Gulu,cereals and tubers,Rice,KG,UGX,Retail,8545.57,2.3096,2.9847,29.9094
2026-06-01,Uganda,Gulu,cereals and tubers,Rice,KG,UGX,Retail,10242.2,2.7682,3.4064,31.4483
2026-07-01,Uganda,Gulu,cereals and tubers,Rice,KG,UGX,Retail,11280.19,3.0487,0.7949,30.4326
2018-01-01,Uganda,Gulu,cereals and tubers,Cassava,KG,UGX,Retail,742.87,0.2008,-1.0077,34.3437
2018-02-01,Uganda,Gulu,cereals and tubers,Cassava,KG,UGX,Retail,719.04,0.1943,3.1832,32.6377
2018-03-01,Uganda,Gulu,cereals and tubers,Cassava,KG,UGX,Retail,709.93,0.1919,4.1123,30.9387
2018-04-01,Uganda,Gulu,cereals and tubers,Cassava,KG,UGX,Retail,809.85,0.2189,1.7031,31.3754
2018-05-01,Uganda,Gulu,cereals and tubers,Cassava,KG,UGX,Retail,907.96,0.2454,-1.4596,32.8197
2018-06-01,Uganda,Gulu,cereals and tubers,Cassava,KG,UGX,Retail,1035.58,0.2799,-0.4292,29.8183
2018-07-01,Uganda,Gulu,cereals and tubers,Cassava,KG,UGX,Retail,1069.44,0.289,3.5101,31.418
2018-08-01,Uganda,Gulu,cereals and tubers,Cassava,KG,UGX,Retail,1159.92,0.3135,2.8123,31.3717
2018-09-01,Uganda,Gulu,cereals and tubers,Cassava,KG,UGX,Retail,1068.75,0.2889,2.4437,32.6199
2018-10-01,Uganda,Gulu,cereals and tubers,Cassava,KG,UGX,Retail,1010.63,0.2731,-1.3,34.9507
2018-11-01,Uganda,Gulu,cereals and tubers,Cassava,KG,UGX,Retail,897.43,0.2425,3.8441,34.4724
2018-12-01,Uganda,Gulu,cereals and tubers,Cassava,KG,UGX,Retail,804.69,0.2175,3.0135,32.0362
2019-01-01,Uganda,Gulu,cereals and tubers,Cassava,KG,UGX,Retail,699.01,0.1889,-1.4617,31.1563
2019-02-01,Uganda,Gulu,cereals and tubers,Cassava,KG,UGX,Retail,660.44,0.1785,3.0202,32.9465
2019-03-01,Uganda,Gulu,cereals and tubers,Cassava,KG,UGX,Retail,646.02,0.1746,0.2691,34.8205
2019-04-01,Uganda,Gulu,cereals and tubers,Cassava,KG,UGX,Retail,659.02,0.1781,1.0486,32.5826
2019-05-01,Uganda,Gulu,cereals and tubers,Cassava,KG,UGX,Retail,756.4,0.2044,1.6502,31.9346
2019-06-01,Uganda,Gulu,cereals and tubers,Cassava,KG,UGX,Retail,765.48,0.2069,3.6816,34.6334
2019-07-01,Uganda,Gulu,cereals and tubers,Cassava,KG,UGX,Retail,889.05,0.2403,1.0202,33.4083
2019-08-01,Uganda,Gulu,cereals and tubers,Cassava,KG,UGX,Retail,869.39,0.235,1.709,33.3799
2019-09-01,Uganda,Gulu,cereals and tubers,Cassava,KG,UGX,Retail,955.41,0.2582,-0.3107,32.2912
2019-10-01,Uganda,Gulu,cereals and tubers,Cassava,KG,UGX,Retail,827.02,0.2235,-1.4859,34.2222
2019-11-01,Uganda,Gulu,cereals and tubers,Cassava,KG,UGX,Retail,662.88,0.1792,-0.7639,34.0083
2019-12-01,Uganda,Gulu,cereals and tubers,Cassava,KG,UGX,Retail,551.38,0.149,2.8223,31.717
2020-01-01,Uganda,Gulu,cereals and tubers,Cassava,KG,UGX,Retail,523.09,0.1414,0.86,32.6807
2020-02-01,Uganda,Gulu,cereals and tubers,Cassava,KG,UGX,Retail,495.08,0.1338,2.1758,33.4781
2020-03-01,Uganda,Gulu,cereals and tubers,Cassava,KG,UGX,Retail,471.45,0.1274,1.3304,33.9737
2020-04-01,Uganda,Gulu,cereals and tubers,Cassava,KG,UGX,Retail,513.49,0.1388,0.085,34.779
2020-05-01,Uganda,Gulu,cereals and tubers,Cassava,KG,UGX,Retail,595.37,0.1609,4.1313,34.8448
2020-06-01,Uganda,Gulu,cereals and tubers,Cassava,KG,UGX,Retail,658.52,0.178,2.8056,32.8909
2020-07-01,Uganda,Gulu,cereals and tubers,Cassava,KG,UGX,Retail,752.81,0.2035,1.5971,33.733
2020-08-01,Uganda,Gulu,cereals and tubers,Cassava,KG,UGX,Retail,790.56,0.2137,3.449,30.1921
2020-09-01,Uganda,Gulu,cereals and tubers,Cassava,KG,UGX,Retail,797.68,0.2156,1.384,31.9346
2020-10-01,Uganda,Gulu,cereals and tubers,Cassava,KG,UGX,Retail,800.55,0.2164,-0.6249,34.1231
2020-11-01,Uganda,Gulu,cereals and tubers,Cassava,KG,UGX,Retail,760.83,0.2056,-1.2223,29.6891
2020-12-01,Uganda,Gulu,cereals and tubers,Cassava,KG,UGX,Retail,615.23,0.1663,-0.563,33.4077
2021-01-01,Uganda,Gulu,cereals and tubers,Cassava,KG,UGX,Retail,576.85,0.1559,-0.1987,32.7978
2021-02-01,Uganda,Gulu,cereals and tubers,Cassava,KG,UGX,Retail,552.82,0.1494,0.2304,34.3995
2021-03-01,Uganda,Gulu,cereals and tubers,Cassava,KG,UGX,Retail,580.01,0.1568,3.5496,30.8163
2021-04-01,Uganda,Gulu,cereals and tubers,Cassava,KG,UGX,Retail,574.01,0.1551,1.1844,32.1924
2021-05-01,Uganda,Gulu,cereals and tubers,Cassava,KG,UGX,Retail,710.14,0.1919,-0.8477,34.2006
2021-06-01,Uganda,Gulu,cereals and tubers,Cassava,KG,UGX,Retail,863.03,0.2333,1.6532,31.4578
2021-07-01,Uganda,Gulu,cereals and tubers,Cassava,KG,UGX,Retail,942.86,0.2548,0.1671,33.9152
2021-08-01,Uganda,Gulu,cereals and tubers,Cassava,KG,UGX,Retail,933.44,0.2523,3.7773,32.9625
2021-09-01,Uganda,Gulu,cereals and tubers,Cassava,KG,UGX,Retail,927.94,0.2508,2.5531,32.3212
2021-10-01,Uganda,Gulu,cereals and tubers,Cassava,KG,UGX,Retail,853.78,0.2308,-0.4487,34.8561
2021-11-01,Uganda,Gulu,cereals and tubers,Cassava,KG,UGX,Retail,825.46,0.2231,3.4062,32.2077
2021-12-01,Uganda,Gulu,cereals and tubers,Cassava,KG,UGX,Retail,760.54,0.2056,0.2486,33.7145
2022-01-01,Uganda,Gulu,cereals and tubers,Cassava,KG,UGX,Retail,676.94,0.183,0.2502,32.007
2022-02-01,Uganda,Gulu,cereals and tubers,Cassava,KG,UGX,Retail,630.48,0.1704,0.706,34.0286
2022-03-01,Uganda,Gulu,cereals and tubers,Cassava,KG,UGX,Retail,633.08,0.1711,2.7481,29.998
2022-04-01,Uganda,Gulu,cereals and tubers,Cassava,KG,UGX,Retail,666.79,0.1802,3.0145,31.7692
2022-05-01,Uganda,Gulu,cereals and tubers,Cassava,KG,UGX,Retail,794.69,0.2148,3.7163,33.9239
2022-06-01,Uganda,Gulu,cereals and tubers,Cassava,KG,UGX,Retail,903.74,0.2443,1.26,33.8085
2022-07-01,Uganda,Gulu,cereals and tubers,Cassava,KG,UGX,Retail,1028.8,0.2781,3.0821,31.3716
2022-08-01,Uganda,Gulu,cereals and tubers,Cassava,KG,UGX,Retail,1128.37,0.305,-1.0052,29.8397
2022-09-01,Uganda,Gulu,cereals and tubers,Cassava,KG,UGX,Retail,1202.82,0.3251,3.4559,34.3674
2022-10-01,Uganda,Gulu,cereals and tubers,Cassava,KG,UGX,Retail,1160.25,0.3136,0.9984,31.1489
2022-11-01,Uganda,Gulu,cereals and tubers,Cassava,KG,UGX,Retail,1042.91,0.2819,1.3569,30.7883
2022-12-01,Uganda,Gulu,cereals and tubers,Cassava,KG,UGX,Retail,886.71,0.2397,-1.4772,30.3733
2023-01-01,Uganda,Gulu,cereals and tubers,Cassava,KG,UGX,Retail,729.94,0.1973,-0.3659,30.8192
2023-02-01,Uganda,Gulu,cereals and tubers,Cassava,KG,UGX,Retail,705.17,0.1906,0.3668,32.9211
2023-03-01,Uganda,Gulu,cereals and tubers,Cassava,KG,UGX,Retail,705.33,0.1906,1.9346,33.3505
2023-04-01,Uganda,Gulu,cereals and tubers,Cassava,KG,UGX,Retail,806.55,0.218,-0.5895,31.3312
2023-05-01,Uganda,Gulu,cereals and tubers,Cassava,KG,UGX,Retail,830.26,0.2244,2.0443,31.0986
2023-06-01,Uganda,Gulu,cereals and tubers,Cassava,KG,UGX,Retail,980.3,0.2649,3.2624,33.2096
2023-07-01,Uganda,Gulu,cereals and tubers,Cassava,KG,UGX,Retail,1110.23,0.3001,3.5454,33.2312
2023-08-01,Uganda,Gulu,cereals and tubers,Cassava,KG,UGX,Retail,1167.06,0.3154,-0.4183,30.1745
2023-09-01,Uganda,Gulu,cereals and tubers,Cassava,KG,UGX,Retail,1242.33,0.3358,1.9135,31.8447
2023-10-01,Uganda,Gulu,cereals and tubers,Cassava,KG,UGX,Retail,1127.3,0.3047,-1.1477,34.0395
2023-11-01,Uganda,Gulu,cereals and tubers,Cassava,KG,UGX,Retail,921.36,0.249,3.0859,32.4856
2023-12-01,Uganda,Gulu,cereals and tubers,Cassava,KG,UGX,Retail,806.52,0.218,-1.3278,34.0055
2024-01-01,Uganda,Gulu,cereals and tubers,Cassava,KG,UGX,Retail,694.3,0.1876,-1.2047,33.6817
2024-02-01,Uganda,Gulu,cereals and tubers,Cassava,KG,UGX,Retail,611.46,0.1653,0.7192,30.9342
2024-03-01,Uganda,Gulu,cereals and tubers,Cassava,KG,UGX,Retail,672.14,0.1817,0.1948,30.735
2024-04-01,Uganda,Gulu,cereals and tubers,Cassava,KG,UGX,Retail,736.4,0.199,-0.342,31.3153
2024-05-01,Uganda,Gulu,cereals and tubers,Cassava,KG,UGX,Retail,853.48,0.2307,-0.5964,31.8521
2024-06-01,Uganda,Gulu,cereals and tubers,Cassava,KG,UGX,Retail,959.67,0.2594,-1.1734,30.7484
2024-07-01,Uganda,Gulu,cereals and tubers,Cassava,KG,UGX,Retail,1086.14,0.2936,3.5731,33.269
2024-08-01,Uganda,Gulu,cereals and tubers,Cassava,KG,UGX,Retail,1073.47,0.2901,0.8929,30.7406
2024-09-01,Uganda,Gulu,cereals and tubers,Cassava,KG,UGX,Retail,1085.04,0.2933,0.666,32.7094
2024-10-01,Uganda,Gulu,cereals and tubers,Cassava,KG,UGX,Retail,1141.24,0.3084,1.9817,31.1998
2024-11-01,Uganda,Gulu,cereals and tubers,Cassava,KG,UGX,Retail,983.95,0.2659,3.0068,34.3429
2024-12-01,Uganda,Gulu,cereals and tubers,Cassava,KG,UGX,Retail,936.03,0.253,1.7576,31.1021
2025-01-01,Uganda,Gulu,cereals and tubers,Cassava,KG,UGX,Retail,826.66,0.2234,2.7058,30.5234
2025-02-01,Uganda,Gulu,cereals and tubers,Cassava,KG,UGX,Retail,757.5,0.2047,1.2762,30.5961
2025-03-01,Uganda,Gulu,cereals and tubers,Cassava,KG,UGX,Retail,802.97,0.217,0.4837,34.7423
2025-04-01,Uganda,Gulu,cereals and tubers,Cassava,KG,UGX,Retail,925.33,0.2501,0.674,29.8101
2025-05-01,Uganda,Gulu,cereals and tubers,Cassava,KG,UGX,Retail,934.89,0.2527,-0.9741,32.5297
2025-06-01,Uganda,Gulu,cereals and tubers,Cassava,KG,UGX,Retail,1051.56,0.2842,0.9144,31.2168
2025-07-01,Uganda,Gulu,cereals and tubers,Cassava,KG,UGX,Retail,1131.07,0.3057,-1.3588,31.9221
2025-08-01,Uganda,Gulu,cereals and tubers,Cassava,KG,UGX,Retail,1215.47,0.3285,-0.1088,32.6999
2025-09-01,Uganda,Gulu,cereals and tubers,Cassava,KG,UGX,Retail,1303.46,0.3523,-1.1533,30.4267
2025-10-01,Uganda,Gulu,cereals and tubers,Cassava,KG,UGX,Retail,1215.12,0.3284,2.3195,31.9708
2025-11-01,Uganda,Gulu,cereals and tubers,Cassava,KG,UGX,Retail,1042.6,0.2818,3.4453,33.6952
2025-12-01,Uganda,Gulu,cereals and tubers,Cassava,KG,UGX,Retail,1026.09,0.2773,2.7999,34.2018
2026-01-01,Uganda,Gulu,cereals and tubers,Cassava,KG,UGX,Retail,987.82,0.267,2.6625,33.9297
2026-02-01,Uganda,Gulu,cereals and tubers,Cassava,KG,UGX,Retail,995.72,0.2691,1.2087,33.0467
2026-03-01,Uganda,Gulu,cereals and tubers,Cassava,KG,UGX,Retail,992.68,0.2683,3.3509,31.9293
2026-04-01,Uganda,Gulu,cereals and tubers,Cassava,KG,UGX,Retail,1136.84,0.3073,3.0563,34.7942
2026-05-01,Uganda,Gulu,cereals and tubers,Cassava,KG,UGX,Retail,1154.98,0.3122,2.5448,33.6874
2026-06-01,Uganda,Gulu,cereals and tubers,Cassava,KG,UGX,Retail,1255.55,0.3393,3.6693,32.697
2026-07-01,Uganda,Gulu,cereals and tubers,Cassava,KG,UGX,Retail,1504.13,0.4065,-0.5464,34.8648
2018-01-01,Uganda,Gulu,cereals and tubers,Sorghum,KG,UGX,Retail,994.2,0.2687,2.631,33.8973
2018-02-01,Uganda,Gulu,cereals and tubers,Sorghum,KG,UGX,Retail,974.67,0.2634,-0.2962,30.6204
2018-03-01,Uganda,Gulu,cereals and tubers,Sorghum,KG,UGX,Retail,995.45,0.269,1.4113,30.0867
2018-04-01,Uganda,Gulu,cereals and tubers,Sorghum,KG,UGX,Retail,1021.03,0.276,-0.074,34.3325
2018-05-01,Uganda,Gulu,cereals and tubers,Sorghum,KG,UGX,Retail,1153.79,0.3118,-0.3585,30.0582
2018-06-01,Uganda,Gulu,cereals and tubers,Sorghum,KG,UGX,Retail,1291.23,0.349,1.0692,33.6571
2018-07-01,Uganda,Gulu,cereals and tubers,Sorghum,KG,UGX,Retail,1367.49,0.3696,0.4598,31.0129
2018-08-01,Uganda,Gulu,cereals and tubers,Sorghum,KG,UGX,Retail,1489.12,0.4025,3.7887,30.4914
2018-09-01,Uganda,Gulu,cereals and tubers,Sorghum,KG,UGX,Retail,1375.6,0.3718,0.3634,30.0773
2018-10-01,Uganda,Gulu,cereals and tubers,Sorghum,KG,UGX,Retail,1243.46,0.3361,-1.167,33.8662
2018-11-01,Uganda,Gulu,cereals and tubers,Sorghum,KG,UGX,Retail,1125.21,0.3041,0.4208,33.1751
2018-12-01,Uganda,Gulu,cereals and tubers,Sorghum,KG,UGX,Retail,1002.34,0.2709,3.8573,34.7908
2019-01-01,Uganda,Gulu,cereals and tubers,Sorghum,KG,UGX,Retail,914.24,0.2471,3.1616,33.8791
2019-02-01,Uganda,Gulu,cereals and tubers,Sorghum,KG,UGX,Retail,961.47,0.2599,2.5154,30.0226
2019-03-01,Uganda,Gulu,cereals and tubers,Sorghum,KG,UGX,Retail,964.13,0.2606,3.9824,30.0589
2019-04-01,Uganda,Gulu,cereals and tubers,Sorghum,KG,UGX,Retail,1084.63,0.2931,3.818,30.8214
2019-05-01,Uganda,Gulu,cereals and tubers,Sorghum,KG,UGX,Retail,1196.57,0.3234,3.7888,34.7852
2019-06-01,Uganda,Gulu,cereals and tubers,Sorghum,KG,UGX,Retail,1345.89,0.3638,0.4893,33.37
2019-07-01,Uganda,Gulu,cereals and tubers,Sorghum,KG,UGX,Retail,1445.67,0.3907,0.3512,29.7258
2019-08-01,Uganda,Gulu,cereals and tubers,Sorghum,KG,UGX,Retail,1530.56,0.4137,1.7053,33.1267
2019-09-01,Uganda,Gulu,cereals and tubers,Sorghum,KG,UGX,Retail,1522.2,0.4114,2.9367,31.8425
2019-10-01,Uganda,Gulu,cereals and tubers,Sorghum,KG,UGX,Retail,1431.07,0.3868,-1.4112,30.7158
2019-11-01,Uganda,Gulu,cereals and tubers,Sorghum,KG,UGX,Retail,1243.39,0.3361,-0.4842,29.7088
2019-12-01,Uganda,Gulu,cereals and tubers,Sorghum,KG,UGX,Retail,1122.53,0.3034,2.2968,32.9998
2020-01-01,Uganda,Gulu,cereals and tubers,Sorghum,KG,UGX,Retail,1042.31,0.2817,3.0496,32.6659
2020-02-01,Uganda,Gulu,cereals and tubers,Sorghum,KG,UGX,Retail,981.85,0.2654,1.7152,29.9326
2020-03-01,Uganda,Gulu,cereals and tubers,Sorghum,KG,UGX,Retail,1014.73,0.2743,0.7245,31.9102
2020-04-01,Uganda,Gulu,cereals and tubers,Sorghum,KG,UGX,Retail,1048.68,0.2834,2.4092,34.1411
2020-05-01,Uganda,Gulu,cereals and tubers,Sorghum,KG,UGX,Retail,1146.55,0.3099,2.0782,32.5071
2020-06-01,Uganda,Gulu,cereals and tubers,Sorghum,KG,UGX,Retail,1265.59,0.3421,2.6207,32.5429
2020-07-01,Uganda,Gulu,cereals and tubers,Sorghum,KG,UGX,Retail,1377.78,0.3724,0.3687,34.6523
2020-08-01,Uganda,Gulu,cereals and tubers,Sorghum,KG,UGX,Retail,1363.12,0.3684,1.2127,32.953
2020-09-01,Uganda,Gulu,cereals and tubers,Sorghum,KG,UGX,Retail,1350.51,0.365,1.18,31.1677
2020-10-01,Uganda,Gulu,cereals and tubers,Sorghum,KG,UGX,Retail,1238.18,0.3346,2.4079,29.8157
2020-11-01,Uganda,Gulu,cereals and tubers,Sorghum,KG,UGX,Retail,1086.66,0.2937,0.113,33.2858
2020-12-01,Uganda,Gulu,cereals and tubers,Sorghum,KG,UGX,Retail,953.11,0.2576,2.22,32.8839
2021-01-01,Uganda,Gulu,cereals and tubers,Sorghum,KG,UGX,Retail,854.26,0.2309,2.6742,33.4094
2021-02-01,Uganda,Gulu,cereals and tubers,Sorghum,KG,UGX,Retail,746.8,0.2018,0.1148,31.8897
2021-03-01,Uganda,Gulu,cereals and tubers,Sorghum,KG,UGX,Retail,761.29,0.2058,0.5904,31.7112
2021-04-01,Uganda,Gulu,cereals and tubers,Sorghum,KG,UGX,Retail,852.53,0.2304,-0.2466,33.9432
2021-05-01,Uganda,Gulu,cereals and tubers,Sorghum,KG,UGX,Retail,984.53,0.2661,2.5256,30.0398
2021-06-01,Uganda,Gulu,cereals and tubers,Sorghum,KG,UGX,Retail,1046.38,0.2828,-1.3391,33.2499
2021-07-01,Uganda,Gulu,cereals and tubers,Sorghum,KG,UGX,Retail,1216.43,0.3288,3.9107,31.3503
2021-08-01,Uganda,Gulu,cereals and tubers,Sorghum,KG,UGX,Retail,1323.08,0.3576,-0.0329,32.9486
2021-09-01,Uganda,Gulu,cereals and tubers,Sorghum,KG,UGX,Retail,1352.82,0.3656,0.6126,30.6999
2021-10-01,Uganda,Gulu,cereals and tubers,Sorghum,KG,UGX,Retail,1353.36,0.3658,-0.8167,34.9948
2021-11-01,Uganda,Gulu,cereals and tubers,Sorghum,KG,UGX,Retail,1203.43,0.3253,-1.489,34.7458
2021-12-01,Uganda,Gulu,cereals and tubers,Sorghum,KG,UGX,Retail,1043.5,0.282,0.8859,33.4744
2022-01-01,Uganda,Gulu,cereals and tubers,Sorghum,KG,UGX,Retail,926.09,0.2503,2.5635,32.1036
2022-02-01,Uganda,Gulu,cereals and tubers,Sorghum,KG,UGX,Retail,869.75,0.2351,4.1253,34.1867
2022-03-01,Uganda,Gulu,cereals and tubers,Sorghum,KG,UGX,Retail,906.56,0.245,-0.0478,30.3693
2022-04-01,Uganda,Gulu,cereals and tubers,Sorghum,KG,UGX,Retail,936.36,0.2531,1.4404,32.4251
2022-05-01,Uganda,Gulu,cereals and tubers,Sorghum,KG,UGX,Retail,1083.78,0.2929,2.0345,31.2797
2022-06-01,Uganda,Gulu,cereals and tubers,Sorghum,KG,UGX,Retail,1229.9,0.3324,-0.7391,30.6385
2022-07-01,Uganda,Gulu,cereals and tubers,Sorghum,KG,UGX,Retail,1381.99,0.3735,3.1187,33.4063
2022-08-01,Uganda,Gulu,cereals and tubers,Sorghum,KG,UGX,Retail,1458.95,0.3943,0.6339,33.2099
2022-09-01,Uganda,Gulu,cereals and tubers,Sorghum,KG,UGX,Retail,1422.66,0.3845,3.523,32.5539
2022-10-01,Uganda,Gulu,cereals and tubers,Sorghum,KG,UGX,Retail,1435.16,0.3879,1.4144,32.1625
2022-11-01,Uganda,Gulu,cereals and tubers,Sorghum,KG,UGX,Retail,1362.06,0.3681,0.7023,31.7379
2022-12-01,Uganda,Gulu,cereals and tubers,Sorghum,KG,UGX,Retail,1189.45,0.3215,1.4566,32.5422
2023-01-01,Uganda,Gulu,cereals and tubers,Sorghum,KG,UGX,Retail,1083.23,0.2928,0.9539,30.7763
2023-02-01,Uganda,Gulu,cereals and tubers,Sorghum,KG,UGX,Retail,982.65,0.2656,0.4722,34.5839
2023-03-01,Uganda,Gulu,cereals and tubers,Sorghum,KG,UGX,Retail,956.41,0.2585,1.6923,32.4977
2023-04-01,Uganda,Gulu,cereals and tubers,Sorghum,KG,UGX,Retail,1045.38,0.2825,-0.7085,34.5137
2023-05-01,Uganda,Gulu,cereals and tubers,Sorghum,KG,UGX,Retail,1153.08,0.3116,1.8408,32.3549
2023-06-01,Uganda,Gulu,cereals and tubers,Sorghum,KG,UGX,Retail,1316.11,0.3557,1.3334,31.0232
2023-07-01,Uganda,Gulu,cereals and tubers,Sorghum,KG,UGX,Retail,1317.17,0.356,2.1999,32.2876
2023-08-01,Uganda,Gulu,cereals and tubers,Sorghum,KG,UGX,Retail,1456.93,0.3938,-1.0837,30.6026
2023-09-01,Uganda,Gulu,cereals and tubers,Sorghum,KG,UGX,Retail,1420.06,0.3838,1.9673,30.5602
2023-10-01,Uganda,Gulu,cereals and tubers,Sorghum,KG,UGX,Retail,1348.67,0.3645,-0.3044,30.0921
2023-11-01,Uganda,Gulu,cereals and tubers,Sorghum,KG,UGX,Retail,1216.82,0.3289,0.1834,31.8973
2023-12-01,Uganda,Gulu,cereals and tubers,Sorghum,KG,UGX,Retail,1022.06,0.2762,3.8829,33.4606
2024-01-01,Uganda,Gulu,cereals and tubers,Sorghum,KG,UGX,Retail,986.09,0.2665,1.882,34.941
2024-02-01,Uganda,Gulu,cereals and tubers,Sorghum,KG,UGX,Retail,949.44,0.2566,-0.8958,31.7382
2024-03-01,Uganda,Gulu,cereals and tubers,Sorghum,KG,UGX,Retail,978.4,0.2644,-0.7605,33.3519
2024-04-01,Uganda,Gulu,cereals and tubers,Sorghum,KG,UGX,Retail,1022.04,0.2762,0.4657,30.0879
2024-05-01,Uganda,Gulu,cereals and tubers,Sorghum,KG,UGX,Retail,1154.9,0.3121,0.9629,30.374
2024-06-01,Uganda,Gulu,cereals and tubers,Sorghum,KG,UGX,Retail,1229.78,0.3324,-0.6736,32.4182
2024-07-01,Uganda,Gulu,cereals and tubers,Sorghum,KG,UGX,Retail,1448.0,0.3914,-1.0647,30.6925
2024-08-01,Uganda,Gulu,cereals and tubers,Sorghum,KG,UGX,Retail,1495.14,0.4041,-0.7054,32.2648
2024-09-01,Uganda,Gulu,cereals and tubers,Sorghum,KG,UGX,Retail,1478.31,0.3995,-1.0022,31.9815
2024-10-01,Uganda,Gulu,cereals and tubers,Sorghum,KG,UGX,Retail,1326.31,0.3585,-0.1649,31.6092
2024-11-01,Uganda,Gulu,cereals and tubers,Sorghum,KG,UGX,Retail,1142.42,0.3088,-0.2453,32.1205
2024-12-01,Uganda,Gulu,cereals and tubers,Sorghum,KG,UGX,Retail,952.97,0.2576,4.1787,34.89
2025-01-01,Uganda,Gulu,cereals and tubers,Sorghum,KG,UGX,Retail,871.15,0.2354,-1.0401,31.3473
2025-02-01,Uganda,Gulu,cereals and tubers,Sorghum,KG,UGX,Retail,770.83,0.2083,-1.4195,30.1143
2025-03-01,Uganda,Gulu,cereals and tubers,Sorghum,KG,UGX,Retail,856.45,0.2315,0.4361,30.5739
2025-04-01,Uganda,Gulu,cereals and tubers,Sorghum,KG,UGX,Retail,873.27,0.236,0.5356,34.2001
2025-05-01,Uganda,Gulu,cereals and tubers,Sorghum,KG,UGX,Retail,1070.11,0.2892,1.5688,30.5944
2025-06-01,Uganda,Gulu,cereals and tubers,Sorghum,KG,UGX,Retail,1091.56,0.295,-0.6309,30.4725
2025-07-01,Uganda,Gulu,cereals and tubers,Sorghum,KG,UGX,Retail,1179.18,0.3187,0.0036,30.5308
2025-08-01,Uganda,Gulu,cereals and tubers,Sorghum,KG,UGX,Retail,1275.25,0.3447,-1.2549,32.6518
2025-09-01,Uganda,Gulu,cereals and tubers,Sorghum,KG,UGX,Retail,1319.77,0.3567,-0.0715,32.045
2025-10-01,Uganda,Gulu,cereals and tubers,Sorghum,KG,UGX,Retail,1290.49,0.3488,2.6112,30.7972
2025-11-01,Uganda,Gulu,cereals and tubers,Sorghum,KG,UGX,Retail,1126.45,0.3044,0.2948,34.4728
2025-12-01,Uganda,Gulu,cereals and tubers,Sorghum,KG,UGX,Retail,1012.55,0.2737,3.8973,33.1206
2026-01-01,Uganda,Gulu,cereals and tubers,Sorghum,KG,UGX,Retail,921.26,0.249,1.2362,34.488
2026-02-01,Uganda,Gulu,cereals and tubers,Sorghum,KG,UGX,Retail,874.08,0.2362,0.5238,33.058
2026-03-01,Uganda,Gulu,cereals and tubers,Sorghum,KG,UGX,Retail,868.32,0.2347,-0.7931,31.7207
2026-04-01,Uganda,Gulu,cereals and tubers,Sorghum,KG,UGX,Retail,954.02,0.2578,3.327,31.6457
2026-05-01,Uganda,Gulu,cereals and tubers,Sorghum,KG,UGX,Retail,1118.86,0.3024,1.0216,33.6689
2026-06-01,Uganda,Gulu,cereals and tubers,Sorghum,KG,UGX,Retail,1259.04,0.3403,3.7705,32.195
2026-07-01,Uganda,Gulu,cereals and tubers,Sorghum,KG,UGX,Retail,1394.89,0.377,-0.1235,31.0314
2018-01-01,Uganda,Gulu,cereals and tubers,Sweet Potato,KG,UGX,Retail,861.79,0.2329,2.5899,34.7279
2018-02-01,Uganda,Gulu,cereals and tubers,Sweet Potato,KG,UGX,Retail,865.4,0.2339,1.6188,32.0224
2018-03-01,Uganda,Gulu,cereals and tubers,Sweet Potato,KG,UGX,Retail,942.25,0.2547,3.343,31.1824
2018-04-01,Uganda,Gulu,cereals and tubers,Sweet Potato,KG,UGX,Retail,976.62,0.264,0.7522,33.9204
2018-05-01,Uganda,Gulu,cereals and tubers,Sweet Potato,KG,UGX,Retail,1017.59,0.275,2.5109,30.4724
2018-06-01,Uganda,Gulu,cereals and tubers,Sweet Potato,KG,UGX,Retail,1072.85,0.29,-0.823,33.8614
2018-07-01,Uganda,Gulu,cereals and tubers,Sweet Potato,KG,UGX,Retail,1209.44,0.3269,2.4627,34.5145
2018-08-01,Uganda,Gulu,cereals and tubers,Sweet Potato,KG,UGX,Retail,1314.13,0.3552,0.7393,33.0944
2018-09-01,Uganda,Gulu,cereals and tubers,Sweet Potato,KG,UGX,Retail,1384.12,0.3741,-0.5035,29.757
2018-10-01,Uganda,Gulu,cereals and tubers,Sweet Potato,KG,UGX,Retail,1288.52,0.3482,2.2005,32.6995
2018-11-01,Uganda,Gulu,cereals and tubers,Sweet Potato,KG,UGX,Retail,1103.51,0.2982,1.069,31.5951
2018-12-01,Uganda,Gulu,cereals and tubers,Sweet Potato,KG,UGX,Retail,1004.21,0.2714,2.6568,31.2721
2019-01-01,Uganda,Gulu,cereals and tubers,Sweet Potato,KG,UGX,Retail,921.68,0.2491,3.7624,32.5121
2019-02-01,Uganda,Gulu,cereals and tubers,Sweet Potato,KG,UGX,Retail,834.33,0.2255,-1.0825,30.5619
2019-03-01,Uganda,Gulu,cereals and tubers,Sweet Potato,KG,UGX,Retail,892.79,0.2413,2.8594,34.114
2019-04-01,Uganda,Gulu,cereals and tubers,Sweet Potato,KG,UGX,Retail,877.84,0.2373,-0.2502,31.3453
2019-05-01,Uganda,Gulu,cereals and tubers,Sweet Potato,KG,UGX,Retail,991.97,0.2681,2.0442,33.3085
2019-06-01,Uganda,Gulu,cereals and tubers,Sweet Potato,KG,UGX,Retail,1096.66,0.2964,0.1817,33.1573
2019-07-01,Uganda,Gulu,cereals and tubers,Sweet Potato,KG,UGX,Retail,1154.6,0.3121,0.2433,34.5
2019-08-01,Uganda,Gulu,cereals and tubers,Sweet Potato,KG,UGX,Retail,1251.5,0.3382,2.5584,33.5305
2019-09-01,Uganda,Gulu,cereals and tubers,Sweet Potato,KG,UGX,Retail,1273.01,0.3441,1.4559,31.3368
2019-10-01,Uganda,Gulu,cereals and tubers,Sweet Potato,KG,UGX,Retail,1277.15,0.3452,2.8936,32.3017
2019-11-01,Uganda,Gulu,cereals and tubers,Sweet Potato,KG,UGX,Retail,1165.86,0.3151,0.0269,32.7833
2019-12-01,Uganda,Gulu,cereals and tubers,Sweet Potato,KG,UGX,Retail,933.01,0.2522,0.3125,32.2112
2020-01-01,Uganda,Gulu,cereals and tubers,Sweet Potato,KG,UGX,Retail,807.57,0.2183,3.0498,34.39
2020-02-01,Uganda,Gulu,cereals and tubers,Sweet Potato,KG,UGX,Retail,773.38,0.209,4.1801,30.4239
2020-03-01,Uganda,Gulu,cereals and tubers,Sweet Potato,KG,UGX,Retail,806.92,0.2181,1.2319,33.9115
2020-04-01,Uganda,Gulu,cereals and tubers,Sweet Potato,KG,UGX,Retail,869.54,0.235,2.6675,32.9848
2020-05-01,Uganda,Gulu,cereals and tubers,Sweet Potato,KG,UGX,Retail,924.23,0.2498,1.4089,32.3502
2020-06-01,Uganda,Gulu,cereals and tubers,Sweet Potato,KG,UGX,Retail,1031.95,0.2789,1.3674,34.2222
2020-07-01,Uganda,Gulu,cereals and tubers,Sweet Potato,KG,UGX,Retail,1077.54,0.2912,3.0355,31.7086
2020-08-01,Uganda,Gulu,cereals and tubers,Sweet Potato,KG,UGX,Retail,1108.87,0.2997,-1.3091,31.6682
2020-09-01,Uganda,Gulu,cereals and tubers,Sweet Potato,KG,UGX,Retail,1178.04,0.3184,-0.0453,29.7687
2020-10-01,Uganda,Gulu,cereals and tubers,Sweet Potato,KG,UGX,Retail,1076.75,0.291,0.98,31.8447
2020-11-01,Uganda,Gulu,cereals and tubers,Sweet Potato,KG,UGX,Retail,1023.61,0.2767,1.2017,32.7367
2020-12-01,Uganda,Gulu,cereals and tubers,Sweet Potato,KG,UGX,Retail,901.0,0.2435,3.6739,29.9839
2021-01-01,Uganda,Gulu,cereals and tubers,Sweet Potato,KG,UGX,Retail,779.44,0.2107,-0.318,32.4284
2021-02-01,Uganda,Gulu,cereals and tubers,Sweet Potato,KG,UGX,Retail,756.53,0.2045,3.402,31.7403
2021-03-01,Uganda,Gulu,cereals and tubers,Sweet Potato,KG,UGX,Retail,756.92,0.2046,-0.0814,29.7048
2021-04-01,Uganda,Gulu,cereals and tubers,Sweet Potato,KG,UGX,Retail,799.56,0.2161,1.558,32.0816
2021-05-01,Uganda,Gulu,cereals and tubers,Sweet Potato,KG,UGX,Retail,820.83,0.2218,2.529,34.9766
2021-06-01,Uganda,Gulu,cereals and tubers,Sweet Potato,KG,UGX,Retail,897.43,0.2425,2.9976,32.6
2021-07-01,Uganda,Gulu,cereals and tubers,Sweet Potato,KG,UGX,Retail,1066.1,0.2881,4.1194,33.1315
2021-08-01,Uganda,Gulu,cereals and tubers,Sweet Potato,KG,UGX,Retail,1110.99,0.3003,2.6368,30.2879
2021-09-01,Uganda,Gulu,cereals and tubers,Sweet Potato,KG,UGX,Retail,1060.96,0.2867,1.2606,34.5615
2021-10-01,Uganda,Gulu,cereals and tubers,Sweet Potato,KG,UGX,Retail,1051.06,0.2841,-0.9064,30.3231
2021-11-01,Uganda,Gulu,cereals and tubers,Sweet Potato,KG,UGX,Retail,902.54,0.2439,1.3115,30.0362
2021-12-01,Uganda,Gulu,cereals and tubers,Sweet Potato,KG,UGX,Retail,711.19,0.1922,1.6484,34.1138
2022-01-01,Uganda,Gulu,cereals and tubers,Sweet Potato,KG,UGX,Retail,658.87,0.1781,1.4591,30.2344
2022-02-01,Uganda,Gulu,cereals and tubers,Sweet Potato,KG,UGX,Retail,629.98,0.1703,-0.5025,30.1528
2022-03-01,Uganda,Gulu,cereals and tubers,Sweet Potato,KG,UGX,Retail,620.1,0.1676,3.0955,30.1714
2022-04-01,Uganda,Gulu,cereals and tubers,Sweet Potato,KG,UGX,Retail,714.31,0.1931,2.7532,33.6558
2022-05-01,Uganda,Gulu,cereals and tubers,Sweet Potato,KG,UGX,Retail,821.33,0.222,-1.1487,32.0236
2022-06-01,Uganda,Gulu,cereals and tubers,Sweet Potato,KG,UGX,Retail,957.47,0.2588,2.4858,31.5261
2022-07-01,Uganda,Gulu,cereals and tubers,Sweet Potato,KG,UGX,Retail,1138.7,0.3078,-0.8531,32.6648
2022-08-01,Uganda,Gulu,cereals and tubers,Sweet Potato,KG,UGX,Retail,1159.09,0.3133,2.3702,29.9843
2022-09-01,Uganda,Gulu,cereals and tubers,Sweet Potato,KG,UGX,Retail,1093.64,0.2956,2.4018,30.5813
2022-10-01,Uganda,Gulu,cereals and tubers,Sweet Potato,KG,UGX,Retail,1028.93,0.2781,0.4064,30.4252
2022-11-01,Uganda,Gulu,cereals and tubers,Sweet Potato,KG,UGX,Retail,915.53,0.2474,3.4747,32.8573
2022-12-01,Uganda,Gulu,cereals and tubers,Sweet Potato,KG,UGX,Retail,772.01,0.2087,1.673,30.9812
2023-01-01,Uganda,Gulu,cereals and tubers,Sweet Potato,KG,UGX,Retail,650.42,0.1758,-1.3133,33.5545
2023-02-01,Uganda,Gulu,cereals and tubers,Sweet Potato,KG,UGX,Retail,623.08,0.1684,-1.1172,30.5281
2023-03-01,Uganda,Gulu,cereals and tubers,Sweet Potato,KG,UGX,Retail,621.36,0.1679,3.4485,32.4998
2023-04-01,Uganda,Gulu,cereals and tubers,Sweet Potato,KG,UGX,Retail,674.69,0.1823,2.9632,34.0719
2023-05-01,Uganda,Gulu,cereals and tubers,Sweet Potato,KG,UGX,Retail,663.35,0.1793,1.4001,33.4772
2023-06-01,Uganda,Gulu,cereals and tubers,Sweet Potato,KG,UGX,Retail,742.3,0.2006,3.3706,29.7122
2023-07-01,Uganda,Gulu,cereals and tubers,Sweet Potato,KG,UGX,Retail,899.69,0.2432,3.0611,31.4374
2023-08-01,Uganda,Gulu,cereals and tubers,Sweet Potato,KG,UGX,Retail,918.7,0.2483,-0.4355,32.4661
2023-09-01,Uganda,Gulu,cereals and tubers,Sweet Potato,KG,UGX,Retail,1001.94,0.2708,-1.0973,29.7646
2023-10-01,Uganda,Gulu,cereals and tubers,Sweet Potato,KG,UGX,Retail,869.0,0.2349,3.9503,31.1067
2023-11-01,Uganda,Gulu,cereals and tubers,Sweet Potato,KG,UGX,Retail,717.79,0.194,3.5598,31.1289
2023-12-01,Uganda,Gulu,cereals and tubers,Sweet Potato,KG,UGX,Retail,590.52,0.1596,2.4094,32.3638
2024-01-01,Uganda,Gulu,cereals and tubers,Sweet Potato,KG,UGX,Retail,574.95,0.1554,3.1484,33.8826
2024-02-01,Uganda,Gulu,cereals and tubers,Sweet Potato,KG,UGX,Retail,578.65,0.1564,4.1901,32.184
2024-03-01,Uganda,Gulu,cereals and tubers,Sweet Potato,KG,UGX,Retail,582.37,0.1574,3.4161,30.7427
2024-04-01,Uganda,Gulu,cereals and tubers,Sweet Potato,KG,UGX,Retail,637.2,0.1722,0.8071,34.2264
2024-05-01,Uganda,Gulu,cereals and tubers,Sweet Potato,KG,UGX,Retail,673.19,0.1819,2.4901,29.6397
2024-06-01,Uganda,Gulu,cereals and tubers,Sweet Potato,KG,UGX,Retail,691.62,0.1869,2.0084,30.3007
2024-07-01,Uganda,Gulu,cereals and tubers,Sweet Potato,KG,UGX,Retail,786.86,0.2127,-0.6092,34.5129
2024-08-01,Uganda,Gulu,cereals and tubers,Sweet Potato,KG,UGX,Retail,801.27,0.2166,4.1674,32.8656
2024-09-01,Uganda,Gulu,cereals and tubers,Sweet Potato,KG,UGX,Retail,847.85,0.2291,-1.1279,30.0046
2024-10-01,Uganda,Gulu,cereals and tubers,Sweet Potato,KG,UGX,Retail,866.15,0.2341,3.1146,31.776
2024-11-01,Uganda,Gulu,cereals and tubers,Sweet Potato,KG,UGX,Retail,701.1,0.1895,1.8589,32.4784
2024-12-01,Uganda,Gulu,cereals and tubers,Sweet Potato,KG,UGX,Retail,616.98,0.1668,1.1892,33.4548
2025-01-01,Uganda,Gulu,cereals and tubers,Sweet Potato,KG,UGX,Retail,630.14,0.1703,0.4967,29.666
2025-02-01,Uganda,Gulu,cereals and tubers,Sweet Potato,KG,UGX,Retail,624.94,0.1689,1.655,31.459
2025-03-01,Uganda,Gulu,cereals and tubers,Sweet Potato,KG,UGX,Retail,628.96,0.17,2.0764,32.4099
2025-04-01,Uganda,Gulu,cereals and tubers,Sweet Potato,KG,UGX,Retail,694.22,0.1876,-0.026,34.0266
2025-05-01,Uganda,Gulu,cereals and tubers,Sweet Potato,KG,UGX,Retail,773.75,0.2091,2.0322,34.6477
2025-06-01,Uganda,Gulu,cereals and tubers,Sweet Potato,KG,UGX,Retail,898.2,0.2428,3.3657,31.7436
2025-07-01,Uganda,Gulu,cereals and tubers,Sweet Potato,KG,UGX,Retail,1099.15,0.2971,1.6397,32.9401
2025-08-01,Uganda,Gulu,cereals and tubers,Sweet Potato,KG,UGX,Retail,1085.2,0.2933,-0.3512,32.5752
2025-09-01,Uganda,Gulu,cereals and tubers,Sweet Potato,KG,UGX,Retail,1119.3,0.3025,2.7262,34.1363
2025-10-01,Uganda,Gulu,cereals and tubers,Sweet Potato,KG,UGX,Retail,1118.8,0.3024,-0.9199,34.6745
2025-11-01,Uganda,Gulu,cereals and tubers,Sweet Potato,KG,UGX,Retail,948.38,0.2563,1.2021,34.1374
2025-12-01,Uganda,Gulu,cereals and tubers,Sweet Potato,KG,UGX,Retail,871.42,0.2355,-1.3961,29.7347
2026-01-01,Uganda,Gulu,cereals and tubers,Sweet Potato,KG,UGX,Retail,782.02,0.2114,3.1261,30.2881
2026-02-01,Uganda,Gulu,cereals and tubers,Sweet Potato,KG,UGX,Retail,700.59,0.1893,2.6622,34.728
2026-03-01,Uganda,Gulu,cereals and tubers,Sweet Potato,KG,UGX,Retail,714.89,0.1932,3.4999,32.4058
2026-04-01,Uganda,Gulu,cereals and tubers,Sweet Potato,KG,UGX,Retail,786.53,0.2126,-0.4575,29.9691
2026-05-01,Uganda,Gulu,cereals and tubers,Sweet Potato,KG,UGX,Retail,859.23,0.2322,-1.2039,34.4194
2026-06-01,Uganda,Gulu,cereals and tubers,Sweet Potato,KG,UGX,Retail,857.36,0.2317,3.9275,31.295
2026-07-01,Uganda,Gulu,cereals and tubers,Sweet Potato,KG,UGX,Retail,849.12,0.2295,2.7276,30.911
2018-01-01,Uganda,Gulu,cereals and tubers,Groundnuts,KG,UGX,Retail,4430.08,1.1973,2.259,34.8856
2018-02-01,Uganda,Gulu,cereals and tubers,Groundnuts,KG,UGX,Retail,4098.14,1.1076,1.2094,32.7794
2018-03-01,Uganda,Gulu,cereals and tubers,Groundnuts,KG,UGX,Retail,4030.94,1.0894,0.9622,31.1336
2018-04-01,Uganda,Gulu,cereals and tubers,Groundnuts,KG,UGX,Retail,4536.82,1.2262,1.4186,30.4944
2018-05-01,Uganda,Gulu,cereals and tubers,Groundnuts,KG,UGX,Retail,4781.29,1.2922,-0.5327,33.5074
2018-06-01,Uganda,Gulu,cereals and tubers,Groundnuts,KG,UGX,Retail,5490.3,1.4839,3.6088,29.7415
2018-07-01,Uganda,Gulu,cereals and tubers,Groundnuts,KG,UGX,Retail,6030.47,1.6299,0.3246,30.8154
2018-08-01,Uganda,Gulu,cereals and tubers,Groundnuts,KG,UGX,Retail,6863.83,1.8551,3.2995,34.5425
2018-09-01,Uganda,Gulu,cereals and tubers,Groundnuts,KG,UGX,Retail,6755.82,1.8259,-0.6208,33.4888
2018-10-01,Uganda,Gulu,cereals and tubers,Groundnuts,KG,UGX,Retail,6174.53,1.6688,-0.3542,33.7056
2018-11-01,Uganda,Gulu,cereals and tubers,Groundnuts,KG,UGX,Retail,5677.92,1.5346,2.2244,31.5404
2018-12-01,Uganda,Gulu,cereals and tubers,Groundnuts,KG,UGX,Retail,4821.93,1.3032,-0.4721,33.6852
2019-01-01,Uganda,Gulu,cereals and tubers,Groundnuts,KG,UGX,Retail,4441.8,1.2005,2.9363,33.9092
2019-02-01,Uganda,Gulu,cereals and tubers,Groundnuts,KG,UGX,Retail,4537.0,1.2262,-1.3893,31.0749
2019-03-01,Uganda,Gulu,cereals and tubers,Groundnuts,KG,UGX,Retail,4803.94,1.2984,1.8946,34.5638
2019-04-01,Uganda,Gulu,cereals and tubers,Groundnuts,KG,UGX,Retail,5127.43,1.3858,3.4876,30.4825
2019-05-01,Uganda,Gulu,cereals and tubers,Groundnuts,KG,UGX,Retail,6262.7,1.6926,-1.202,33.6094
2019-06-01,Uganda,Gulu,cereals and tubers,Groundnuts,KG,UGX,Retail,7168.77,1.9375,-0.035,33.7863
2019-07-01,Uganda,Gulu,cereals and tubers,Groundnuts,KG,UGX,Retail,8104.87,2.1905,-1.4204,29.6121
2019-08-01,Uganda,Gulu,cereals and tubers,Groundnuts,KG,UGX,Retail,8624.83,2.331,0.2382,30.5737
2019-09-01,Uganda,Gulu,cereals and tubers,Groundnuts,KG,UGX,Retail,8289.57,2.2404,-0.1979,32.7979
2019-10-01,Uganda,Gulu,cereals and tubers,Groundnuts,KG,UGX,Retail,7879.64,2.1296,-0.4355,30.3458
2019-11-01,Uganda,Gulu,cereals and tubers,Groundnuts,KG,UGX,Retail,6791.19,1.8355,-1.33,31.2639
2019-12-01,Uganda,Gulu,cereals and tubers,Groundnuts,KG,UGX,Retail,6149.55,1.662,3.2388,31.6088
2020-01-01,Uganda,Gulu,cereals and tubers,Groundnuts,KG,UGX,Retail,6029.82,1.6297,1.734,34.0752
2020-02-01,Uganda,Gulu,cereals and tubers,Groundnuts,KG,UGX,Retail,5981.3,1.6166,0.1894,31.2296
2020-03-01,Uganda,Gulu,cereals and tubers,Groundnuts,KG,UGX,Retail,6063.13,1.6387,0.2937,34.3407
2020-04-01,Uganda,Gulu,cereals and tubers,Groundnuts,KG,UGX,Retail,6391.5,1.7274,-0.8751,32.0735
2020-05-01,Uganda,Gulu,cereals and tubers,Groundnuts,KG,UGX,Retail,7073.76,1.9118,1.2893,32.5955
2020-06-01,Uganda,Gulu,cereals and tubers,Groundnuts,KG,UGX,Retail,8109.35,2.1917,3.3008,34.8578
2020-07-01,Uganda,Gulu,cereals and tubers,Groundnuts,KG,UGX,Retail,9183.93,2.4821,2.2646,32.4511
2020-08-01,Uganda,Gulu,cereals and tubers,Groundnuts,KG,UGX,Retail,9263.38,2.5036,-0.6508,32.7539
2020-09-01,Uganda,Gulu,cereals and tubers,Groundnuts,KG,UGX,Retail,8868.08,2.3968,3.1997,31.8729
2020-10-01,Uganda,Gulu,cereals and tubers,Groundnuts,KG,UGX,Retail,8245.13,2.2284,0.3649,34.8345
2020-11-01,Uganda,Gulu,cereals and tubers,Groundnuts,KG,UGX,Retail,7560.3,2.0433,-0.6375,30.4939
2020-12-01,Uganda,Gulu,cereals and tubers,Groundnuts,KG,UGX,Retail,6506.19,1.7584,4.1538,30.8716
2021-01-01,Uganda,Gulu,cereals and tubers,Groundnuts,KG,UGX,Retail,5992.51,1.6196,0.0881,33.0987
2021-02-01,Uganda,Gulu,cereals and tubers,Groundnuts,KG,UGX,Retail,5867.43,1.5858,1.3252,33.1347
2021-03-01,Uganda,Gulu,cereals and tubers,Groundnuts,KG,UGX,Retail,5586.45,1.5099,-0.1443,34.0739
2021-04-01,Uganda,Gulu,cereals and tubers,Groundnuts,KG,UGX,Retail,5336.19,1.4422,1.1174,33.034
2021-05-01,Uganda,Gulu,cereals and tubers,Groundnuts,KG,UGX,Retail,5795.6,1.5664,-0.1235,34.268
2021-06-01,Uganda,Gulu,cereals and tubers,Groundnuts,KG,UGX,Retail,6629.82,1.7918,2.9222,30.2053
2021-07-01,Uganda,Gulu,cereals and tubers,Groundnuts,KG,UGX,Retail,7618.6,2.0591,1.5416,32.4346
2021-08-01,Uganda,Gulu,cereals and tubers,Groundnuts,KG,UGX,Retail,8363.57,2.2604,4.1779,30.1789
2021-09-01,Uganda,Gulu,cereals and tubers,Groundnuts,KG,UGX,Retail,8490.3,2.2947,0.5383,32.1862
2021-10-01,Uganda,Gulu,cereals and tubers,Groundnuts,KG,UGX,Retail,7680.02,2.0757,3.3803,33.761
2021-11-01,Uganda,Gulu,cereals and tubers,Groundnuts,KG,UGX,Retail,6947.87,1.8778,1.0936,32.9376
2021-12-01,Uganda,Gulu,cereals and tubers,Groundnuts,KG,UGX,Retail,5783.25,1.563,-0.7553,31.7464
2022-01-01,Uganda,Gulu,cereals and tubers,Groundnuts,KG,UGX,Retail,5045.73,1.3637,-0.43,33.6841
2022-02-01,Uganda,Gulu,cereals and tubers,Groundnuts,KG,UGX,Retail,5061.47,1.368,1.8572,32.3849
2022-03-01,Uganda,Gulu,cereals and tubers,Groundnuts,KG,UGX,Retail,5080.62,1.3731,-0.8045,30.217
2022-04-01,Uganda,Gulu,cereals and tubers,Groundnuts,KG,UGX,Retail,5385.31,1.4555,0.9579,31.2121
2022-05-01,Uganda,Gulu,cereals and tubers,Groundnuts,KG,UGX,Retail,5936.37,1.6044,-0.102,30.0578
2022-06-01,Uganda,Gulu,cereals and tubers,Groundnuts,KG,UGX,Retail,6790.49,1.8353,2.9083,34.193
2022-07-01,Uganda,Gulu,cereals and tubers,Groundnuts,KG,UGX,Retail,7958.79,2.151,1.68,33.5106
2022-08-01,Uganda,Gulu,cereals and tubers,Groundnuts,KG,UGX,Retail,8210.03,2.2189,-0.1641,32.5741
2022-09-01,Uganda,Gulu,cereals and tubers,Groundnuts,KG,UGX,Retail,8329.83,2.2513,0.3076,33.1315
2022-10-01,Uganda,Gulu,cereals and tubers,Groundnuts,KG,UGX,Retail,7321.15,1.9787,1.368,30.0863
2022-11-01,Uganda,Gulu,cereals and tubers,Groundnuts,KG,UGX,Retail,6768.37,1.8293,3.4344,30.3637
2022-12-01,Uganda,Gulu,cereals and tubers,Groundnuts,KG,UGX,Retail,6537.75,1.767,-1.2226,29.76
2023-01-01,Uganda,Gulu,cereals and tubers,Groundnuts,KG,UGX,Retail,6125.13,1.6554,1.3128,31.5198
2023-02-01,Uganda,Gulu,cereals and tubers,Groundnuts,KG,UGX,Retail,5886.37,1.5909,4.0861,30.9622
2023-03-01,Uganda,Gulu,cereals and tubers,Groundnuts,KG,UGX,Retail,5637.13,1.5235,0.1174,29.9806
2023-04-01,Uganda,Gulu,cereals and tubers,Groundnuts,KG,UGX,Retail,6135.0,1.6581,-1.4907,33.249
2023-05-01,Uganda,Gulu,cereals and tubers,Groundnuts,KG,UGX,Retail,6818.32,1.8428,2.7528,33.7567
2023-06-01,Uganda,Gulu,cereals and tubers,Groundnuts,KG,UGX,Retail,7194.91,1.9446,-1.3604,33.4002
2023-07-01,Uganda,Gulu,cereals and tubers,Groundnuts,KG,UGX,Retail,8931.29,2.4139,-0.117,31.0809
2023-08-01,Uganda,Gulu,cereals and tubers,Groundnuts,KG,UGX,Retail,9267.51,2.5047,-0.5857,33.1672
2023-09-01,Uganda,Gulu,cereals and tubers,Groundnuts,KG,UGX,Retail,9303.49,2.5145,-1.2882,32.5903
2023-10-01,Uganda,Gulu,cereals and tubers,Groundnuts,KG,UGX,Retail,9213.84,2.4902,0.2296,34.3323
2023-11-01,Uganda,Gulu,cereals and tubers,Groundnuts,KG,UGX,Retail,8185.12,2.2122,0.5759,34.1828
2023-12-01,Uganda,Gulu,cereals and tubers,Groundnuts,KG,UGX,Retail,7351.84,1.987,3.1818,30.027
2024-01-01,Uganda,Gulu,cereals and tubers,Groundnuts,KG,UGX,Retail,6909.49,1.8674,-1.0706,33.2607
2024-02-01,Uganda,Gulu,cereals and tubers,Groundnuts,KG,UGX,Retail,6616.73,1.7883,3.3442,34.8988
2024-03-01,Uganda,Gulu,cereals and tubers,Groundnuts,KG,UGX,Retail,6782.44,1.8331,2.8837,32.3311
2024-04-01,Uganda,Gulu,cereals and tubers,Groundnuts,KG,UGX,Retail,7383.8,1.9956,2.1694,34.3712
2024-05-01,Uganda,Gulu,cereals and tubers,Groundnuts,KG,UGX,Retail,7953.8,2.1497,1.3314,33.541
2024-06-01,Uganda,Gulu,cereals and tubers,Groundnuts,KG,UGX,Retail,9147.69,2.4723,-0.2954,34.8814
2024-07-01,Uganda,Gulu,cereals and tubers,Groundnuts,KG,UGX,Retail,9727.16,2.629,-0.4637,31.3899
2024-08-01,Uganda,Gulu,cereals and tubers,Groundnuts,KG,UGX,Retail,10536.57,2.8477,2.0516,34.5843
2024-09-01,Uganda,Gulu,cereals and tubers,Groundnuts,KG,UGX,Retail,9520.2,2.573,2.2147,33.3796
2024-10-01,Uganda,Gulu,cereals and tubers,Groundnuts,KG,UGX,Retail,8369.95,2.2621,3.3858,30.7761
2024-11-01,Uganda,Gulu,cereals and tubers,Groundnuts,KG,UGX,Retail,7834.12,2.1173,4.0476,34.2663
2024-12-01,Uganda,Gulu,cereals and tubers,Groundnuts,KG,UGX,Retail,7185.42,1.942,2.3485,32.1219
2025-01-01,Uganda,Gulu,cereals and tubers,Groundnuts,KG,UGX,Retail,6666.5,1.8018,0.1346,30.3345
2025-02-01,Uganda,Gulu,cereals and tubers,Groundnuts,KG,UGX,Retail,6687.96,1.8076,1.0456,32.3658
2025-03-01,Uganda,Gulu,cereals and tubers,Groundnuts,KG,UGX,Retail,7036.2,1.9017,3.8501,33.0484
2025-04-01,Uganda,Gulu,cereals and tubers,Groundnuts,KG,UGX,Retail,7403.35,2.0009,-0.8772,32.9634
2025-05-01,Uganda,Gulu,cereals and tubers,Groundnuts,KG,UGX,Retail,8532.15,2.306,0.3862,30.6538
2025-06-01,Uganda,Gulu,cereals and tubers,Groundnuts,KG,UGX,Retail,9554.5,2.5823,0.0557,32.0149
2025-07-01,Uganda,Gulu,cereals and tubers,Groundnuts,KG,UGX,Retail,10016.62,2.7072,0.0463,33.102
2025-08-01,Uganda,Gulu,cereals and tubers,Groundnuts,KG,UGX,Retail,10328.51,2.7915,0.4401,33.3247
2025-09-01,Uganda,Gulu,cereals and tubers,Groundnuts,KG,UGX,Retail,10538.22,2.8482,-0.2407,30.6836
2025-10-01,Uganda,Gulu,cereals and tubers,Groundnuts,KG,UGX,Retail,9966.0,2.6935,1.2005,29.8104
2025-11-01,Uganda,Gulu,cereals and tubers,Groundnuts,KG,UGX,Retail,9116.14,2.4638,4.1704,34.5593
2025-12-01,Uganda,Gulu,cereals and tubers,Groundnuts,KG,UGX,Retail,8479.51,2.2918,0.267,32.104
2026-01-01,Uganda,Gulu,cereals and tubers,Groundnuts,KG,UGX,Retail,7296.0,1.9719,3.0751,30.2817
2026-02-01,Uganda,Gulu,cereals and tubers,Groundnuts,KG,UGX,Retail,6019.1,1.6268,3.4595,34.3633
2026-03-01,Uganda,Gulu,cereals and tubers,Groundnuts,KG,UGX,Retail,5822.14,1.5736,1.7735,30.4406
2026-04-01,Uganda,Gulu,cereals and tubers,Groundnuts,KG,UGX,Retail,6008.07,1.6238,3.7237,32.0558
2026-05-01,Uganda,Gulu,cereals and tubers,Groundnuts,KG,UGX,Retail,7189.9,1.9432,1.8017,31.806
2026-06-01,Uganda,Gulu,cereals and tubers,Groundnuts,KG,UGX,Retail,8409.2,2.2728,0.44,34.3244
2026-07-01,Uganda,Gulu,cereals and tubers,Groundnuts,KG,UGX,Retail,9206.72,2.4883,-0.6021,31.255
2018-01-01,Uganda,Gulu,cereals and tubers,Millet,KG,UGX,Retail,1375.38,0.3717,0.1031,33.1646
2018-02-01,Uganda,Gulu,cereals and tubers,Millet,KG,UGX,Retail,1309.25,0.3539,-0.8652,30.3149
2018-03-01,Uganda,Gulu,cereals and tubers,Millet,KG,UGX,Retail,1362.09,0.3681,3.4854,34.6982
2018-04-01,Uganda,Gulu,cereals and tubers,Millet,KG,UGX,Retail,1487.13,0.4019,2.8324,33.5806
2018-05-01,Uganda,Gulu,cereals and tubers,Millet,KG,UGX,Retail,1679.24,0.4538,1.0826,34.2255
2018-06-01,Uganda,Gulu,cereals and tubers,Millet,KG,UGX,Retail,1928.89,0.5213,1.1883,30.9206
2018-07-01,Uganda,Gulu,cereals and tubers,Millet,KG,UGX,Retail,2089.36,0.5647,3.3708,31.7597
2018-08-01,Uganda,Gulu,cereals and tubers,Millet,KG,UGX,Retail,2322.73,0.6278,0.7812,32.1839
2018-09-01,Uganda,Gulu,cereals and tubers,Millet,KG,UGX,Retail,2301.44,0.622,2.9216,34.8785
2018-10-01,Uganda,Gulu,cereals and tubers,Millet,KG,UGX,Retail,2348.92,0.6348,0.4512,31.6174
2018-11-01,Uganda,Gulu,cereals and tubers,Millet,KG,UGX,Retail,2098.34,0.5671,0.1926,30.0668
2018-12-01,Uganda,Gulu,cereals and tubers,Millet,KG,UGX,Retail,1881.85,0.5086,-0.5461,31.4706
2019-01-01,Uganda,Gulu,cereals and tubers,Millet,KG,UGX,Retail,1729.52,0.4674,-0.0982,32.9042
2019-02-01,Uganda,Gulu,cereals and tubers,Millet,KG,UGX,Retail,1605.31,0.4339,1.7315,30.6465
2019-03-01,Uganda,Gulu,cereals and tubers,Millet,KG,UGX,Retail,1775.99,0.48,1.8651,32.3357
2019-04-01,Uganda,Gulu,cereals and tubers,Millet,KG,UGX,Retail,1889.29,0.5106,1.0467,32.5326
2019-05-01,Uganda,Gulu,cereals and tubers,Millet,KG,UGX,Retail,2119.95,0.573,1.9909,29.9789
2019-06-01,Uganda,Gulu,cereals and tubers,Millet,KG,UGX,Retail,2246.57,0.6072,3.0844,31.0001
2019-07-01,Uganda,Gulu,cereals and tubers,Millet,KG,UGX,Retail,2756.9,0.7451,0.8372,31.3089
2019-08-01,Uganda,Gulu,cereals and tubers,Millet,KG,UGX,Retail,2856.07,0.7719,0.4566,30.878
2019-09-01,Uganda,Gulu,cereals and tubers,Millet,KG,UGX,Retail,2723.12,0.736,2.7519,33.2817
2019-10-01,Uganda,Gulu,cereals and tubers,Millet,KG,UGX,Retail,2426.62,0.6558,-0.7521,33.047
2019-11-01,Uganda,Gulu,cereals and tubers,Millet,KG,UGX,Retail,2285.64,0.6177,-0.2139,33.8073
2019-12-01,Uganda,Gulu,cereals and tubers,Millet,KG,UGX,Retail,1966.94,0.5316,-1.092,29.7967
2020-01-01,Uganda,Gulu,cereals and tubers,Millet,KG,UGX,Retail,1677.64,0.4534,2.0176,34.292
2020-02-01,Uganda,Gulu,cereals and tubers,Millet,KG,UGX,Retail,1512.43,0.4088,-0.379,32.4609
2020-03-01,Uganda,Gulu,cereals and tubers,Millet,KG,UGX,Retail,1426.31,0.3855,1.2505,34.5903
2020-04-01,Uganda,Gulu,cereals and tubers,Millet,KG,UGX,Retail,1483.92,0.4011,0.8662,34.943
2020-05-01,Uganda,Gulu,cereals and tubers,Millet,KG,UGX,Retail,1595.57,0.4312,3.813,32.309
2020-06-01,Uganda,Gulu,cereals and tubers,Millet,KG,UGX,Retail,1794.54,0.485,3.7552,32.3395
2020-07-01,Uganda,Gulu,cereals and tubers,Millet,KG,UGX,Retail,1913.7,0.5172,0.0532,33.1576
2020-08-01,Uganda,Gulu,cereals and tubers,Millet,KG,UGX,Retail,1940.32,0.5244,-0.2782,33.4308
2020-09-01,Uganda,Gulu,cereals and tubers,Millet,KG,UGX,Retail,1906.87,0.5154,0.7648,29.6238
2020-10-01,Uganda,Gulu,cereals and tubers,Millet,KG,UGX,Retail,1721.82,0.4654,-1.4655,30.005
2020-11-01,Uganda,Gulu,cereals and tubers,Millet,KG,UGX,Retail,1475.78,0.3989,-1.0331,31.0886
2020-12-01,Uganda,Gulu,cereals and tubers,Millet,KG,UGX,Retail,1345.95,0.3638,0.2591,34.9873
2021-01-01,Uganda,Gulu,cereals and tubers,Millet,KG,UGX,Retail,1270.27,0.3433,1.8363,34.8215
2021-02-01,Uganda,Gulu,cereals and tubers,Millet,KG,UGX,Retail,1318.64,0.3564,0.3177,33.6478
2021-03-01,Uganda,Gulu,cereals and tubers,Millet,KG,UGX,Retail,1319.99,0.3568,2.4019,32.2518
2021-04-01,Uganda,Gulu,cereals and tubers,Millet,KG,UGX,Retail,1419.4,0.3836,0.0631,34.7591
2021-05-01,Uganda,Gulu,cereals and tubers,Millet,KG,UGX,Retail,1608.62,0.4348,-0.4657,30.6127
2021-06-01,Uganda,Gulu,cereals and tubers,Millet,KG,UGX,Retail,1708.97,0.4619,3.3031,33.6932
2021-07-01,Uganda,Gulu,cereals and tubers,Millet,KG,UGX,Retail,1836.58,0.4964,-0.3103,29.8488
2021-08-01,Uganda,Gulu,cereals and tubers,Millet,KG,UGX,Retail,1886.38,0.5098,3.1442,33.5403
2021-09-01,Uganda,Gulu,cereals and tubers,Millet,KG,UGX,Retail,1879.08,0.5079,1.8898,31.9557
2021-10-01,Uganda,Gulu,cereals and tubers,Millet,KG,UGX,Retail,1805.05,0.4879,1.4498,33.2772
2021-11-01,Uganda,Gulu,cereals and tubers,Millet,KG,UGX,Retail,1617.53,0.4372,3.8615,31.9114
2021-12-01,Uganda,Gulu,cereals and tubers,Millet,KG,UGX,Retail,1425.52,0.3853,-0.1527,32.3033
2022-01-01,Uganda,Gulu,cereals and tubers,Millet,KG,UGX,Retail,1339.11,0.3619,1.6486,33.4586
2022-02-01,Uganda,Gulu,cereals and tubers,Millet,KG,UGX,Retail,1284.71,0.3472,2.29,33.4018
2022-03-01,Uganda,Gulu,cereals and tubers,Millet,KG,UGX,Retail,1321.63,0.3572,0.7924,30.5662
2022-04-01,Uganda,Gulu,cereals and tubers,Millet,KG,UGX,Retail,1450.78,0.3921,2.9849,34.5085
2022-05-01,Uganda,Gulu,cereals and tubers,Millet,KG,UGX,Retail,1705.74,0.461,0.2064,33.2844
2022-06-01,Uganda,Gulu,cereals and tubers,Millet,KG,UGX,Retail,2087.91,0.5643,0.3936,34.0634
2022-07-01,Uganda,Gulu,cereals and tubers,Millet,KG,UGX,Retail,2354.72,0.6364,-1.4387,30.264
2022-08-01,Uganda,Gulu,cereals and tubers,Millet,KG,UGX,Retail,2392.51,0.6466,3.5099,31.8949
2022-09-01,Uganda,Gulu,cereals and tubers,Millet,KG,UGX,Retail,2439.14,0.6592,0.9457,31.7321
2022-10-01,Uganda,Gulu,cereals and tubers,Millet,KG,UGX,Retail,2179.41,0.589,-0.714,33.1419
2022-11-01,Uganda,Gulu,cereals and tubers,Millet,KG,UGX,Retail,1949.38,0.5269,2.9199,30.6891
2022-12-01,Uganda,Gulu,cereals and tubers,Millet,KG,UGX,Retail,1523.39,0.4117,3.0918,30.2768
2023-01-01,Uganda,Gulu,cereals and tubers,Millet,KG,UGX,Retail,1317.52,0.3561,3.9126,32.1005
2023-02-01,Uganda,Gulu,cereals and tubers,Millet,KG,UGX,Retail,1243.31,0.336,-1.3674,31.105
2023-03-01,Uganda,Gulu,cereals and tubers,Millet,KG,UGX,Retail,1244.43,0.3363,3.5514,31.0658
2023-04-01,Uganda,Gulu,cereals and tubers,Millet,KG,UGX,Retail,1345.18,0.3636,2.2746,30.2225
2023-05-01,Uganda,Gulu,cereals and tubers,Millet,KG,UGX,Retail,1412.09,0.3816,-0.1442,31.9896
2023-06-01,Uganda,Gulu,cereals and tubers,Millet,KG,UGX,Retail,1612.63,0.4358,0.9705,30.9205
2023-07-01,Uganda,Gulu,cereals and tubers,Millet,KG,UGX,Retail,1959.57,0.5296,1.8315,32.4043
2023-08-01,Uganda,Gulu,cereals and tubers,Millet,KG,UGX,Retail,2184.28,0.5903,-0.2352,33.2743
2023-09-01,Uganda,Gulu,cereals and tubers,Millet,KG,UGX,Retail,2219.01,0.5997,0.5718,30.4086
2023-10-01,Uganda,Gulu,cereals and tubers,Millet,KG,UGX,Retail,2276.34,0.6152,1.9352,31.4376
2023-11-01,Uganda,Gulu,cereals and tubers,Millet,KG,UGX,Retail,1946.28,0.526,3.3191,30.1889
2023-12-01,Uganda,Gulu,cereals and tubers,Millet,KG,UGX,Retail,1868.62,0.505,0.7449,34.9985
2024-01-01,Uganda,Gulu,cereals and tubers,Millet,KG,UGX,Retail,1847.87,0.4994,0.099,31.9874
2024-02-01,Uganda,Gulu,cereals and tubers,Millet,KG,UGX,Retail,1726.42,0.4666,2.4444,32.1969
2024-03-01,Uganda,Gulu,cereals and tubers,Millet,KG,UGX,Retail,1618.4,0.4374,1.3863,34.3995
2024-04-01,Uganda,Gulu,cereals and tubers,Millet,KG,UGX,Retail,1694.96,0.4581,1.3433,31.1579
2024-05-01,Uganda,Gulu,cereals and tubers,Millet,KG,UGX,Retail,1914.1,0.5173,3.5068,33.4349
2024-06-01,Uganda,Gulu,cereals and tubers,Millet,KG,UGX,Retail,2008.18,0.5428,3.5128,30.2571
2024-07-01,Uganda,Gulu,cereals and tubers,Millet,KG,UGX,Retail,2298.99,0.6213,-0.2647,30.2511
2024-08-01,Uganda,Gulu,cereals and tubers,Millet,KG,UGX,Retail,2547.0,0.6884,0.7081,34.6823
2024-09-01,Uganda,Gulu,cereals and tubers,Millet,KG,UGX,Retail,2444.86,0.6608,3.1449,33.6437
2024-10-01,Uganda,Gulu,cereals and tubers,Millet,KG,UGX,Retail,2367.74,0.6399,3.7463,31.8028
2024-11-01,Uganda,Gulu,cereals and tubers,Millet,KG,UGX,Retail,2138.16,0.5779,0.0718,34.3508
2024-12-01,Uganda,Gulu,cereals and tubers,Millet,KG,UGX,Retail,1990.52,0.538,0.4457,30.767
2025-01-01,Uganda,Gulu,cereals and tubers,Millet,KG,UGX,Retail,1981.46,0.5355,2.585,31.1481
2025-02-01,Uganda,Gulu,cereals and tubers,Millet,KG,UGX,Retail,1868.08,0.5049,2.0898,33.8528
2025-03-01,Uganda,Gulu,cereals and tubers,Millet,KG,UGX,Retail,1878.38,0.5077,2.0969,30.4302
2025-04-01,Uganda,Gulu,cereals and tubers,Millet,KG,UGX,Retail,1755.87,0.4746,2.6289,33.011
2025-05-01,Uganda,Gulu,cereals and tubers,Millet,KG,UGX,Retail,2010.29,0.5433,3.3926,29.8881
2025-06-01,Uganda,Gulu,cereals and tubers,Millet,KG,UGX,Retail,2186.02,0.5908,4.1078,32.4701
2025-07-01,Uganda,Gulu,cereals and tubers,Millet,KG,UGX,Retail,2525.39,0.6825,1.8925,33.8287
2025-08-01,Uganda,Gulu,cereals and tubers,Millet,KG,UGX,Retail,2659.41,0.7188,2.4395,30.8302
2025-09-01,Uganda,Gulu,cereals and tubers,Millet,KG,UGX,Retail,2491.64,0.6734,-0.1439,34.8955
2025-10-01,Uganda,Gulu,cereals and tubers,Millet,KG,UGX,Retail,2256.78,0.6099,-0.1509,34.2368
2025-11-01,Uganda,Gulu,cereals and tubers,Millet,KG,UGX,Retail,1819.98,0.4919,0.5571,33.4591
2025-12-01,Uganda,Gulu,cereals and tubers,Millet,KG,UGX,Retail,1646.04,0.4449,-0.5933,32.2263
2026-01-01,Uganda,Gulu,cereals and tubers,Millet,KG,UGX,Retail,1364.76,0.3689,-0.1567,29.6499
2026-02-01,Uganda,Gulu,cereals and tubers,Millet,KG,UGX,Retail,1349.97,0.3649,0.314,29.7682
2026-03-01,Uganda,Gulu,cereals and tubers,Millet,KG,UGX,Retail,1306.05,0.353,2.0719,29.9823
2026-04-01,Uganda,Gulu,cereals and tubers,Millet,KG,UGX,Retail,1378.6,0.3726,3.475,32.7437
2026-05-01,Uganda,Gulu,cereals and tubers,Millet,KG,UGX,Retail,1512.79,0.4089,1.1511,30.7247
2026-06-01,Uganda,Gulu,cereals and tubers,Millet,KG,UGX,Retail,1647.6,0.4453,3.7098,34.5176
2026-07-01,Uganda,Gulu,cereals and tubers,Millet,KG,UGX,Retail,1677.15,0.4533,0.2712,30.4674
2018-01-01,Uganda,Mbarara,cereals and tubers,Maize,KG,UGX,Retail,1106.97,0.2992,0.397,33.0188
2018-02-01,Uganda,Mbarara,cereals and tubers,Maize,KG,UGX,Retail,1004.86,0.2716,3.7406,30.1567
2018-03-01,Uganda,Mbarara,cereals and tubers,Maize,KG,UGX,Retail,1015.68,0.2745,3.3732,33.4004
2018-04-01,Uganda,Mbarara,cereals and tubers,Maize,KG,UGX,Retail,1017.63,0.275,1.8943,30.8071
2018-05-01,Uganda,Mbarara,cereals and tubers,Maize,KG,UGX,Retail,1108.01,0.2995,1.1856,31.5072
2018-06-01,Uganda,Mbarara,cereals and tubers,Maize,KG,UGX,Retail,1278.35,0.3455,-0.2565,33.1798
2018-07-01,Uganda,Mbarara,cereals and tubers,Maize,KG,UGX,Retail,1437.67,0.3886,-0.5502,29.8368
2018-08-01,Uganda,Mbarara,cereals and tubers,Maize,KG,UGX,Retail,1564.19,0.4228,2.9119,33.1142
2018-09-01,Uganda,Mbarara,cereals and tubers,Maize,KG,UGX,Retail,1687.09,0.456,0.7962,30.8687
2018-10-01,Uganda,Mbarara,cereals and tubers,Maize,KG,UGX,Retail,1636.24,0.4422,-0.3351,33.5216
2018-11-01,Uganda,Mbarara,cereals and tubers,Maize,KG,UGX,Retail,1420.28,0.3839,0.1602,32.3353
2018-12-01,Uganda,Mbarara,cereals and tubers,Maize,KG,UGX,Retail,1292.68,0.3494,1.9248,31.9622
2019-01-01,Uganda,Mbarara,cereals and tubers,Maize,KG,UGX,Retail,1142.41,0.3088,3.2876,34.3472
2019-02-01,Uganda,Mbarara,cereals and tubers,Maize,KG,UGX,Retail,1082.03,0.2924,2.1195,32.8897
2019-03-01,Uganda,Mbarara,cereals and tubers,Maize,KG,UGX,Retail,1149.79,0.3108,0.336,32.7968
2019-04-01,Uganda,Mbarara,cereals and tubers,Maize,KG,UGX,Retail,1198.3,0.3239,-1.4575,34.1989
2019-05-01,Uganda,Mbarara,cereals and tubers,Maize,KG,UGX,Retail,1361.32,0.3679,1.4913,32.9209
2019-06-01,Uganda,Mbarara,cereals and tubers,Maize,KG,UGX,Retail,1617.13,0.4371,3.6057,30.6265
2019-07-01,Uganda,Mbarara,cereals and tubers,Maize,KG,UGX,Retail,1792.53,0.4845,2.849,30.9
2019-08-01,Uganda,Mbarara,cereals and tubers,Maize,KG,UGX,Retail,1883.26,0.509,0.3025,31.7489
2019-09-01,Uganda,Mbarara,cereals and tubers,Maize,KG,UGX,Retail,1783.22,0.482,4.1937,30.8401
2019-10-01,Uganda,Mbarara,cereals and tubers,Maize,KG,UGX,Retail,1777.8,0.4805,-0.593,34.8933
2019-11-01,Uganda,Mbarara,cereals and tubers,Maize,KG,UGX,Retail,1679.53,0.4539,0.9036,32.6162
2019-12-01,Uganda,Mbarara,cereals and tubers,Maize,KG,UGX,Retail,1603.39,0.4333,3.1559,31.0833
2020-01-01,Uganda,Mbarara,cereals and tubers,Maize,KG,UGX,Retail,1402.52,0.3791,1.6329,32.8543
2020-02-01,Uganda,Mbarara,cereals and tubers,Maize,KG,UGX,Retail,1368.63,0.3699,-0.5389,30.4704
2020-03-01,Uganda,Mbarara,cereals and tubers,Maize,KG,UGX,Retail,1345.1,0.3635,-0.674,34.5784
2020-04-01,Uganda,Mbarara,cereals and tubers,Maize,KG,UGX,Retail,1424.57,0.385,2.0544,31.5304
2020-05-01,Uganda,Mbarara,cereals and tubers,Maize,KG,UGX,Retail,1607.98,0.4346,1.3681,31.1893
2020-06-01,Uganda,Mbarara,cereals and tubers,Maize,KG,UGX,Retail,1904.69,0.5148,1.0807,32.331
2020-07-01,Uganda,Mbarara,cereals and tubers,Maize,KG,UGX,Retail,1942.66,0.525,-0.2271,32.2351
2020-08-01,Uganda,Mbarara,cereals and tubers,Maize,KG,UGX,Retail,2079.94,0.5621,0.495,33.4735
2020-09-01,Uganda,Mbarara,cereals and tubers,Maize,KG,UGX,Retail,2008.16,0.5427,1.8137,31.8502
2020-10-01,Uganda,Mbarara,cereals and tubers,Maize,KG,UGX,Retail,1921.58,0.5193,3.8185,31.8335
2020-11-01,Uganda,Mbarara,cereals and tubers,Maize,KG,UGX,Retail,1742.77,0.471,0.873,34.6617
2020-12-01,Uganda,Mbarara,cereals and tubers,Maize,KG,UGX,Retail,1520.41,0.4109,0.8497,33.6979
2021-01-01,Uganda,Mbarara,cereals and tubers,Maize,KG,UGX,Retail,1283.95,0.347,0.5768,34.972
2021-02-01,Uganda,Mbarara,cereals and tubers,Maize,KG,UGX,Retail,1190.28,0.3217,2.4295,33.0747
2021-03-01,Uganda,Mbarara,cereals and tubers,Maize,KG,UGX,Retail,1228.22,0.332,3.4124,32.6416
2021-04-01,Uganda,Mbarara,cereals and tubers,Maize,KG,UGX,Retail,1344.87,0.3635,-1.37,32.9178
2021-05-01,Uganda,Mbarara,cereals and tubers,Maize,KG,UGX,Retail,1621.98,0.4384,1.0681,30.4894
2021-06-01,Uganda,Mbarara,cereals and tubers,Maize,KG,UGX,Retail,1860.39,0.5028,1.4069,34.1181
2021-07-01,Uganda,Mbarara,cereals and tubers,Maize,KG,UGX,Retail,2143.88,0.5794,1.9893,33.6682
2021-08-01,Uganda,Mbarara,cereals and tubers,Maize,KG,UGX,Retail,2229.1,0.6025,-0.8348,34.6025
2021-09-01,Uganda,Mbarara,cereals and tubers,Maize,KG,UGX,Retail,2352.22,0.6357,2.8702,29.8904
2021-10-01,Uganda,Mbarara,cereals and tubers,Maize,KG,UGX,Retail,2230.29,0.6028,2.049,31.2569
2021-11-01,Uganda,Mbarara,cereals and tubers,Maize,KG,UGX,Retail,1984.27,0.5363,1.6595,32.5838
2021-12-01,Uganda,Mbarara,cereals and tubers,Maize,KG,UGX,Retail,1775.95,0.48,1.005,30.7546
2022-01-01,Uganda,Mbarara,cereals and tubers,Maize,KG,UGX,Retail,1632.23,0.4411,4.0665,31.2181
2022-02-01,Uganda,Mbarara,cereals and tubers,Maize,KG,UGX,Retail,1598.43,0.432,-0.2488,32.1799
2022-03-01,Uganda,Mbarara,cereals and tubers,Maize,KG,UGX,Retail,1729.93,0.4675,-1.1843,29.8154
2022-04-01,Uganda,Mbarara,cereals and tubers,Maize,KG,UGX,Retail,1767.97,0.4778,3.3038,32.956
2022-05-01,Uganda,Mbarara,cereals and tubers,Maize,KG,UGX,Retail,2042.34,0.552,0.3181,34.6189
2022-06-01,Uganda,Mbarara,cereals and tubers,Maize,KG,UGX,Retail,2260.64,0.611,3.2592,34.4379
2022-07-01,Uganda,Mbarara,cereals and tubers,Maize,KG,UGX,Retail,2215.03,0.5987,3.5974,31.0947
2022-08-01,Uganda,Mbarara,cereals and tubers,Maize,KG,UGX,Retail,2450.74,0.6624,-0.9986,32.1592
2022-09-01,Uganda,Mbarara,cereals and tubers,Maize,KG,UGX,Retail,2557.59,0.6912,-1.1422,29.6201
2022-10-01,Uganda,Mbarara,cereals and tubers,Maize,KG,UGX,Retail,2530.0,0.6838,1.8603,32.0582
2022-11-01,Uganda,Mbarara,cereals and tubers,Maize,KG,UGX,Retail,2202.48,0.5953,4.1498,34.6734
2022-12-01,Uganda,Mbarara,cereals and tubers,Maize,KG,UGX,Retail,1951.14,0.5273,0.8661,33.1038
2023-01-01,Uganda,Mbarara,cereals and tubers,Maize,KG,UGX,Retail,1616.44,0.4369,0.5883,33.6299
2023-02-01,Uganda,Mbarara,cereals and tubers,Maize,KG,UGX,Retail,1591.42,0.4301,2.5837,32.9787
2023-03-01,Uganda,Mbarara,cereals and tubers,Maize,KG,UGX,Retail,1675.14,0.4527,-1.2329,30.5417
2023-04-01,Uganda,Mbarara,cereals and tubers,Maize,KG,UGX,Retail,1875.15,0.5068,-0.4049,29.6231
2023-05-01,Uganda,Mbarara,cereals and tubers,Maize,KG,UGX,Retail,2081.67,0.5626,1.5114,33.1526
2023-06-01,Uganda,Mbarara,cereals and tubers,Maize,KG,UGX,Retail,2354.16,0.6363,-1.4817,33.239
2023-07-01,Uganda,Mbarara,cereals and tubers,Maize,KG,UGX,Retail,2709.9,0.7324,3.4372,29.7223
2023-08-01,Uganda,Mbarara,cereals and tubers,Maize,KG,UGX,Retail,2852.56,0.771,3.601,32.6914
2023-09-01,Uganda,Mbarara,cereals and tubers,Maize,KG,UGX,Retail,2986.02,0.807,2.3852,30.261
2023-10-01,Uganda,Mbarara,cereals and tubers,Maize,KG,UGX,Retail,2764.13,0.7471,3.518,34.8608
2023-11-01,Uganda,Mbarara,cereals and tubers,Maize,KG,UGX,Retail,2461.7,0.6653,0.4637,33.6679
2023-12-01,Uganda,Mbarara,cereals and tubers,Maize,KG,UGX,Retail,2220.99,0.6003,-0.0334,30.5297
2024-01-01,Uganda,Mbarara,cereals and tubers,Maize,KG,UGX,Retail,1941.19,0.5246,1.1173,30.5187
2024-02-01,Uganda,Mbarara,cereals and tubers,Maize,KG,UGX,Retail,1844.7,0.4986,-1.2031,34.6214
2024-03-01,Uganda,Mbarara,cereals and tubers,Maize,KG,UGX,Retail,1965.57,0.5312,-1.0829,32.0364
2024-04-01,Uganda,Mbarara,cereals and tubers,Maize,KG,UGX,Retail,1961.39,0.5301,3.9874,34.5193
2024-05-01,Uganda,Mbarara,cereals and tubers,Maize,KG,UGX,Retail,2226.2,0.6017,1.0578,31.6256
2024-06-01,Uganda,Mbarara,cereals and tubers,Maize,KG,UGX,Retail,2566.9,0.6938,0.1692,30.2624
2024-07-01,Uganda,Mbarara,cereals and tubers,Maize,KG,UGX,Retail,3148.58,0.851,1.6969,30.1333
2024-08-01,Uganda,Mbarara,cereals and tubers,Maize,KG,UGX,Retail,3226.29,0.872,1.2389,31.9883
2024-09-01,Uganda,Mbarara,cereals and tubers,Maize,KG,UGX,Retail,3227.24,0.8722,-1.4746,30.6421
2024-10-01,Uganda,Mbarara,cereals and tubers,Maize,KG,UGX,Retail,3175.41,0.8582,3.0614,34.5434
2024-11-01,Uganda,Mbarara,cereals and tubers,Maize,KG,UGX,Retail,2942.17,0.7952,0.8087,33.4474
2024-12-01,Uganda,Mbarara,cereals and tubers,Maize,KG,UGX,Retail,2607.01,0.7046,-0.4504,30.1815
2025-01-01,Uganda,Mbarara,cereals and tubers,Maize,KG,UGX,Retail,2413.06,0.6522,1.7195,30.349
2025-02-01,Uganda,Mbarara,cereals and tubers,Maize,KG,UGX,Retail,2210.16,0.5973,0.2439,31.011
2025-03-01,Uganda,Mbarara,cereals and tubers,Maize,KG,UGX,Retail,2081.98,0.5627,2.2225,32.3507
2025-04-01,Uganda,Mbarara,cereals and tubers,Maize,KG,UGX,Retail,2170.07,0.5865,-0.9132,34.0381
2025-05-01,Uganda,Mbarara,cereals and tubers,Maize,KG,UGX,Retail,2559.99,0.6919,-1.1458,30.9939
2025-06-01,Uganda,Mbarara,cereals and tubers,Maize,KG,UGX,Retail,2764.02,0.747,2.7848,34.3294
2025-07-01,Uganda,Mbarara,cereals and tubers,Maize,KG,UGX,Retail,2881.97,0.7789,0.9106,31.9038
2025-08-01,Uganda,Mbarara,cereals and tubers,Maize,KG,UGX,Retail,3131.75,0.8464,2.2096,32.7594
2025-09-01,Uganda,Mbarara,cereals and tubers,Maize,KG,UGX,Retail,3218.4,0.8698,3.5483,31.5897
2025-10-01,Uganda,Mbarara,cereals and tubers,Maize,KG,UGX,Retail,2978.35,0.805,0.3689,34.2972
2025-11-01,Uganda,Mbarara,cereals and tubers,Maize,KG,UGX,Retail,2699.63,0.7296,1.2953,34.7642
2025-12-01,Uganda,Mbarara,cereals and tubers,Maize,KG,UGX,Retail,2391.19,0.6463,3.2038,34.2424
2026-01-01,Uganda,Mbarara,cereals and tubers,Maize,KG,UGX,Retail,2148.39,0.5806,2.8119,32.7176
2026-02-01,Uganda,Mbarara,cereals and tubers,Maize,KG,UGX,Retail,2092.98,0.5657,-0.4866,33.5495
2026-03-01,Uganda,Mbarara,cereals and tubers,Maize,KG,UGX,Retail,2153.36,0.582,0.2252,34.9253
2026-04-01,Uganda,Mbarara,cereals and tubers,Maize,KG,UGX,Retail,2291.74,0.6194,-0.3616,30.2063
2026-05-01,Uganda,Mbarara,cereals and tubers,Maize,KG,UGX,Retail,2566.44,0.6936,1.6625,31.2585
2026-06-01,Uganda,Mbarara,cereals and tubers,Maize,KG,UGX,Retail,2646.94,0.7154,0.393,32.0211
2026-07-01,Uganda,Mbarara,cereals and tubers,Maize,KG,UGX,Retail,3236.17,0.8746,2.3085,33.717
2018-01-01,Uganda,Mbarara,cereals and tubers,Beans,KG,UGX,Retail,3088.28,0.8347,4.151,30.9036
2018-02-01,Uganda,Mbarara,cereals and tubers,Beans,KG,UGX,Retail,2894.08,0.7822,-0.9724,32.5917
2018-03-01,Uganda,Mbarara,cereals and tubers,Beans,KG,UGX,Retail,2659.18,0.7187,2.638,31.4114
2018-04-01,Uganda,Mbarara,cereals and tubers,Beans,KG,UGX,Retail,2825.54,0.7637,2.1037,34.993
2018-05-01,Uganda,Mbarara,cereals and tubers,Beans,KG,UGX,Retail,3199.73,0.8648,-0.4516,31.1215
2018-06-01,Uganda,Mbarara,cereals and tubers,Beans,KG,UGX,Retail,3717.94,1.0048,-0.0698,31.4736
2018-07-01,Uganda,Mbarara,cereals and tubers,Beans,KG,UGX,Retail,4153.48,1.1226,0.4667,31.7387
2018-08-01,Uganda,Mbarara,cereals and tubers,Beans,KG,UGX,Retail,4544.31,1.2282,3.7323,31.7972
2018-09-01,Uganda,Mbarara,cereals and tubers,Beans,KG,UGX,Retail,4896.58,1.3234,-1.007,33.0246
2018-10-01,Uganda,Mbarara,cereals and tubers,Beans,KG,UGX,Retail,4361.0,1.1786,-1.2654,30.3845
2018-11-01,Uganda,Mbarara,cereals and tubers,Beans,KG,UGX,Retail,3982.56,1.0764,1.933,34.5746
2018-12-01,Uganda,Mbarara,cereals and tubers,Beans,KG,UGX,Retail,3317.65,0.8967,0.4597,33.7355
2019-01-01,Uganda,Mbarara,cereals and tubers,Beans,KG,UGX,Retail,2772.14,0.7492,-0.0935,30.4685
2019-02-01,Uganda,Mbarara,cereals and tubers,Beans,KG,UGX,Retail,2447.4,0.6615,2.9209,33.3533
2019-03-01,Uganda,Mbarara,cereals and tubers,Beans,KG,UGX,Retail,2395.48,0.6474,3.2277,31.0965
2019-04-01,Uganda,Mbarara,cereals and tubers,Beans,KG,UGX,Retail,2464.31,0.666,-1.2587,34.2912
2019-05-01,Uganda,Mbarara,cereals and tubers,Beans,KG,UGX,Retail,2858.95,0.7727,0.1993,29.9748
2019-06-01,Uganda,Mbarara,cereals and tubers,Beans,KG,UGX,Retail,2904.03,0.7849,2.7678,33.1974
2019-07-01,Uganda,Mbarara,cereals and tubers,Beans,KG,UGX,Retail,3389.51,0.9161,3.7053,33.6671
2019-08-01,Uganda,Mbarara,cereals and tubers,Beans,KG,UGX,Retail,3566.22,0.9638,2.2104,34.4835
2019-09-01,Uganda,Mbarara,cereals and tubers,Beans,KG,UGX,Retail,3744.92,1.0121,1.8951,31.85
2019-10-01,Uganda,Mbarara,cereals and tubers,Beans,KG,UGX,Retail,3905.1,1.0554,3.1687,33.0809
2019-11-01,Uganda,Mbarara,cereals and tubers,Beans,KG,UGX,Retail,3366.37,0.9098,-0.6895,34.461
2019-12-01,Uganda,Mbarara,cereals and tubers,Beans,KG,UGX,Retail,2953.8,0.7983,3.9254,31.9104
2020-01-01,Uganda,Mbarara,cereals and tubers,Beans,KG,UGX,Retail,2768.9,0.7484,3.2209,31.3048
2020-02-01,Uganda,Mbarara,cereals and tubers,Beans,KG,UGX,Retail,2637.92,0.713,4.1831,29.7632
2020-03-01,Uganda,Mbarara,cereals and tubers,Beans,KG,UGX,Retail,2794.87,0.7554,2.2062,33.2817
2020-04-01,Uganda,Mbarara,cereals and tubers,Beans,KG,UGX,Retail,2967.16,0.8019,2.613,30.7686
2020-05-01,Uganda,Mbarara,cereals and tubers,Beans,KG,UGX,Retail,3540.26,0.9568,-0.251,33.3622
2020-06-01,Uganda,Mbarara,cereals and tubers,Beans,KG,UGX,Retail,4087.8,1.1048,-0.423,30.8851
2020-07-01,Uganda,Mbarara,cereals and tubers,Beans,KG,UGX,Retail,4595.96,1.2422,-1.0098,30.6301
2020-08-01,Uganda,Mbarara,cereals and tubers,Beans,KG,UGX,Retail,5024.94,1.3581,3.802,32.6341
2020-09-01,Uganda,Mbarara,cereals and tubers,Beans,KG,UGX,Retail,5030.73,1.3597,4.0767,32.104
2020-10-01,Uganda,Mbarara,cereals and tubers,Beans,KG,UGX,Retail,4935.56,1.3339,0.8464,31.2858
2020-11-01,Uganda,Mbarara,cereals and tubers,Beans,KG,UGX,Retail,4697.76,1.2697,2.4207,29.8205
2020-12-01,Uganda,Mbarara,cereals and tubers,Beans,KG,UGX,Retail,4023.09,1.0873,-0.3531,31.6747
2021-01-01,Uganda,Mbarara,cereals and tubers,Beans,KG,UGX,Retail,3542.77,0.9575,1.6507,33.5385
2021-02-01,Uganda,Mbarara,cereals and tubers,Beans,KG,UGX,Retail,3095.92,0.8367,-0.5685,30.8231
2021-03-01,Uganda,Mbarara,cereals and tubers,Beans,KG,UGX,Retail,3257.34,0.8804,0.0256,33.7834
2021-04-01,Uganda,Mbarara,cereals and tubers,Beans,KG,UGX,Retail,3310.83,0.8948,-0.4242,33.5275
2021-05-01,Uganda,Mbarara,cereals and tubers,Beans,KG,UGX,Retail,4004.1,1.0822,-1.3217,34.7837
2021-06-01,Uganda,Mbarara,cereals and tubers,Beans,KG,UGX,Retail,4589.93,1.2405,0.5144,31.6779
2021-07-01,Uganda,Mbarara,cereals and tubers,Beans,KG,UGX,Retail,5472.27,1.479,2.977,29.6329
2021-08-01,Uganda,Mbarara,cereals and tubers,Beans,KG,UGX,Retail,6018.77,1.6267,2.1821,34.7335
2021-09-01,Uganda,Mbarara,cereals and tubers,Beans,KG,UGX,Retail,5812.32,1.5709,3.7887,32.8454
2021-10-01,Uganda,Mbarara,cereals and tubers,Beans,KG,UGX,Retail,5914.47,1.5985,1.0246,33.1534
2021-11-01,Uganda,Mbarara,cereals and tubers,Beans,KG,UGX,Retail,5250.93,1.4192,2.6705,30.096
2021-12-01,Uganda,Mbarara,cereals and tubers,Beans,KG,UGX,Retail,4422.1,1.1952,-0.3361,34.6973
2022-01-01,Uganda,Mbarara,cereals and tubers,Beans,KG,UGX,Retail,3952.69,1.0683,-0.7638,33.9841
2022-02-01,Uganda,Mbarara,cereals and tubers,Beans,KG,UGX,Retail,3881.35,1.049,2.7109,34.7869
2022-03-01,Uganda,Mbarara,cereals and tubers,Beans,KG,UGX,Retail,3955.82,1.0691,3.2119,31.501
2022-04-01,Uganda,Mbarara,cereals and tubers,Beans,KG,UGX,Retail,4081.96,1.1032,1.0399,29.6316
2022-05-01,Uganda,Mbarara,cereals and tubers,Beans,KG,UGX,Retail,4904.29,1.3255,2.7608,30.5426
2022-06-01,Uganda,Mbarara,cereals and tubers,Beans,KG,UGX,Retail,5673.69,1.5334,1.5233,30.5625
2022-07-01,Uganda,Mbarara,cereals and tubers,Beans,KG,UGX,Retail,6429.36,1.7377,-0.406,29.9431
2022-08-01,Uganda,Mbarara,cereals and tubers,Beans,KG,UGX,Retail,7237.06,1.956,-0.869,30.1736
2022-09-01,Uganda,Mbarara,cereals and tubers,Beans,KG,UGX,Retail,7608.61,2.0564,-1.1853,33.9728
2022-10-01,Uganda,Mbarara,cereals and tubers,Beans,KG,UGX,Retail,7265.8,1.9637,-0.6941,32.3993
2022-11-01,Uganda,Mbarara,cereals and tubers,Beans,KG,UGX,Retail,5891.37,1.5923,2.1057,29.9398
2022-12-01,Uganda,Mbarara,cereals and tubers,Beans,KG,UGX,Retail,4908.23,1.3265,-0.3159,33.2876
2023-01-01,Uganda,Mbarara,cereals and tubers,Beans,KG,UGX,Retail,4419.85,1.1946,-0.3053,32.0351
2023-02-01,Uganda,Mbarara,cereals and tubers,Beans,KG,UGX,Retail,4388.67,1.1861,4.1935,29.74
2023-03-01,Uganda,Mbarara,cereals and tubers,Beans,KG,UGX,Retail,4415.84,1.1935,0.4971,31.5772
2023-04-01,Uganda,Mbarara,cereals and tubers,Beans,KG,UGX,Retail,4697.34,1.2696,3.7017,34.3548
2023-05-01,Uganda,Mbarara,cereals and tubers,Beans,KG,UGX,Retail,5087.97,1.3751,0.849,33.6278
2023-06-01,Uganda,Mbarara,cereals and tubers,Beans,KG,UGX,Retail,5642.31,1.5249,2.2805,30.8806
2023-07-01,Uganda,Mbarara,cereals and tubers,Beans,KG,UGX,Retail,6096.35,1.6477,3.4044,30.9527
2023-08-01,Uganda,Mbarara,cereals and tubers,Beans,KG,UGX,Retail,7083.16,1.9144,0.2457,29.7271
2023-09-01,Uganda,Mbarara,cereals and tubers,Beans,KG,UGX,Retail,7105.34,1.9204,-0.5241,32.3369
2023-10-01,Uganda,Mbarara,cereals and tubers,Beans,KG,UGX,Retail,7023.59,1.8983,2.0685,34.3245
2023-11-01,Uganda,Mbarara,cereals and tubers,Beans,KG,UGX,Retail,6773.81,1.8308,-0.5396,31.7601
2023-12-01,Uganda,Mbarara,cereals and tubers,Beans,KG,UGX,Retail,6297.02,1.7019,1.8715,30.1462
2024-01-01,Uganda,Mbarara,cereals and tubers,Beans,KG,UGX,Retail,5489.07,1.4835,1.1681,31.3664
2024-02-01,Uganda,Mbarara,cereals and tubers,Beans,KG,UGX,Retail,5490.48,1.4839,4.0923,30.5506
2024-03-01,Uganda,Mbarara,cereals and tubers,Beans,KG,UGX,Retail,5268.69,1.424,-0.6702,32.679
2024-04-01,Uganda,Mbarara,cereals and tubers,Beans,KG,UGX,Retail,5220.94,1.4111,-0.0775,31.9189
2024-05-01,Uganda,Mbarara,cereals and tubers,Beans,KG,UGX,Retail,5560.29,1.5028,0.1057,34.5423
2024-06-01,Uganda,Mbarara,cereals and tubers,Beans,KG,UGX,Retail,6404.68,1.731,-0.3704,34.7547
2024-07-01,Uganda,Mbarara,cereals and tubers,Beans,KG,UGX,Retail,7534.06,2.0362,0.4559,34.1437
2024-08-01,Uganda,Mbarara,cereals and tubers,Beans,KG,UGX,Retail,7912.07,2.1384,0.4765,34.1339
2024-09-01,Uganda,Mbarara,cereals and tubers,Beans,KG,UGX,Retail,7964.95,2.1527,0.1979,32.8761
2024-10-01,Uganda,Mbarara,cereals and tubers,Beans,KG,UGX,Retail,6937.96,1.8751,-1.494,34.7938
2024-11-01,Uganda,Mbarara,cereals and tubers,Beans,KG,UGX,Retail,6415.09,1.7338,1.9111,32.8394
2024-12-01,Uganda,Mbarara,cereals and tubers,Beans,KG,UGX,Retail,5529.61,1.4945,0.1533,34.8465
2025-01-01,Uganda,Mbarara,cereals and tubers,Beans,KG,UGX,Retail,4577.1,1.2371,2.3243,32.0559
2025-02-01,Uganda,Mbarara,cereals and tubers,Beans,KG,UGX,Retail,4274.14,1.1552,-1.1332,31.4912
2025-03-01,Uganda,Mbarara,cereals and tubers,Beans,KG,UGX,Retail,4043.65,1.0929,2.2739,34.3466
2025-04-01,Uganda,Mbarara,cereals and tubers,Beans,KG,UGX,Retail,4468.18,1.2076,0.3974,33.22
2025-05-01,Uganda,Mbarara,cereals and tubers,Beans,KG,UGX,Retail,4988.82,1.3483,3.7978,31.5648
2025-06-01,Uganda,Mbarara,cereals and tubers,Beans,KG,UGX,Retail,5199.57,1.4053,-0.5043,34.6368
2025-07-01,Uganda,Mbarara,cereals and tubers,Beans,KG,UGX,Retail,6071.13,1.6408,2.2749,30.4433
2025-08-01,Uganda,Mbarara,cereals and tubers,Beans,KG,UGX,Retail,6285.97,1.6989,3.5117,30.3994
2025-09-01,Uganda,Mbarara,cereals and tubers,Beans,KG,UGX,Retail,6479.42,1.7512,1.357,34.2587
2025-10-01,Uganda,Mbarara,cereals and tubers,Beans,KG,UGX,Retail,6352.91,1.717,-0.7695,34.904
2025-11-01,Uganda,Mbarara,cereals and tubers,Beans,KG,UGX,Retail,5526.58,1.4937,3.3489,33.6615
2025-12-01,Uganda,Mbarara,cereals and tubers,Beans,KG,UGX,Retail,5211.84,1.4086,0.692,31.3514
2026-01-01,Uganda,Mbarara,cereals and tubers,Beans,KG,UGX,Retail,4495.72,1.2151,2.5853,34.7332
2026-02-01,Uganda,Mbarara,cereals and tubers,Beans,KG,UGX,Retail,4098.9,1.1078,0.1793,32.2435
2026-03-01,Uganda,Mbarara,cereals and tubers,Beans,KG,UGX,Retail,4388.18,1.186,0.9324,33.8721
2026-04-01,Uganda,Mbarara,cereals and tubers,Beans,KG,UGX,Retail,4812.03,1.3005,-1.4462,32.6771
2026-05-01,Uganda,Mbarara,cereals and tubers,Beans,KG,UGX,Retail,5308.85,1.4348,3.717,31.8341
2026-06-01,Uganda,Mbarara,cereals and tubers,Beans,KG,UGX,Retail,6225.56,1.6826,1.2075,32.4709
2026-07-01,Uganda,Mbarara,cereals and tubers,Beans,KG,UGX,Retail,7236.51,1.9558,3.6145,34.5162
2018-01-01,Uganda,Mbarara,cereals and tubers,Rice,KG,UGX,Retail,3855.02,1.0419,1.6724,29.9108
2018-02-01,Uganda,Mbarara,cereals and tubers,Rice,KG,UGX,Retail,3501.9,0.9465,0.9462,33.4288
2018-03-01,Uganda,Mbarara,cereals and tubers,Rice,KG,UGX,Retail,3641.62,0.9842,2.5521,31.1492
2018-04-01,Uganda,Mbarara,cereals and tubers,Rice,KG,UGX,Retail,3807.34,1.029,2.0746,30.8249
2018-05-01,Uganda,Mbarara,cereals and tubers,Rice,KG,UGX,Retail,4358.15,1.1779,3.2631,32.8702
2018-06-01,Uganda,Mbarara,cereals and tubers,Rice,KG,UGX,Retail,4782.86,1.2927,1.0246,31.2836
2018-07-01,Uganda,Mbarara,cereals and tubers,Rice,KG,UGX,Retail,5263.17,1.4225,2.003,29.6561
2018-08-01,Uganda,Mbarara,cereals and tubers,Rice,KG,UGX,Retail,5500.19,1.4865,2.6886,33.7511
2018-09-01,Uganda,Mbarara,cereals and tubers,Rice,KG,UGX,Retail,5410.88,1.4624,0.2309,31.8749
2018-10-01,Uganda,Mbarara,cereals and tubers,Rice,KG,UGX,Retail,4971.42,1.3436,0.8982,29.9841
2018-11-01,Uganda,Mbarara,cereals and tubers,Rice,KG,UGX,Retail,4300.07,1.1622,2.3116,31.0179
2018-12-01,Uganda,Mbarara,cereals and tubers,Rice,KG,UGX,Retail,3673.39,0.9928,-1.2258,32.6386
2019-01-01,Uganda,Mbarara,cereals and tubers,Rice,KG,UGX,Retail,3334.08,0.9011,3.0427,33.8333
2019-02-01,Uganda,Mbarara,cereals and tubers,Rice,KG,UGX,Retail,3155.66,0.8529,2.0495,30.8288
2019-03-01,Uganda,Mbarara,cereals and tubers,Rice,KG,UGX,Retail,2992.42,0.8088,-1.0368,31.9469
2019-04-01,Uganda,Mbarara,cereals and tubers,Rice,KG,UGX,Retail,3144.1,0.8498,3.5353,32.0025
2019-05-01,Uganda,Mbarara,cereals and tubers,Rice,KG,UGX,Retail,3599.55,0.9729,0.5542,31.1592
2019-06-01,Uganda,Mbarara,cereals and tubers,Rice,KG,UGX,Retail,4154.86,1.1229,3.6977,33.9171
2019-07-01,Uganda,Mbarara,cereals and tubers,Rice,KG,UGX,Retail,4588.4,1.2401,2.7563,31.8601
2019-08-01,Uganda,Mbarara,cereals and tubers,Rice,KG,UGX,Retail,4934.82,1.3337,1.5117,30.3023
2019-09-01,Uganda,Mbarara,cereals and tubers,Rice,KG,UGX,Retail,4832.64,1.3061,2.4674,30.9886
2019-10-01,Uganda,Mbarara,cereals and tubers,Rice,KG,UGX,Retail,4600.45,1.2434,2.2459,34.0943
2019-11-01,Uganda,Mbarara,cereals and tubers,Rice,KG,UGX,Retail,4009.74,1.0837,3.4524,31.5531
2019-12-01,Uganda,Mbarara,cereals and tubers,Rice,KG,UGX,Retail,3389.84,0.9162,1.4406,34.4805
2020-01-01,Uganda,Mbarara,cereals and tubers,Rice,KG,UGX,Retail,3126.16,0.8449,1.7949,33.6739
2020-02-01,Uganda,Mbarara,cereals and tubers,Rice,KG,UGX,Retail,3142.74,0.8494,3.4452,31.6143
2020-03-01,Uganda,Mbarara,cereals and tubers,Rice,KG,UGX,Retail,3202.99,0.8657,1.8291,31.8711
2020-04-01,Uganda,Mbarara,cereals and tubers,Rice,KG,UGX,Retail,3396.77,0.918,-1.1019,30.6545
2020-05-01,Uganda,Mbarara,cereals and tubers,Rice,KG,UGX,Retail,3749.42,1.0134,3.5846,32.5465
2020-06-01,Uganda,Mbarara,cereals and tubers,Rice,KG,UGX,Retail,4304.62,1.1634,1.5462,34.2203
2020-07-01,Uganda,Mbarara,cereals and tubers,Rice,KG,UGX,Retail,5073.94,1.3713,-0.7938,34.4637
2020-08-01,Uganda,Mbarara,cereals and tubers,Rice,KG,UGX,Retail,5144.23,1.3903,-1.1938,34.0478
2020-09-01,Uganda,Mbarara,cereals and tubers,Rice,KG,UGX,Retail,5437.71,1.4697,-1.1393,33.6964
2020-10-01,Uganda,Mbarara,cereals and tubers,Rice,KG,UGX,Retail,5182.13,1.4006,0.8629,34.4809
2020-11-01,Uganda,Mbarara,cereals and tubers,Rice,KG,UGX,Retail,4399.4,1.189,-1.1715,32.9269
2020-12-01,Uganda,Mbarara,cereals and tubers,Rice,KG,UGX,Retail,3884.31,1.0498,1.6378,34.9082
2021-01-01,Uganda,Mbarara,cereals and tubers,Rice,KG,UGX,Retail,3391.93,0.9167,-0.9064,30.6708
2021-02-01,Uganda,Mbarara,cereals and tubers,Rice,KG,UGX,Retail,3267.94,0.8832,4.1815,30.131
2021-03-01,Uganda,Mbarara,cereals and tubers,Rice,KG,UGX,Retail,3220.88,0.8705,2.8513,29.9475
2021-04-01,Uganda,Mbarara,cereals and tubers,Rice,KG,UGX,Retail,3537.01,0.9559,3.5663,33.9224
2021-05-01,Uganda,Mbarara,cereals and tubers,Rice,KG,UGX,Retail,3939.4,1.0647,2.2079,31.3417
2021-06-01,Uganda,Mbarara,cereals and tubers,Rice,KG,UGX,Retail,4505.98,1.2178,0.2027,31.0878
2021-07-01,Uganda,Mbarara,cereals and tubers,Rice,KG,UGX,Retail,4970.93,1.3435,2.3807,34.4366
2021-08-01,Uganda,Mbarara,cereals and tubers,Rice,KG,UGX,Retail,5236.84,1.4154,3.9281,32.9088
2021-09-01,Uganda,Mbarara,cereals and tubers,Rice,KG,UGX,Retail,5395.61,1.4583,3.7101,31.6561
2021-10-01,Uganda,Mbarara,cereals and tubers,Rice,KG,UGX,Retail,4863.1,1.3144,2.1499,33.8539
2021-11-01,Uganda,Mbarara,cereals and tubers,Rice,KG,UGX,Retail,4423.49,1.1955,2.3763,29.9653
2021-12-01,Uganda,Mbarara,cereals and tubers,Rice,KG,UGX,Retail,3816.03,1.0314,3.9377,34.8307
2022-01-01,Uganda,Mbarara,cereals and tubers,Rice,KG,UGX,Retail,3540.96,0.957,-1.2902,31.6652
2022-02-01,Uganda,Mbarara,cereals and tubers,Rice,KG,UGX,Retail,3337.01,0.9019,2.7914,30.0639
2022-03-01,Uganda,Mbarara,cereals and tubers,Rice,KG,UGX,Retail,3677.75,0.994,-0.6856,32.2633
2022-04-01,Uganda,Mbarara,cereals and tubers,Rice,KG,UGX,Retail,3675.36,0.9933,-1.197,30.0321
2022-05-01,Uganda,Mbarara,cereals and tubers,Rice,KG,UGX,Retail,4145.03,1.1203,2.7445,34.6318
2022-06-01,Uganda,Mbarara,cereals and tubers,Rice,KG,UGX,Retail,4361.0,1.1786,0.8558,31.5354
2022-07-01,Uganda,Mbarara,cereals and tubers,Rice,KG,UGX,Retail,4482.54,1.2115,0.5039,33.6299
2022-08-01,Uganda,Mbarara,cereals and tubers,Rice,KG,UGX,Retail,4950.27,1.3379,3.4923,30.9111
2022-09-01,Uganda,Mbarara,cereals and tubers,Rice,KG,UGX,Retail,5065.47,1.369,-0.2264,29.8028
2022-10-01,Uganda,Mbarara,cereals and tubers,Rice,KG,UGX,Retail,4897.28,1.3236,1.6292,33.5092
2022-11-01,Uganda,Mbarara,cereals and tubers,Rice,KG,UGX,Retail,4531.16,1.2246,4.1745,34.9695
2022-12-01,Uganda,Mbarara,cereals and tubers,Rice,KG,UGX,Retail,3713.92,1.0038,3.4365,30.9153
2023-01-01,Uganda,Mbarara,cereals and tubers,Rice,KG,UGX,Retail,3149.29,0.8512,3.5116,33.9992
2023-02-01,Uganda,Mbarara,cereals and tubers,Rice,KG,UGX,Retail,2819.58,0.762,1.1393,34.0279
2023-03-01,Uganda,Mbarara,cereals and tubers,Rice,KG,UGX,Retail,2779.39,0.7512,-0.745,30.2166
2023-04-01,Uganda,Mbarara,cereals and tubers,Rice,KG,UGX,Retail,2928.17,0.7914,2.0651,32.4046
2023-05-01,Uganda,Mbarara,cereals and tubers,Rice,KG,UGX,Retail,3299.49,0.8918,2.2597,31.7392
2023-06-01,Uganda,Mbarara,cereals and tubers,Rice,KG,UGX,Retail,3759.12,1.016,1.9499,33.7055
2023-07-01,Uganda,Mbarara,cereals and tubers,Rice,KG,UGX,Retail,4226.22,1.1422,1.3999,33.5253
2023-08-01,Uganda,Mbarara,cereals and tubers,Rice,KG,UGX,Retail,4597.02,1.2424,3.233,29.9378
2023-09-01,Uganda,Mbarara,cereals and tubers,Rice,KG,UGX,Retail,4631.5,1.2518,1.4284,30.0033
2023-10-01,Uganda,Mbarara,cereals and tubers,Rice,KG,UGX,Retail,4298.13,1.1617,2.5843,32.4276
2023-11-01,Uganda,Mbarara,cereals and tubers,Rice,KG,UGX,Retail,3909.9,1.0567,0.2114,30.6903
2023-12-01,Uganda,Mbarara,cereals and tubers,Rice,KG,UGX,Retail,3708.98,1.0024,0.8373,33.358
2024-01-01,Uganda,Mbarara,cereals and tubers,Rice,KG,UGX,Retail,3220.27,0.8703,2.6092,30.5395
2024-02-01,Uganda,Mbarara,cereals and tubers,Rice,KG,UGX,Retail,3203.17,0.8657,-0.597,33.3083
2024-03-01,Uganda,Mbarara,cereals and tubers,Rice,KG,UGX,Retail,3442.74,0.9305,1.4947,33.8759
2024-04-01,Uganda,Mbarara,cereals and tubers,Rice,KG,UGX,Retail,3870.74,1.0461,0.2007,31.3975
2024-05-01,Uganda,Mbarara,cereals and tubers,Rice,KG,UGX,Retail,4340.6,1.1731,1.632,30.1205
2024-06-01,Uganda,Mbarara,cereals and tubers,Rice,KG,UGX,Retail,4553.87,1.2308,1.4219,32.1561
2024-07-01,Uganda,Mbarara,cereals and tubers,Rice,KG,UGX,Retail,5173.08,1.3981,0.6489,31.3973
2024-08-01,Uganda,Mbarara,cereals and tubers,Rice,KG,UGX,Retail,5565.7,1.5042,1.7342,32.0963
2024-09-01,Uganda,Mbarara,cereals and tubers,Rice,KG,UGX,Retail,5636.54,1.5234,3.8657,30.7852
2024-10-01,Uganda,Mbarara,cereals and tubers,Rice,KG,UGX,Retail,4706.16,1.2719,2.9764,34.9723
2024-11-01,Uganda,Mbarara,cereals and tubers,Rice,KG,UGX,Retail,4004.14,1.0822,-1.3649,30.9568
2024-12-01,Uganda,Mbarara,cereals and tubers,Rice,KG,UGX,Retail,3484.8,0.9418,3.1784,32.7396
2025-01-01,Uganda,Mbarara,cereals and tubers,Rice,KG,UGX,Retail,3160.69,0.8542,1.6604,30.9632
2025-02-01,Uganda,Mbarara,cereals and tubers,Rice,KG,UGX,Retail,3346.72,0.9045,-1.3252,33.0885
2025-03-01,Uganda,Mbarara,cereals and tubers,Rice,KG,UGX,Retail,3152.21,0.8519,2.3362,31.3934
2025-04-01,Uganda,Mbarara,cereals and tubers,Rice,KG,UGX,Retail,3194.43,0.8634,2.5786,30.2928
2025-05-01,Uganda,Mbarara,cereals and tubers,Rice,KG,UGX,Retail,3731.53,1.0085,2.1315,31.1628
2025-06-01,Uganda,Mbarara,cereals and tubers,Rice,KG,UGX,Retail,3913.06,1.0576,-0.6167,30.4943
2025-07-01,Uganda,Mbarara,cereals and tubers,Rice,KG,UGX,Retail,4057.03,1.0965,1.9621,30.5526
2025-08-01,Uganda,Mbarara,cereals and tubers,Rice,KG,UGX,Retail,4511.9,1.2194,0.1018,31.2824
2025-09-01,Uganda,Mbarara,cereals and tubers,Rice,KG,UGX,Retail,4629.6,1.2512,2.9757,34.783
2025-10-01,Uganda,Mbarara,cereals and tubers,Rice,KG,UGX,Retail,4133.28,1.1171,-1.2604,31.0071
2025-11-01,Uganda,Mbarara,cereals and tubers,Rice,KG,UGX,Retail,3781.83,1.0221,3.3037,30.0582
2025-12-01,Uganda,Mbarara,cereals and tubers,Rice,KG,UGX,Retail,3493.67,0.9442,1.8545,32.3958
2026-01-01,Uganda,Mbarara,cereals and tubers,Rice,KG,UGX,Retail,3129.57,0.8458,-1.343,33.7966
2026-02-01,Uganda,Mbarara,cereals and tubers,Rice,KG,UGX,Retail,3149.71,0.8513,3.2924,32.4576
2026-03-01,Uganda,Mbarara,cereals and tubers,Rice,KG,UGX,Retail,3169.97,0.8567,3.2495,29.7475
2026-04-01,Uganda,Mbarara,cereals and tubers,Rice,KG,UGX,Retail,3398.59,0.9185,3.0476,32.1103
2026-05-01,Uganda,Mbarara,cereals and tubers,Rice,KG,UGX,Retail,3761.06,1.0165,2.1219,32.9671
2026-06-01,Uganda,Mbarara,cereals and tubers,Rice,KG,UGX,Retail,4332.52,1.171,-0.738,34.7903
2026-07-01,Uganda,Mbarara,cereals and tubers,Rice,KG,UGX,Retail,5271.75,1.4248,1.5154,31.0719
2018-01-01,Uganda,Mbarara,cereals and tubers,Cassava,KG,UGX,Retail,728.24,0.1968,1.8891,33.9088
2018-02-01,Uganda,Mbarara,cereals and tubers,Cassava,KG,UGX,Retail,678.41,0.1834,3.4522,31.1817
2018-03-01,Uganda,Mbarara,cereals and tubers,Cassava,KG,UGX,Retail,663.33,0.1793,-1.4468,33.633
2018-04-01,Uganda,Mbarara,cereals and tubers,Cassava,KG,UGX,Retail,728.51,0.1969,1.7005,30.5142
2018-05-01,Uganda,Mbarara,cereals and tubers,Cassava,KG,UGX,Retail,870.6,0.2353,3.1585,34.3382
2018-06-01,Uganda,Mbarara,cereals and tubers,Cassava,KG,UGX,Retail,957.46,0.2588,4.157,30.938
2018-07-01,Uganda,Mbarara,cereals and tubers,Cassava,KG,UGX,Retail,1086.7,0.2937,-0.0788,31.0447
2018-08-01,Uganda,Mbarara,cereals and tubers,Cassava,KG,UGX,Retail,1172.4,0.3169,-0.1331,31.7264
2018-09-01,Uganda,Mbarara,cereals and tubers,Cassava,KG,UGX,Retail,1149.44,0.3107,3.2653,33.3408
2018-10-01,Uganda,Mbarara,cereals and tubers,Cassava,KG,UGX,Retail,1154.28,0.312,-0.6579,34.007
2018-11-01,Uganda,Mbarara,cereals and tubers,Cassava,KG,UGX,Retail,985.93,0.2665,0.0059,29.9081
2018-12-01,Uganda,Mbarara,cereals and tubers,Cassava,KG,UGX,Retail,824.64,0.2229,0.5997,33.1211
2019-01-01,Uganda,Mbarara,cereals and tubers,Cassava,KG,UGX,Retail,767.11,0.2073,1.0977,32.073
2019-02-01,Uganda,Mbarara,cereals and tubers,Cassava,KG,UGX,Retail,709.24,0.1917,0.9523,33.0617
2019-03-01,Uganda,Mbarara,cereals and tubers,Cassava,KG,UGX,Retail,731.01,0.1976,-1.0709,33.2075
2019-04-01,Uganda,Mbarara,cereals and tubers,Cassava,KG,UGX,Retail,722.84,0.1954,-1.4177,30.4402
2019-05-01,Uganda,Mbarara,cereals and tubers,Cassava,KG,UGX,Retail,719.6,0.1945,0.2693,33.3497
2019-06-01,Uganda,Mbarara,cereals and tubers,Cassava,KG,UGX,Retail,923.93,0.2497,2.9049,31.147
2019-07-01,Uganda,Mbarara,cereals and tubers,Cassava,KG,UGX,Retail,963.88,0.2605,3.0555,31.682
2019-08-01,Uganda,Mbarara,cereals and tubers,Cassava,KG,UGX,Retail,982.4,0.2655,1.552,34.9752
2019-09-01,Uganda,Mbarara,cereals and tubers,Cassava,KG,UGX,Retail,1039.1,0.2808,-0.2402,33.6808
2019-10-01,Uganda,Mbarara,cereals and tubers,Cassava,KG,UGX,Retail,905.9,0.2448,-0.5864,33.1959
2019-11-01,Uganda,Mbarara,cereals and tubers,Cassava,KG,UGX,Retail,816.47,0.2207,1.5736,34.0679
2019-12-01,Uganda,Mbarara,cereals and tubers,Cassava,KG,UGX,Retail,752.26,0.2033,2.3024,31.5774
2020-01-01,Uganda,Mbarara,cereals and tubers,Cassava,KG,UGX,Retail,699.67,0.1891,0.6547,34.7302
2020-02-01,Uganda,Mbarara,cereals and tubers,Cassava,KG,UGX,Retail,700.99,0.1895,-0.8831,33.3143
2020-03-01,Uganda,Mbarara,cereals and tubers,Cassava,KG,UGX,Retail,672.85,0.1819,3.6753,32.6886
2020-04-01,Uganda,Mbarara,cereals and tubers,Cassava,KG,UGX,Retail,716.97,0.1938,1.8099,34.006
2020-05-01,Uganda,Mbarara,cereals and tubers,Cassava,KG,UGX,Retail,849.1,0.2295,3.1674,32.0596
2020-06-01,Uganda,Mbarara,cereals and tubers,Cassava,KG,UGX,Retail,982.52,0.2655,-1.1525,32.2928
2020-07-01,Uganda,Mbarara,cereals and tubers,Cassava,KG,UGX,Retail,1074.35,0.2904,3.3686,33.8273
2020-08-01,Uganda,Mbarara,cereals and tubers,Cassava,KG,UGX,Retail,1273.33,0.3441,2.8324,33.3975
2020-09-01,Uganda,Mbarara,cereals and tubers,Cassava,KG,UGX,Retail,1294.04,0.3497,2.0688,30.2506
2020-10-01,Uganda,Mbarara,cereals and tubers,Cassava,KG,UGX,Retail,1299.0,0.3511,-0.6085,34.0458
2020-11-01,Uganda,Mbarara,cereals and tubers,Cassava,KG,UGX,Retail,1254.05,0.3389,3.908,34.8865
2020-12-01,Uganda,Mbarara,cereals and tubers,Cassava,KG,UGX,Retail,1088.54,0.2942,-0.7423,34.3433
2021-01-01,Uganda,Mbarara,cereals and tubers,Cassava,KG,UGX,Retail,1023.94,0.2767,3.4652,30.4191
2021-02-01,Uganda,Mbarara,cereals and tubers,Cassava,KG,UGX,Retail,1073.91,0.2902,3.7657,30.5387
2021-03-01,Uganda,Mbarara,cereals and tubers,Cassava,KG,UGX,Retail,1130.09,0.3054,1.0991,30.272
2021-04-01,Uganda,Mbarara,cereals and tubers,Cassava,KG,UGX,Retail,1188.94,0.3213,4.1663,34.3339
2021-05-01,Uganda,Mbarara,cereals and tubers,Cassava,KG,UGX,Retail,1305.2,0.3528,0.122,30.7885
2021-06-01,Uganda,Mbarara,cereals and tubers,Cassava,KG,UGX,Retail,1506.33,0.4071,1.0839,29.6302
2021-07-01,Uganda,Mbarara,cereals and tubers,Cassava,KG,UGX,Retail,1643.39,0.4442,4.181,32.4549
2021-08-01,Uganda,Mbarara,cereals and tubers,Cassava,KG,UGX,Retail,1737.57,0.4696,0.7387,30.1188
2021-09-01,Uganda,Mbarara,cereals and tubers,Cassava,KG,UGX,Retail,1725.69,0.4664,1.3622,31.932
2021-10-01,Uganda,Mbarara,cereals and tubers,Cassava,KG,UGX,Retail,1696.93,0.4586,3.3397,30.8163
2021-11-01,Uganda,Mbarara,cereals and tubers,Cassava,KG,UGX,Retail,1547.48,0.4182,-1.2821,30.3245
2021-12-01,Uganda,Mbarara,cereals and tubers,Cassava,KG,UGX,Retail,1410.35,0.3812,3.1067,34.3888
2022-01-01,Uganda,Mbarara,cereals and tubers,Cassava,KG,UGX,Retail,1281.55,0.3464,0.7979,30.4344
2022-02-01,Uganda,Mbarara,cereals and tubers,Cassava,KG,UGX,Retail,1196.24,0.3233,0.3948,34.2981
2022-03-01,Uganda,Mbarara,cereals and tubers,Cassava,KG,UGX,Retail,1124.19,0.3038,-0.2107,31.1595
2022-04-01,Uganda,Mbarara,cereals and tubers,Cassava,KG,UGX,Retail,1192.49,0.3223,3.7359,29.8719
2022-05-01,Uganda,Mbarara,cereals and tubers,Cassava,KG,UGX,Retail,1337.42,0.3615,-0.457,33.9787
2022-06-01,Uganda,Mbarara,cereals and tubers,Cassava,KG,UGX,Retail,1487.31,0.402,2.0673,31.5318
2022-07-01,Uganda,Mbarara,cereals and tubers,Cassava,KG,UGX,Retail,1546.9,0.4181,3.3801,30.6362
2022-08-01,Uganda,Mbarara,cereals and tubers,Cassava,KG,UGX,Retail,1672.53,0.452,1.7644,30.0498
2022-09-01,Uganda,Mbarara,cereals and tubers,Cassava,KG,UGX,Retail,1545.94,0.4178,3.0621,32.2547
2022-10-01,Uganda,Mbarara,cereals and tubers,Cassava,KG,UGX,Retail,1561.04,0.4219,0.4872,33.5379
2022-11-01,Uganda,Mbarara,cereals and tubers,Cassava,KG,UGX,Retail,1339.01,0.3619,-0.8361,32.9278
2022-12-01,Uganda,Mbarara,cereals and tubers,Cassava,KG,UGX,Retail,1037.64,0.2804,4.043,31.6226
2023-01-01,Uganda,Mbarara,cereals and tubers,Cassava,KG,UGX,Retail,904.09,0.2443,1.564,33.0471
2023-02-01,Uganda,Mbarara,cereals and tubers,Cassava,KG,UGX,Retail,861.42,0.2328,1.6513,30.6679
2023-03-01,Uganda,Mbarara,cereals and tubers,Cassava,KG,UGX,Retail,797.9,0.2156,3.2604,31.92
2023-04-01,Uganda,Mbarara,cereals and tubers,Cassava,KG,UGX,Retail,785.54,0.2123,4.0847,30.298
2023-05-01,Uganda,Mbarara,cereals and tubers,Cassava,KG,UGX,Retail,964.33,0.2606,1.9218,30.0581
2023-06-01,Uganda,Mbarara,cereals and tubers,Cassava,KG,UGX,Retail,1081.92,0.2924,-0.0113,34.7411
2023-07-01,Uganda,Mbarara,cereals and tubers,Cassava,KG,UGX,Retail,1230.96,0.3327,2.8472,31.6882
2023-08-01,Uganda,Mbarara,cereals and tubers,Cassava,KG,UGX,Retail,1309.56,0.3539,3.42,29.6023
2023-09-01,Uganda,Mbarara,cereals and tubers,Cassava,KG,UGX,Retail,1289.36,0.3485,0.577,33.3093
2023-10-01,Uganda,Mbarara,cereals and tubers,Cassava,KG,UGX,Retail,1125.73,0.3043,-1.122,31.3163
2023-11-01,Uganda,Mbarara,cereals and tubers,Cassava,KG,UGX,Retail,1003.69,0.2713,1.5484,30.2299
2023-12-01,Uganda,Mbarara,cereals and tubers,Cassava,KG,UGX,Retail,916.72,0.2478,2.1548,33.5156
2024-01-01,Uganda,Mbarara,cereals and tubers,Cassava,KG,UGX,Retail,834.96,0.2257,0.3764,30.9333
2024-02-01,Uganda,Mbarara,cereals and tubers,Cassava,KG,UGX,Retail,829.98,0.2243,-0.414,30.5892
2024-03-01,Uganda,Mbarara,cereals and tubers,Cassava,KG,UGX,Retail,790.93,0.2138,-0.421,30.4462
2024-04-01,Uganda,Mbarara,cereals and tubers,Cassava,KG,UGX,Retail,918.66,0.2483,2.149,32.9052
2024-05-01,Uganda,Mbarara,cereals and tubers,Cassava,KG,UGX,Retail,1033.29,0.2793,2.9078,31.3623
2024-06-01,Uganda,Mbarara,cereals and tubers,Cassava,KG,UGX,Retail,1203.6,0.3253,2.6793,33.9454
2024-07-01,Uganda,Mbarara,cereals and tubers,Cassava,KG,UGX,Retail,1263.43,0.3415,0.5432,31.1284
2024-08-01,Uganda,Mbarara,cereals and tubers,Cassava,KG,UGX,Retail,1378.32,0.3725,-0.9469,32.0369
2024-09-01,Uganda,Mbarara,cereals and tubers,Cassava,KG,UGX,Retail,1445.42,0.3907,-1.4775,34.6301
2024-10-01,Uganda,Mbarara,cereals and tubers,Cassava,KG,UGX,Retail,1293.78,0.3497,1.7025,31.442
2024-11-01,Uganda,Mbarara,cereals and tubers,Cassava,KG,UGX,Retail,1235.1,0.3338,3.582,33.1229
2024-12-01,Uganda,Mbarara,cereals and tubers,Cassava,KG,UGX,Retail,991.12,0.2679,1.1232,31.4668
2025-01-01,Uganda,Mbarara,cereals and tubers,Cassava,KG,UGX,Retail,923.99,0.2497,4.0916,31.8937
2025-02-01,Uganda,Mbarara,cereals and tubers,Cassava,KG,UGX,Retail,878.42,0.2374,0.9402,31.8979
2025-03-01,Uganda,Mbarara,cereals and tubers,Cassava,KG,UGX,Retail,776.99,0.21,2.5286,31.5396
2025-04-01,Uganda,Mbarara,cereals and tubers,Cassava,KG,UGX,Retail,894.56,0.2418,0.9555,29.7982
2025-05-01,Uganda,Mbarara,cereals and tubers,Cassava,KG,UGX,Retail,959.12,0.2592,3.1249,33.1671
2025-06-01,Uganda,Mbarara,cereals and tubers,Cassava,KG,UGX,Retail,1033.13,0.2792,2.6498,33.4851
2025-07-01,Uganda,Mbarara,cereals and tubers,Cassava,KG,UGX,Retail,1143.92,0.3092,2.0504,32.8991
2025-08-01,Uganda,Mbarara,cereals and tubers,Cassava,KG,UGX,Retail,1272.48,0.3439,-0.7244,30.6521
2025-09-01,Uganda,Mbarara,cereals and tubers,Cassava,KG,UGX,Retail,1243.08,0.336,-1.2484,31.8442
2025-10-01,Uganda,Mbarara,cereals and tubers,Cassava,KG,UGX,Retail,1128.64,0.305,-0.6523,32.0837
2025-11-01,Uganda,Mbarara,cereals and tubers,Cassava,KG,UGX,Retail,1129.22,0.3052,1.3837,32.2909
2025-12-01,Uganda,Mbarara,cereals and tubers,Cassava,KG,UGX,Retail,1034.28,0.2795,-0.4398,30.3947
2026-01-01,Uganda,Mbarara,cereals and tubers,Cassava,KG,UGX,Retail,878.79,0.2375,0.7559,31.1655
2026-02-01,Uganda,Mbarara,cereals and tubers,Cassava,KG,UGX,Retail,807.57,0.2183,3.3225,29.7746
2026-03-01,Uganda,Mbarara,cereals and tubers,Cassava,KG,UGX,Retail,835.07,0.2257,-0.0882,30.4392
2026-04-01,Uganda,Mbarara,cereals and tubers,Cassava,KG,UGX,Retail,922.42,0.2493,2.465,30.6557
2026-05-01,Uganda,Mbarara,cereals and tubers,Cassava,KG,UGX,Retail,970.54,0.2623,1.0345,30.7663
2026-06-01,Uganda,Mbarara,cereals and tubers,Cassava,KG,UGX,Retail,1141.86,0.3086,-0.6682,32.3526
2026-07-01,Uganda,Mbarara,cereals and tubers,Cassava,KG,UGX,Retail,1087.72,0.294,1.2676,31.2826
2018-01-01,Uganda,Mbarara,cereals and tubers,Sorghum,KG,UGX,Retail,1078.53,0.2915,0.9724,34.5028
2018-02-01,Uganda,Mbarara,cereals and tubers,Sorghum,KG,UGX,Retail,924.82,0.25,3.1654,30.8185
2018-03-01,Uganda,Mbarara,cereals and tubers,Sorghum,KG,UGX,Retail,888.32,0.2401,-1.072,31.872
2018-04-01,Uganda,Mbarara,cereals and tubers,Sorghum,KG,UGX,Retail,976.34,0.2639,3.2776,32.6559
2018-05-01,Uganda,Mbarara,cereals and tubers,Sorghum,KG,UGX,Retail,1094.82,0.2959,-0.4896,29.8009
2018-06-01,Uganda,Mbarara,cereals and tubers,Sorghum,KG,UGX,Retail,1206.88,0.3262,-0.5479,30.0923
2018-07-01,Uganda,Mbarara,cereals and tubers,Sorghum,KG,UGX,Retail,1397.35,0.3777,3.9921,32.9278
2018-08-01,Uganda,Mbarara,cereals and tubers,Sorghum,KG,UGX,Retail,1487.93,0.4021,3.2495,30.7055
2018-09-01,Uganda,Mbarara,cereals and tubers,Sorghum,KG,UGX,Retail,1461.87,0.3951,0.535,34.5286
2018-10-01,Uganda,Mbarara,cereals and tubers,Sorghum,KG,UGX,Retail,1393.26,0.3766,2.21,30.198
2018-11-01,Uganda,Mbarara,cereals and tubers,Sorghum,KG,UGX,Retail,1326.19,0.3584,-0.1016,34.3785
2018-12-01,Uganda,Mbarara,cereals and tubers,Sorghum,KG,UGX,Retail,1163.86,0.3146,-1.1904,33.4039
2019-01-01,Uganda,Mbarara,cereals and tubers,Sorghum,KG,UGX,Retail,1069.19,0.289,3.2787,30.003
2019-02-01,Uganda,Mbarara,cereals and tubers,Sorghum,KG,UGX,Retail,963.01,0.2603,-1.2872,29.7516
2019-03-01,Uganda,Mbarara,cereals and tubers,Sorghum,KG,UGX,Retail,1051.53,0.2842,-0.2386,32.8061
2019-04-01,Uganda,Mbarara,cereals and tubers,Sorghum,KG,UGX,Retail,1109.18,0.2998,-1.2983,33.5266
2019-05-01,Uganda,Mbarara,cereals and tubers,Sorghum,KG,UGX,Retail,1273.28,0.3441,2.2416,33.6496
2019-06-01,Uganda,Mbarara,cereals and tubers,Sorghum,KG,UGX,Retail,1460.25,0.3947,2.8876,31.0495
2019-07-01,Uganda,Mbarara,cereals and tubers,Sorghum,KG,UGX,Retail,1634.1,0.4416,-1.0062,34.1286
2019-08-01,Uganda,Mbarara,cereals and tubers,Sorghum,KG,UGX,Retail,1797.83,0.4859,1.3766,34.8302
2019-09-01,Uganda,Mbarara,cereals and tubers,Sorghum,KG,UGX,Retail,1649.09,0.4457,3.5774,33.4863
2019-10-01,Uganda,Mbarara,cereals and tubers,Sorghum,KG,UGX,Retail,1671.16,0.4517,3.6745,34.9516
2019-11-01,Uganda,Mbarara,cereals and tubers,Sorghum,KG,UGX,Retail,1504.37,0.4066,3.0373,33.9443
2019-12-01,Uganda,Mbarara,cereals and tubers,Sorghum,KG,UGX,Retail,1303.23,0.3522,0.0895,34.8118
2020-01-01,Uganda,Mbarara,cereals and tubers,Sorghum,KG,UGX,Retail,1239.59,0.335,1.3476,32.416
2020-02-01,Uganda,Mbarara,cereals and tubers,Sorghum,KG,UGX,Retail,1140.74,0.3083,2.6184,30.0799
2020-03-01,Uganda,Mbarara,cereals and tubers,Sorghum,KG,UGX,Retail,1138.11,0.3076,3.3371,31.4867
2020-04-01,Uganda,Mbarara,cereals and tubers,Sorghum,KG,UGX,Retail,1128.45,0.305,-0.6064,34.1681
2020-05-01,Uganda,Mbarara,cereals and tubers,Sorghum,KG,UGX,Retail,1306.4,0.3531,-0.6296,33.336
2020-06-01,Uganda,Mbarara,cereals and tubers,Sorghum,KG,UGX,Retail,1477.12,0.3992,1.5295,33.415
2020-07-01,Uganda,Mbarara,cereals and tubers,Sorghum,KG,UGX,Retail,1679.27,0.4539,1.9219,30.8469
2020-08-01,Uganda,Mbarara,cereals and tubers,Sorghum,KG,UGX,Retail,1786.4,0.4828,3.4319,30.1935
2020-09-01,Uganda,Mbarara,cereals and tubers,Sorghum,KG,UGX,Retail,1656.75,0.4478,-0.4496,34.1713
2020-10-01,Uganda,Mbarara,cereals and tubers,Sorghum,KG,UGX,Retail,1681.35,0.4544,0.7974,30.9491
2020-11-01,Uganda,Mbarara,cereals and tubers,Sorghum,KG,UGX,Retail,1538.24,0.4157,3.9584,32.3497
2020-12-01,Uganda,Mbarara,cereals and tubers,Sorghum,KG,UGX,Retail,1211.39,0.3274,2.7538,31.6469
2021-01-01,Uganda,Mbarara,cereals and tubers,Sorghum,KG,UGX,Retail,1131.75,0.3059,0.4206,30.415
2021-02-01,Uganda,Mbarara,cereals and tubers,Sorghum,KG,UGX,Retail,1116.64,0.3018,3.4763,34.4902
2021-03-01,Uganda,Mbarara,cereals and tubers,Sorghum,KG,UGX,Retail,1126.97,0.3046,1.0752,31.134
2021-04-01,Uganda,Mbarara,cereals and tubers,Sorghum,KG,UGX,Retail,1193.51,0.3226,3.9418,33.5261
2021-05-01,Uganda,Mbarara,cereals and tubers,Sorghum,KG,UGX,Retail,1313.57,0.355,3.7398,33.7214
2021-06-01,Uganda,Mbarara,cereals and tubers,Sorghum,KG,UGX,Retail,1534.05,0.4146,0.0596,32.2994
2021-07-01,Uganda,Mbarara,cereals and tubers,Sorghum,KG,UGX,Retail,1632.96,0.4413,3.8738,32.343
2021-08-01,Uganda,Mbarara,cereals and tubers,Sorghum,KG,UGX,Retail,1852.43,0.5007,0.4847,33.0528
2021-09-01,Uganda,Mbarara,cereals and tubers,Sorghum,KG,UGX,Retail,1849.04,0.4997,-0.7644,34.2937
2021-10-01,Uganda,Mbarara,cereals and tubers,Sorghum,KG,UGX,Retail,1854.16,0.5011,0.9657,30.7106
2021-11-01,Uganda,Mbarara,cereals and tubers,Sorghum,KG,UGX,Retail,1628.0,0.44,2.5017,34.3583
2021-12-01,Uganda,Mbarara,cereals and tubers,Sorghum,KG,UGX,Retail,1403.53,0.3793,4.048,33.4006
2022-01-01,Uganda,Mbarara,cereals and tubers,Sorghum,KG,UGX,Retail,1276.99,0.3451,-0.3345,31.1989
2022-02-01,Uganda,Mbarara,cereals and tubers,Sorghum,KG,UGX,Retail,1207.66,0.3264,0.1609,32.0992
2022-03-01,Uganda,Mbarara,cereals and tubers,Sorghum,KG,UGX,Retail,1179.61,0.3188,3.4703,33.1563
2022-04-01,Uganda,Mbarara,cereals and tubers,Sorghum,KG,UGX,Retail,1259.53,0.3404,-0.512,34.338
2022-05-01,Uganda,Mbarara,cereals and tubers,Sorghum,KG,UGX,Retail,1381.66,0.3734,-0.7682,34.8717
2022-06-01,Uganda,Mbarara,cereals and tubers,Sorghum,KG,UGX,Retail,1513.54,0.4091,-0.7211,32.9805
2022-07-01,Uganda,Mbarara,cereals and tubers,Sorghum,KG,UGX,Retail,1743.37,0.4712,-0.7399,32.8461
2022-08-01,Uganda,Mbarara,cereals and tubers,Sorghum,KG,UGX,Retail,1847.49,0.4993,3.0212,30.4398
2022-09-01,Uganda,Mbarara,cereals and tubers,Sorghum,KG,UGX,Retail,1755.33,0.4744,3.138,30.4699
2022-10-01,Uganda,Mbarara,cereals and tubers,Sorghum,KG,UGX,Retail,1740.79,0.4705,-1.4863,32.433
2022-11-01,Uganda,Mbarara,cereals and tubers,Sorghum,KG,UGX,Retail,1651.75,0.4464,2.6282,34.796
2022-12-01,Uganda,Mbarara,cereals and tubers,Sorghum,KG,UGX,Retail,1409.86,0.381,2.1999,30.7439
2023-01-01,Uganda,Mbarara,cereals and tubers,Sorghum,KG,UGX,Retail,1284.5,0.3472,2.8238,31.9436
2023-02-01,Uganda,Mbarara,cereals and tubers,Sorghum,KG,UGX,Retail,1267.22,0.3425,1.5454,30.4504
2023-03-01,Uganda,Mbarara,cereals and tubers,Sorghum,KG,UGX,Retail,1325.6,0.3583,-0.3435,34.3414
2023-04-01,Uganda,Mbarara,cereals and tubers,Sorghum,KG,UGX,Retail,1347.19,0.3641,0.4451,32.4502
2023-05-01,Uganda,Mbarara,cereals and tubers,Sorghum,KG,UGX,Retail,1527.12,0.4127,2.9623,30.0328
2023-06-01,Uganda,Mbarara,cereals and tubers,Sorghum,KG,UGX,Retail,1725.15,0.4663,-0.8476,31.733
2023-07-01,Uganda,Mbarara,cereals and tubers,Sorghum,KG,UGX,Retail,2008.85,0.5429,-0.7222,31.8202
2023-08-01,Uganda,Mbarara,cereals and tubers,Sorghum,KG,UGX,Retail,2177.09,0.5884,-0.8782,34.55
2023-09-01,Uganda,Mbarara,cereals and tubers,Sorghum,KG,UGX,Retail,2479.95,0.6703,0.7147,32.3373
2023-10-01,Uganda,Mbarara,cereals and tubers,Sorghum,KG,UGX,Retail,2420.3,0.6541,3.3697,32.7051
2023-11-01,Uganda,Mbarara,cereals and tubers,Sorghum,KG,UGX,Retail,1982.76,0.5359,3.692,34.1251
2023-12-01,Uganda,Mbarara,cereals and tubers,Sorghum,KG,UGX,Retail,1802.51,0.4872,-0.214,30.4269
2024-01-01,Uganda,Mbarara,cereals and tubers,Sorghum,KG,UGX,Retail,1537.1,0.4154,1.1713,33.292
2024-02-01,Uganda,Mbarara,cereals and tubers,Sorghum,KG,UGX,Retail,1458.76,0.3943,0.1833,31.1371
2024-03-01,Uganda,Mbarara,cereals and tubers,Sorghum,KG,UGX,Retail,1560.88,0.4219,0.0592,33.2034
2024-04-01,Uganda,Mbarara,cereals and tubers,Sorghum,KG,UGX,Retail,1584.13,0.4281,1.1906,33.5085
2024-05-01,Uganda,Mbarara,cereals and tubers,Sorghum,KG,UGX,Retail,1768.38,0.4779,2.5634,30.8148
2024-06-01,Uganda,Mbarara,cereals and tubers,Sorghum,KG,UGX,Retail,2126.38,0.5747,2.5762,31.0397
2024-07-01,Uganda,Mbarara,cereals and tubers,Sorghum,KG,UGX,Retail,2254.07,0.6092,3.3753,30.9474
2024-08-01,Uganda,Mbarara,cereals and tubers,Sorghum,KG,UGX,Retail,2239.32,0.6052,3.9376,34.2777
2024-09-01,Uganda,Mbarara,cereals and tubers,Sorghum,KG,UGX,Retail,2220.57,0.6002,1.9611,34.9556
2024-10-01,Uganda,Mbarara,cereals and tubers,Sorghum,KG,UGX,Retail,2151.36,0.5814,-0.8443,29.8453
2024-11-01,Uganda,Mbarara,cereals and tubers,Sorghum,KG,UGX,Retail,1964.63,0.531,0.9147,30.9328
2024-12-01,Uganda,Mbarara,cereals and tubers,Sorghum,KG,UGX,Retail,1884.08,0.5092,2.817,32.1123
2025-01-01,Uganda,Mbarara,cereals and tubers,Sorghum,KG,UGX,Retail,1632.71,0.4413,2.6891,34.8597
2025-02-01,Uganda,Mbarara,cereals and tubers,Sorghum,KG,UGX,Retail,1528.04,0.413,-0.0491,33.1589
2025-03-01,Uganda,Mbarara,cereals and tubers,Sorghum,KG,UGX,Retail,1556.16,0.4206,4.1493,31.0094
2025-04-01,Uganda,Mbarara,cereals and tubers,Sorghum,KG,UGX,Retail,1629.42,0.4404,3.3402,30.4665
2025-05-01,Uganda,Mbarara,cereals and tubers,Sorghum,KG,UGX,Retail,1921.07,0.5192,-1.4302,31.9867
2025-06-01,Uganda,Mbarara,cereals and tubers,Sorghum,KG,UGX,Retail,2001.28,0.5409,0.6323,32.7665
2025-07-01,Uganda,Mbarara,cereals and tubers,Sorghum,KG,UGX,Retail,2259.33,0.6106,0.3638,32.728
2025-08-01,Uganda,Mbarara,cereals and tubers,Sorghum,KG,UGX,Retail,2413.39,0.6523,2.9061,29.82
2025-09-01,Uganda,Mbarara,cereals and tubers,Sorghum,KG,UGX,Retail,2493.15,0.6738,-1.2341,32.7793
2025-10-01,Uganda,Mbarara,cereals and tubers,Sorghum,KG,UGX,Retail,2477.77,0.6697,2.9824,30.4016
2025-11-01,Uganda,Mbarara,cereals and tubers,Sorghum,KG,UGX,Retail,2295.47,0.6204,2.787,30.4073
2025-12-01,Uganda,Mbarara,cereals and tubers,Sorghum,KG,UGX,Retail,1962.43,0.5304,2.6704,33.1167
2026-01-01,Uganda,Mbarara,cereals and tubers,Sorghum,KG,UGX,Retail,1886.84,0.51,0.2326,34.8325
2026-02-01,Uganda,Mbarara,cereals and tubers,Sorghum,KG,UGX,Retail,1840.75,0.4975,-1.2466,30.7858
2026-03-01,Uganda,Mbarara,cereals and tubers,Sorghum,KG,UGX,Retail,1937.28,0.5236,4.1971,31.2345
2026-04-01,Uganda,Mbarara,cereals and tubers,Sorghum,KG,UGX,Retail,2044.01,0.5524,1.4237,30.0515
2026-05-01,Uganda,Mbarara,cereals and tubers,Sorghum,KG,UGX,Retail,2237.51,0.6047,4.1566,33.405
2026-06-01,Uganda,Mbarara,cereals and tubers,Sorghum,KG,UGX,Retail,2421.15,0.6544,1.0575,30.5268
2026-07-01,Uganda,Mbarara,cereals and tubers,Sorghum,KG,UGX,Retail,2932.36,0.7925,1.8463,32.3305
2018-01-01,Uganda,Mbarara,cereals and tubers,Sweet Potato,KG,UGX,Retail,778.14,0.2103,3.5861,30.9321
2018-02-01,Uganda,Mbarara,cereals and tubers,Sweet Potato,KG,UGX,Retail,767.68,0.2075,1.4526,30.9977
2018-03-01,Uganda,Mbarara,cereals and tubers,Sweet Potato,KG,UGX,Retail,753.76,0.2037,-1.2975,32.6214
2018-04-01,Uganda,Mbarara,cereals and tubers,Sweet Potato,KG,UGX,Retail,745.27,0.2014,0.0959,34.2629
2018-05-01,Uganda,Mbarara,cereals and tubers,Sweet Potato,KG,UGX,Retail,904.9,0.2446,3.2873,30.0241
2018-06-01,Uganda,Mbarara,cereals and tubers,Sweet Potato,KG,UGX,Retail,1046.87,0.2829,0.6716,34.2119
2018-07-01,Uganda,Mbarara,cereals and tubers,Sweet Potato,KG,UGX,Retail,1191.11,0.3219,3.49,30.8406
2018-08-01,Uganda,Mbarara,cereals and tubers,Sweet Potato,KG,UGX,Retail,1250.59,0.338,0.5106,30.2379
2018-09-01,Uganda,Mbarara,cereals and tubers,Sweet Potato,KG,UGX,Retail,1177.77,0.3183,0.9976,33.3278
2018-10-01,Uganda,Mbarara,cereals and tubers,Sweet Potato,KG,UGX,Retail,1047.55,0.2831,1.3598,32.9295
2018-11-01,Uganda,Mbarara,cereals and tubers,Sweet Potato,KG,UGX,Retail,934.03,0.2524,2.4861,32.4754
2018-12-01,Uganda,Mbarara,cereals and tubers,Sweet Potato,KG,UGX,Retail,814.36,0.2201,1.9564,31.9389
2019-01-01,Uganda,Mbarara,cereals and tubers,Sweet Potato,KG,UGX,Retail,815.12,0.2203,2.8184,34.8321
2019-02-01,Uganda,Mbarara,cereals and tubers,Sweet Potato,KG,UGX,Retail,755.97,0.2043,3.1782,32.8495
2019-03-01,Uganda,Mbarara,cereals and tubers,Sweet Potato,KG,UGX,Retail,825.53,0.2231,-0.4851,32.1867
2019-04-01,Uganda,Mbarara,cereals and tubers,Sweet Potato,KG,UGX,Retail,875.44,0.2366,-1.4801,34.8204
2019-05-01,Uganda,Mbarara,cereals and tubers,Sweet Potato,KG,UGX,Retail,810.17,0.219,1.4281,30.9724
2019-06-01,Uganda,Mbarara,cereals and tubers,Sweet Potato,KG,UGX,Retail,998.05,0.2697,0.9784,33.9381
2019-07-01,Uganda,Mbarara,cereals and tubers,Sweet Potato,KG,UGX,Retail,1194.94,0.323,0.0241,30.1041
2019-08-01,Uganda,Mbarara,cereals and tubers,Sweet Potato,KG,UGX,Retail,1290.49,0.3488,-1.4007,30.2177
2019-09-01,Uganda,Mbarara,cereals and tubers,Sweet Potato,KG,UGX,Retail,1326.44,0.3585,-0.5888,33.5537
2019-10-01,Uganda,Mbarara,cereals and tubers,Sweet Potato,KG,UGX,Retail,1340.59,0.3623,3.4362,30.794
2019-11-01,Uganda,Mbarara,cereals and tubers,Sweet Potato,KG,UGX,Retail,1255.0,0.3392,-1.4424,33.4621
2019-12-01,Uganda,Mbarara,cereals and tubers,Sweet Potato,KG,UGX,Retail,1105.19,0.2987,1.4041,30.2027
2020-01-01,Uganda,Mbarara,cereals and tubers,Sweet Potato,KG,UGX,Retail,1097.74,0.2967,-0.7853,31.8244
2020-02-01,Uganda,Mbarara,cereals and tubers,Sweet Potato,KG,UGX,Retail,1133.49,0.3063,-0.1041,31.0416
2020-03-01,Uganda,Mbarara,cereals and tubers,Sweet Potato,KG,UGX,Retail,1117.83,0.3021,0.058,29.6155
2020-04-01,Uganda,Mbarara,cereals and tubers,Sweet Potato,KG,UGX,Retail,1143.01,0.3089,-1.4285,34.5129
2020-05-01,Uganda,Mbarara,cereals and tubers,Sweet Potato,KG,UGX,Retail,1240.12,0.3352,1.8232,30.6886
2020-06-01,Uganda,Mbarara,cereals and tubers,Sweet Potato,KG,UGX,Retail,1482.6,0.4007,2.3604,29.9265
2020-07-01,Uganda,Mbarara,cereals and tubers,Sweet Potato,KG,UGX,Retail,1655.24,0.4474,1.8027,33.8793
2020-08-01,Uganda,Mbarara,cereals and tubers,Sweet Potato,KG,UGX,Retail,1781.97,0.4816,-0.8043,33.3932
2020-09-01,Uganda,Mbarara,cereals and tubers,Sweet Potato,KG,UGX,Retail,1873.15,0.5063,0.7004,29.7279
2020-10-01,Uganda,Mbarara,cereals and tubers,Sweet Potato,KG,UGX,Retail,1660.92,0.4489,-0.3253,31.4308
2020-11-01,Uganda,Mbarara,cereals and tubers,Sweet Potato,KG,UGX,Retail,1493.42,0.4036,-0.9303,29.9888
2020-12-01,Uganda,Mbarara,cereals and tubers,Sweet Potato,KG,UGX,Retail,1302.2,0.3519,3.7248,31.2815
2021-01-01,Uganda,Mbarara,cereals and tubers,Sweet Potato,KG,UGX,Retail,1149.31,0.3106,4.1386,33.215
2021-02-01,Uganda,Mbarara,cereals and tubers,Sweet Potato,KG,UGX,Retail,1049.23,0.2836,1.4692,31.6354
2021-03-01,Uganda,Mbarara,cereals and tubers,Sweet Potato,KG,UGX,Retail,1005.29,0.2717,3.9651,33.8554
2021-04-01,Uganda,Mbarara,cereals and tubers,Sweet Potato,KG,UGX,Retail,1044.33,0.2823,0.3949,34.3711
2021-05-01,Uganda,Mbarara,cereals and tubers,Sweet Potato,KG,UGX,Retail,1168.84,0.3159,3.3426,30.9774
2021-06-01,Uganda,Mbarara,cereals and tubers,Sweet Potato,KG,UGX,Retail,1388.99,0.3754,3.0955,32.1758
2021-07-01,Uganda,Mbarara,cereals and tubers,Sweet Potato,KG,UGX,Retail,1663.88,0.4497,3.3152,31.5845
2021-08-01,Uganda,Mbarara,cereals and tubers,Sweet Potato,KG,UGX,Retail,1859.17,0.5025,1.4071,31.9495
2021-09-01,Uganda,Mbarara,cereals and tubers,Sweet Potato,KG,UGX,Retail,1805.73,0.488,-0.718,31.9527
2021-10-01,Uganda,Mbarara,cereals and tubers,Sweet Potato,KG,UGX,Retail,1750.8,0.4732,-1.2944,32.0696
2021-11-01,Uganda,Mbarara,cereals and tubers,Sweet Potato,KG,UGX,Retail,1619.75,0.4378,3.56,32.8064
2021-12-01,Uganda,Mbarara,cereals and tubers,Sweet Potato,KG,UGX,Retail,1304.04,0.3524,-0.2307,31.5052
2022-01-01,Uganda,Mbarara,cereals and tubers,Sweet Potato,KG,UGX,Retail,1206.5,0.3261,3.5501,32.6129
2022-02-01,Uganda,Mbarara,cereals and tubers,Sweet Potato,KG,UGX,Retail,1195.11,0.323,1.0711,29.9175
2022-03-01,Uganda,Mbarara,cereals and tubers,Sweet Potato,KG,UGX,Retail,1218.57,0.3293,3.1635,32.0638
2022-04-01,Uganda,Mbarara,cereals and tubers,Sweet Potato,KG,UGX,Retail,1330.55,0.3596,0.4546,30.2651
2022-05-01,Uganda,Mbarara,cereals and tubers,Sweet Potato,KG,UGX,Retail,1451.44,0.3923,1.673,30.8642
2022-06-01,Uganda,Mbarara,cereals and tubers,Sweet Potato,KG,UGX,Retail,1796.75,0.4856,4.0816,30.2609
2022-07-01,Uganda,Mbarara,cereals and tubers,Sweet Potato,KG,UGX,Retail,1850.08,0.5,1.3167,30.5007
2022-08-01,Uganda,Mbarara,cereals and tubers,Sweet Potato,KG,UGX,Retail,1934.45,0.5228,1.9541,30.4497
2022-09-01,Uganda,Mbarara,cereals and tubers,Sweet Potato,KG,UGX,Retail,2029.57,0.5485,3.3812,31.2815
2022-10-01,Uganda,Mbarara,cereals and tubers,Sweet Potato,KG,UGX,Retail,1915.32,0.5177,2.0726,34.1315
2022-11-01,Uganda,Mbarara,cereals and tubers,Sweet Potato,KG,UGX,Retail,1421.34,0.3841,3.2913,32.9762
2022-12-01,Uganda,Mbarara,cereals and tubers,Sweet Potato,KG,UGX,Retail,1173.42,0.3171,0.7433,31.6468
2023-01-01,Uganda,Mbarara,cereals and tubers,Sweet Potato,KG,UGX,Retail,1014.74,0.2743,-0.7629,31.8894
2023-02-01,Uganda,Mbarara,cereals and tubers,Sweet Potato,KG,UGX,Retail,945.81,0.2556,-1.3029,31.0857
2023-03-01,Uganda,Mbarara,cereals and tubers,Sweet Potato,KG,UGX,Retail,951.46,0.2572,1.7943,33.9533
2023-04-01,Uganda,Mbarara,cereals and tubers,Sweet Potato,KG,UGX,Retail,986.42,0.2666,3.3683,33.8988
2023-05-01,Uganda,Mbarara,cereals and tubers,Sweet Potato,KG,UGX,Retail,1176.09,0.3179,4.0689,29.6796
2023-06-01,Uganda,Mbarara,cereals and tubers,Sweet Potato,KG,UGX,Retail,1222.75,0.3305,3.0173,31.3922
2023-07-01,Uganda,Mbarara,cereals and tubers,Sweet Potato,KG,UGX,Retail,1484.8,0.4013,0.5641,29.9273
2023-08-01,Uganda,Mbarara,cereals and tubers,Sweet Potato,KG,UGX,Retail,1576.47,0.4261,-0.9593,30.1314
2023-09-01,Uganda,Mbarara,cereals and tubers,Sweet Potato,KG,UGX,Retail,1427.65,0.3859,1.4974,32.0595
2023-10-01,Uganda,Mbarara,cereals and tubers,Sweet Potato,KG,UGX,Retail,1312.91,0.3548,-1.4041,31.0633
2023-11-01,Uganda,Mbarara,cereals and tubers,Sweet Potato,KG,UGX,Retail,1173.55,0.3172,3.6869,31.967
2023-12-01,Uganda,Mbarara,cereals and tubers,Sweet Potato,KG,UGX,Retail,1057.9,0.2859,3.0528,34.3799
2024-01-01,Uganda,Mbarara,cereals and tubers,Sweet Potato,KG,UGX,Retail,976.91,0.264,-0.1129,29.8374
2024-02-01,Uganda,Mbarara,cereals and tubers,Sweet Potato,KG,UGX,Retail,994.36,0.2687,3.6863,33.2606
2024-03-01,Uganda,Mbarara,cereals and tubers,Sweet Potato,KG,UGX,Retail,986.03,0.2665,2.1645,34.0932
2024-04-01,Uganda,Mbarara,cereals and tubers,Sweet Potato,KG,UGX,Retail,1135.15,0.3068,3.1726,31.7163
2024-05-01,Uganda,Mbarara,cereals and tubers,Sweet Potato,KG,UGX,Retail,1311.76,0.3545,1.823,32.1093
2024-06-01,Uganda,Mbarara,cereals and tubers,Sweet Potato,KG,UGX,Retail,1354.39,0.3661,1.4434,31.6799
2024-07-01,Uganda,Mbarara,cereals and tubers,Sweet Potato,KG,UGX,Retail,1563.41,0.4225,1.6233,31.5165
2024-08-01,Uganda,Mbarara,cereals and tubers,Sweet Potato,KG,UGX,Retail,1555.12,0.4203,0.6698,31.6744
2024-09-01,Uganda,Mbarara,cereals and tubers,Sweet Potato,KG,UGX,Retail,1729.83,0.4675,-1.1532,33.1389
2024-10-01,Uganda,Mbarara,cereals and tubers,Sweet Potato,KG,UGX,Retail,1633.19,0.4414,1.0822,33.484
2024-11-01,Uganda,Mbarara,cereals and tubers,Sweet Potato,KG,UGX,Retail,1459.97,0.3946,3.3237,31.6239
2024-12-01,Uganda,Mbarara,cereals and tubers,Sweet Potato,KG,UGX,Retail,1487.82,0.4021,2.5717,32.7417
2025-01-01,Uganda,Mbarara,cereals and tubers,Sweet Potato,KG,UGX,Retail,1332.18,0.36,1.6665,33.7725
2025-02-01,Uganda,Mbarara,cereals and tubers,Sweet Potato,KG,UGX,Retail,1218.21,0.3292,1.6676,30.4537
2025-03-01,Uganda,Mbarara,cereals and tubers,Sweet Potato,KG,UGX,Retail,1198.61,0.3239,2.2848,32.2626
2025-04-01,Uganda,Mbarara,cereals and tubers,Sweet Potato,KG,UGX,Retail,1284.9,0.3473,3.5443,33.7733
2025-05-01,Uganda,Mbarara,cereals and tubers,Sweet Potato,KG,UGX,Retail,1445.29,0.3906,3.9153,31.8916
2025-06-01,Uganda,Mbarara,cereals and tubers,Sweet Potato,KG,UGX,Retail,1685.42,0.4555,-0.5428,31.1433
2025-07-01,Uganda,Mbarara,cereals and tubers,Sweet Potato,KG,UGX,Retail,1750.38,0.4731,-0.8968,32.3097
2025-08-01,Uganda,Mbarara,cereals and tubers,Sweet Potato,KG,UGX,Retail,1775.57,0.4799,2.1149,30.6265
2025-09-01,Uganda,Mbarara,cereals and tubers,Sweet Potato,KG,UGX,Retail,1601.48,0.4328,4.0238,33.1545
2025-10-01,Uganda,Mbarara,cereals and tubers,Sweet Potato,KG,UGX,Retail,1435.82,0.3881,1.2924,29.7804
2025-11-01,Uganda,Mbarara,cereals and tubers,Sweet Potato,KG,UGX,Retail,1406.15,0.38,1.6825,29.6809
2025-12-01,Uganda,Mbarara,cereals and tubers,Sweet Potato,KG,UGX,Retail,1328.79,0.3591,2.0338,33.6213
2026-01-01,Uganda,Mbarara,cereals and tubers,Sweet Potato,KG,UGX,Retail,1381.41,0.3734,2.0249,30.9903
2026-02-01,Uganda,Mbarara,cereals and tubers,Sweet Potato,KG,UGX,Retail,1248.16,0.3373,0.7841,30.4766
2026-03-01,Uganda,Mbarara,cereals and tubers,Sweet Potato,KG,UGX,Retail,1319.92,0.3567,2.1262,34.9103
2026-04-01,Uganda,Mbarara,cereals and tubers,Sweet Potato,KG,UGX,Retail,1392.97,0.3765,2.502,34.9492
2026-05-01,Uganda,Mbarara,cereals and tubers,Sweet Potato,KG,UGX,Retail,1388.39,0.3752,0.4337,32.8466
2026-06-01,Uganda,Mbarara,cereals and tubers,Sweet Potato,KG,UGX,Retail,1551.57,0.4193,0.88,30.6898
2026-07-01,Uganda,Mbarara,cereals and tubers,Sweet Potato,KG,UGX,Retail,1914.83,0.5175,4.1749,31.6031
2018-01-01,Uganda,Mbarara,cereals and tubers,Groundnuts,KG,UGX,Retail,4212.75,1.1386,0.8243,30.3533
2018-02-01,Uganda,Mbarara,cereals and tubers,Groundnuts,KG,UGX,Retail,3659.48,0.989,-0.1698,31.3716
2018-03-01,Uganda,Mbarara,cereals and tubers,Groundnuts,KG,UGX,Retail,3944.27,1.066,-0.8596,30.7741
2018-04-01,Uganda,Mbarara,cereals and tubers,Groundnuts,KG,UGX,Retail,4295.57,1.161,-1.0142,31.3537
2018-05-01,Uganda,Mbarara,cereals and tubers,Groundnuts,KG,UGX,Retail,4659.55,1.2593,0.5207,32.3951
2018-06-01,Uganda,Mbarara,cereals and tubers,Groundnuts,KG,UGX,Retail,5136.07,1.3881,2.1968,32.6428
2018-07-01,Uganda,Mbarara,cereals and tubers,Groundnuts,KG,UGX,Retail,5493.45,1.4847,1.7334,31.9647
2018-08-01,Uganda,Mbarara,cereals and tubers,Groundnuts,KG,UGX,Retail,6310.22,1.7055,-0.2093,32.3004
2018-09-01,Uganda,Mbarara,cereals and tubers,Groundnuts,KG,UGX,Retail,6202.95,1.6765,0.371,33.2605
2018-10-01,Uganda,Mbarara,cereals and tubers,Groundnuts,KG,UGX,Retail,6286.35,1.699,-1.1415,33.1218
2018-11-01,Uganda,Mbarara,cereals and tubers,Groundnuts,KG,UGX,Retail,5718.92,1.5457,3.0704,34.6615
2018-12-01,Uganda,Mbarara,cereals and tubers,Groundnuts,KG,UGX,Retail,4789.24,1.2944,0.9259,31.0274
2019-01-01,Uganda,Mbarara,cereals and tubers,Groundnuts,KG,UGX,Retail,3926.91,1.0613,2.0807,32.9607
2019-02-01,Uganda,Mbarara,cereals and tubers,Groundnuts,KG,UGX,Retail,3913.03,1.0576,-1.1366,30.734
2019-03-01,Uganda,Mbarara,cereals and tubers,Groundnuts,KG,UGX,Retail,4024.22,1.0876,-0.7938,34.6019
2019-04-01,Uganda,Mbarara,cereals and tubers,Groundnuts,KG,UGX,Retail,4249.56,1.1485,1.9306,34.7164
2019-05-01,Uganda,Mbarara,cereals and tubers,Groundnuts,KG,UGX,Retail,4927.28,1.3317,1.5045,33.3572
2019-06-01,Uganda,Mbarara,cereals and tubers,Groundnuts,KG,UGX,Retail,5192.67,1.4034,1.2226,34.0124
2019-07-01,Uganda,Mbarara,cereals and tubers,Groundnuts,KG,UGX,Retail,6258.38,1.6915,3.1082,34.9316
2019-08-01,Uganda,Mbarara,cereals and tubers,Groundnuts,KG,UGX,Retail,6358.21,1.7184,2.7584,32.855
2019-09-01,Uganda,Mbarara,cereals and tubers,Groundnuts,KG,UGX,Retail,6162.59,1.6656,2.7173,33.6485
2019-10-01,Uganda,Mbarara,cereals and tubers,Groundnuts,KG,UGX,Retail,5795.32,1.5663,0.4911,33.1288
2019-11-01,Uganda,Mbarara,cereals and tubers,Groundnuts,KG,UGX,Retail,5150.28,1.392,1.889,33.6563
2019-12-01,Uganda,Mbarara,cereals and tubers,Groundnuts,KG,UGX,Retail,4481.41,1.2112,0.8947,32.3471
2020-01-01,Uganda,Mbarara,cereals and tubers,Groundnuts,KG,UGX,Retail,3888.27,1.0509,-0.5365,31.0068
2020-02-01,Uganda,Mbarara,cereals and tubers,Groundnuts,KG,UGX,Retail,3763.91,1.0173,0.2611,34.8637
2020-03-01,Uganda,Mbarara,cereals and tubers,Groundnuts,KG,UGX,Retail,4100.33,1.1082,2.6215,32.6991
2020-04-01,Uganda,Mbarara,cereals and tubers,Groundnuts,KG,UGX,Retail,4293.74,1.1605,2.1706,33.4164
2020-05-01,Uganda,Mbarara,cereals and tubers,Groundnuts,KG,UGX,Retail,4690.28,1.2676,1.7118,29.9664
2020-06-01,Uganda,Mbarara,cereals and tubers,Groundnuts,KG,UGX,Retail,5274.94,1.4257,2.5368,32.268
2020-07-01,Uganda,Mbarara,cereals and tubers,Groundnuts,KG,UGX,Retail,6004.84,1.6229,1.9005,31.6662
2020-08-01,Uganda,Mbarara,cereals and tubers,Groundnuts,KG,UGX,Retail,6325.75,1.7097,2.6241,33.4572
2020-09-01,Uganda,Mbarara,cereals and tubers,Groundnuts,KG,UGX,Retail,6133.56,1.6577,3.575,32.8151
2020-10-01,Uganda,Mbarara,cereals and tubers,Groundnuts,KG,UGX,Retail,6231.76,1.6843,-0.8206,33.0126
2020-11-01,Uganda,Mbarara,cereals and tubers,Groundnuts,KG,UGX,Retail,5311.96,1.4357,1.2202,31.1563
2020-12-01,Uganda,Mbarara,cereals and tubers,Groundnuts,KG,UGX,Retail,4457.62,1.2048,0.5791,34.5093
2021-01-01,Uganda,Mbarara,cereals and tubers,Groundnuts,KG,UGX,Retail,3742.31,1.0114,-0.4985,32.7125
2021-02-01,Uganda,Mbarara,cereals and tubers,Groundnuts,KG,UGX,Retail,3477.27,0.9398,-0.9534,32.6501
2021-03-01,Uganda,Mbarara,cereals and tubers,Groundnuts,KG,UGX,Retail,3510.48,0.9488,1.9065,32.6637
2021-04-01,Uganda,Mbarara,cereals and tubers,Groundnuts,KG,UGX,Retail,3813.43,1.0307,0.5609,30.9433
2021-05-01,Uganda,Mbarara,cereals and tubers,Groundnuts,KG,UGX,Retail,4140.78,1.1191,1.6989,29.7466
2021-06-01,Uganda,Mbarara,cereals and tubers,Groundnuts,KG,UGX,Retail,4803.11,1.2981,-0.3785,33.8446
2021-07-01,Uganda,Mbarara,cereals and tubers,Groundnuts,KG,UGX,Retail,5613.15,1.5171,4.0222,34.8141
2021-08-01,Uganda,Mbarara,cereals and tubers,Groundnuts,KG,UGX,Retail,5877.23,1.5884,2.8688,31.311
2021-09-01,Uganda,Mbarara,cereals and tubers,Groundnuts,KG,UGX,Retail,5929.09,1.6025,1.9072,29.8945
2021-10-01,Uganda,Mbarara,cereals and tubers,Groundnuts,KG,UGX,Retail,5620.98,1.5192,-1.1707,30.2909
2021-11-01,Uganda,Mbarara,cereals and tubers,Groundnuts,KG,UGX,Retail,5101.5,1.3788,3.6696,32.4006
2021-12-01,Uganda,Mbarara,cereals and tubers,Groundnuts,KG,UGX,Retail,4302.4,1.1628,3.2784,33.5687
2022-01-01,Uganda,Mbarara,cereals and tubers,Groundnuts,KG,UGX,Retail,3930.42,1.0623,3.424,33.6071
2022-02-01,Uganda,Mbarara,cereals and tubers,Groundnuts,KG,UGX,Retail,3266.62,0.8829,3.639,32.8328
2022-03-01,Uganda,Mbarara,cereals and tubers,Groundnuts,KG,UGX,Retail,3250.69,0.8786,3.5739,32.0541
2022-04-01,Uganda,Mbarara,cereals and tubers,Groundnuts,KG,UGX,Retail,3280.4,0.8866,-1.1931,29.607
2022-05-01,Uganda,Mbarara,cereals and tubers,Groundnuts,KG,UGX,Retail,3704.77,1.0013,-1.0804,34.8733
2022-06-01,Uganda,Mbarara,cereals and tubers,Groundnuts,KG,UGX,Retail,4155.51,1.1231,2.5935,30.9143
2022-07-01,Uganda,Mbarara,cereals and tubers,Groundnuts,KG,UGX,Retail,4779.78,1.2918,0.6748,29.7473
2022-08-01,Uganda,Mbarara,cereals and tubers,Groundnuts,KG,UGX,Retail,5252.31,1.4195,1.6542,34.9282
2022-09-01,Uganda,Mbarara,cereals and tubers,Groundnuts,KG,UGX,Retail,4517.05,1.2208,0.4225,32.2066
2022-10-01,Uganda,Mbarara,cereals and tubers,Groundnuts,KG,UGX,Retail,4656.45,1.2585,-0.0689,32.9054
2022-11-01,Uganda,Mbarara,cereals and tubers,Groundnuts,KG,UGX,Retail,4115.69,1.1123,-1.4946,30.8362
2022-12-01,Uganda,Mbarara,cereals and tubers,Groundnuts,KG,UGX,Retail,3930.55,1.0623,-0.7938,30.4969
2023-01-01,Uganda,Mbarara,cereals and tubers,Groundnuts,KG,UGX,Retail,3542.9,0.9575,-0.9146,33.5881
2023-02-01,Uganda,Mbarara,cereals and tubers,Groundnuts,KG,UGX,Retail,3363.91,0.9092,3.7816,33.1649
2023-03-01,Uganda,Mbarara,cereals and tubers,Groundnuts,KG,UGX,Retail,3291.36,0.8896,-1.0138,30.8529
2023-04-01,Uganda,Mbarara,cereals and tubers,Groundnuts,KG,UGX,Retail,3270.7,0.884,3.9854,31.6624
2023-05-01,Uganda,Mbarara,cereals and tubers,Groundnuts,KG,UGX,Retail,3833.85,1.0362,1.4071,31.1751
2023-06-01,Uganda,Mbarara,cereals and tubers,Groundnuts,KG,UGX,Retail,4072.69,1.1007,-0.239,31.5934
2023-07-01,Uganda,Mbarara,cereals and tubers,Groundnuts,KG,UGX,Retail,4420.31,1.1947,-0.7871,31.6673
2023-08-01,Uganda,Mbarara,cereals and tubers,Groundnuts,KG,UGX,Retail,4333.52,1.1712,-0.6999,32.7537
2023-09-01,Uganda,Mbarara,cereals and tubers,Groundnuts,KG,UGX,Retail,4283.02,1.1576,-0.5279,29.6666
2023-10-01,Uganda,Mbarara,cereals and tubers,Groundnuts,KG,UGX,Retail,4027.7,1.0886,-1.1476,31.6345
2023-11-01,Uganda,Mbarara,cereals and tubers,Groundnuts,KG,UGX,Retail,3803.87,1.0281,2.6022,34.7159
2023-12-01,Uganda,Mbarara,cereals and tubers,Groundnuts,KG,UGX,Retail,3173.75,0.8578,2.5345,33.1928
2024-01-01,Uganda,Mbarara,cereals and tubers,Groundnuts,KG,UGX,Retail,3194.17,0.8633,0.2304,32.4611
2024-02-01,Uganda,Mbarara,cereals and tubers,Groundnuts,KG,UGX,Retail,3214.72,0.8688,1.1323,30.8298
2024-03-01,Uganda,Mbarara,cereals and tubers,Groundnuts,KG,UGX,Retail,3235.4,0.8744,-0.8412,34.7618
2024-04-01,Uganda,Mbarara,cereals and tubers,Groundnuts,KG,UGX,Retail,3528.03,0.9535,3.2817,33.8926
2024-05-01,Uganda,Mbarara,cereals and tubers,Groundnuts,KG,UGX,Retail,3728.69,1.0078,2.1057,33.6864
2024-06-01,Uganda,Mbarara,cereals and tubers,Groundnuts,KG,UGX,Retail,4667.73,1.2615,0.0479,30.578
2024-07-01,Uganda,Mbarara,cereals and tubers,Groundnuts,KG,UGX,Retail,5354.72,1.4472,1.2351,32.6984
2024-08-01,Uganda,Mbarara,cereals and tubers,Groundnuts,KG,UGX,Retail,5483.92,1.4821,2.8835,33.2512
2024-09-01,Uganda,Mbarara,cereals and tubers,Groundnuts,KG,UGX,Retail,5431.97,1.4681,1.2296,31.4114
2024-10-01,Uganda,Mbarara,cereals and tubers,Groundnuts,KG,UGX,Retail,4791.65,1.295,-1.4416,31.4331
2024-11-01,Uganda,Mbarara,cereals and tubers,Groundnuts,KG,UGX,Retail,4315.11,1.1662,1.7598,29.9364
2024-12-01,Uganda,Mbarara,cereals and tubers,Groundnuts,KG,UGX,Retail,3779.98,1.0216,-1.2448,33.0637
2025-01-01,Uganda,Mbarara,cereals and tubers,Groundnuts,KG,UGX,Retail,3449.7,0.9324,0.4236,30.3956
2025-02-01,Uganda,Mbarara,cereals and tubers,Groundnuts,KG,UGX,Retail,3471.9,0.9384,1.831,33.2672
2025-03-01,Uganda,Mbarara,cereals and tubers,Groundnuts,KG,UGX,Retail,3494.24,0.9444,3.0972,34.4405
2025-04-01,Uganda,Mbarara,cereals and tubers,Groundnuts,KG,UGX,Retail,3711.61,1.0031,2.4331,30.8414
2025-05-01,Uganda,Mbarara,cereals and tubers,Groundnuts,KG,UGX,Retail,4013.83,1.0848,0.7752,29.6366
2025-06-01,Uganda,Mbarara,cereals and tubers,Groundnuts,KG,UGX,Retail,4782.21,1.2925,3.4501,31.1705
2025-07-01,Uganda,Mbarara,cereals and tubers,Groundnuts,KG,UGX,Retail,5662.07,1.5303,0.3076,32.0778
2025-08-01,Uganda,Mbarara,cereals and tubers,Groundnuts,KG,UGX,Retail,6571.45,1.7761,0.2362,32.0329
2025-09-01,Uganda,Mbarara,cereals and tubers,Groundnuts,KG,UGX,Retail,6549.26,1.7701,-0.7563,31.8807
2025-10-01,Uganda,Mbarara,cereals and tubers,Groundnuts,KG,UGX,Retail,6378.75,1.724,2.3576,30.3342
2025-11-01,Uganda,Mbarara,cereals and tubers,Groundnuts,KG,UGX,Retail,5109.08,1.3808,2.5548,30.4436
2025-12-01,Uganda,Mbarara,cereals and tubers,Groundnuts,KG,UGX,Retail,4622.84,1.2494,2.5634,33.7335
2026-01-01,Uganda,Mbarara,cereals and tubers,Groundnuts,KG,UGX,Retail,4455.09,1.2041,3.3564,33.5095
2026-02-01,Uganda,Mbarara,cereals and tubers,Groundnuts,KG,UGX,Retail,4432.37,1.1979,2.8537,33.5328
2026-03-01,Uganda,Mbarara,cereals and tubers,Groundnuts,KG,UGX,Retail,4213.26,1.1387,1.6833,33.5674
2026-04-01,Uganda,Mbarara,cereals and tubers,Groundnuts,KG,UGX,Retail,4096.17,1.1071,1.7977,33.9671
2026-05-01,Uganda,Mbarara,cereals and tubers,Groundnuts,KG,UGX,Retail,4976.64,1.345,3.3781,34.7544
2026-06-01,Uganda,Mbarara,cereals and tubers,Groundnuts,KG,UGX,Retail,5460.62,1.4758,-0.5569,32.7663
2026-07-01,Uganda,Mbarara,cereals and tubers,Groundnuts,KG,UGX,Retail,5753.4,1.555,1.7531,33.9094
2018-01-01,Uganda,Mbarara,cereals and tubers,Millet,KG,UGX,Retail,1405.34,0.3798,0.8793,33.4768
2018-02-01,Uganda,Mbarara,cereals and tubers,Millet,KG,UGX,Retail,1292.68,0.3494,1.5469,29.7177
2018-03-01,Uganda,Mbarara,cereals and tubers,Millet,KG,UGX,Retail,1303.33,0.3523,1.6084,33.5714
2018-04-01,Uganda,Mbarara,cereals and tubers,Millet,KG,UGX,Retail,1367.78,0.3697,0.5429,29.6309
2018-05-01,Uganda,Mbarara,cereals and tubers,Millet,KG,UGX,Retail,1557.19,0.4209,4.0464,34.5806
2018-06-01,Uganda,Mbarara,cereals and tubers,Millet,KG,UGX,Retail,1689.0,0.4565,-0.0245,31.9566
2018-07-01,Uganda,Mbarara,cereals and tubers,Millet,KG,UGX,Retail,1946.18,0.526,0.5339,29.9634
2018-08-01,Uganda,Mbarara,cereals and tubers,Millet,KG,UGX,Retail,2039.83,0.5513,-0.0146,31.3546
2018-09-01,Uganda,Mbarara,cereals and tubers,Millet,KG,UGX,Retail,1987.56,0.5372,2.2554,32.4438
2018-10-01,Uganda,Mbarara,cereals and tubers,Millet,KG,UGX,Retail,1895.32,0.5122,1.657,32.2606
2018-11-01,Uganda,Mbarara,cereals and tubers,Millet,KG,UGX,Retail,1753.09,0.4738,3.9491,30.3056
2018-12-01,Uganda,Mbarara,cereals and tubers,Millet,KG,UGX,Retail,1562.75,0.4224,2.5173,33.3398
2019-01-01,Uganda,Mbarara,cereals and tubers,Millet,KG,UGX,Retail,1466.13,0.3963,-1.4679,34.9039
2019-02-01,Uganda,Mbarara,cereals and tubers,Millet,KG,UGX,Retail,1481.03,0.4003,0.7933,32.5364
2019-03-01,Uganda,Mbarara,cereals and tubers,Millet,KG,UGX,Retail,1530.21,0.4136,-0.5102,32.9661
2019-04-01,Uganda,Mbarara,cereals and tubers,Millet,KG,UGX,Retail,1639.18,0.443,2.9863,33.1572
2019-05-01,Uganda,Mbarara,cereals and tubers,Millet,KG,UGX,Retail,1705.19,0.4609,3.147,29.9686
2019-06-01,Uganda,Mbarara,cereals and tubers,Millet,KG,UGX,Retail,2032.92,0.5494,2.5789,31.0859
2019-07-01,Uganda,Mbarara,cereals and tubers,Millet,KG,UGX,Retail,2395.01,0.6473,-0.281,30.67
2019-08-01,Uganda,Mbarara,cereals and tubers,Millet,KG,UGX,Retail,2498.0,0.6751,-0.7269,33.1601
2019-09-01,Uganda,Mbarara,cereals and tubers,Millet,KG,UGX,Retail,2609.91,0.7054,-1.3467,31.3242
2019-10-01,Uganda,Mbarara,cereals and tubers,Millet,KG,UGX,Retail,2536.39,0.6855,4.1354,31.2362
2019-11-01,Uganda,Mbarara,cereals and tubers,Millet,KG,UGX,Retail,2523.36,0.682,-0.3784,31.6188
2019-12-01,Uganda,Mbarara,cereals and tubers,Millet,KG,UGX,Retail,2541.2,0.6868,2.9571,31.5687
2020-01-01,Uganda,Mbarara,cereals and tubers,Millet,KG,UGX,Retail,2294.99,0.6203,1.2477,34.1711
2020-02-01,Uganda,Mbarara,cereals and tubers,Millet,KG,UGX,Retail,2242.49,0.6061,0.1524,33.3994
2020-03-01,Uganda,Mbarara,cereals and tubers,Millet,KG,UGX,Retail,2308.9,0.624,1.153,34.9309
2020-04-01,Uganda,Mbarara,cereals and tubers,Millet,KG,UGX,Retail,2452.11,0.6627,-0.3774,33.8485
2020-05-01,Uganda,Mbarara,cereals and tubers,Millet,KG,UGX,Retail,2861.83,0.7735,1.5484,32.3753
2020-06-01,Uganda,Mbarara,cereals and tubers,Millet,KG,UGX,Retail,3425.93,0.9259,1.982,32.5036
2020-07-01,Uganda,Mbarara,cereals and tubers,Millet,KG,UGX,Retail,3739.57,1.0107,1.0553,34.5034
2020-08-01,Uganda,Mbarara,cereals and tubers,Millet,KG,UGX,Retail,4246.54,1.1477,-1.2096,34.3736
2020-09-01,Uganda,Mbarara,cereals and tubers,Millet,KG,UGX,Retail,4470.35,1.2082,1.6161,29.721
2020-10-01,Uganda,Mbarara,cereals and tubers,Millet,KG,UGX,Retail,4075.28,1.1014,-1.1888,31.33
2020-11-01,Uganda,Mbarara,cereals and tubers,Millet,KG,UGX,Retail,3667.13,0.9911,3.7036,31.5321
2020-12-01,Uganda,Mbarara,cereals and tubers,Millet,KG,UGX,Retail,3389.68,0.9161,3.7347,29.7136
2021-01-01,Uganda,Mbarara,cereals and tubers,Millet,KG,UGX,Retail,3255.91,0.88,2.5462,33.687
2021-02-01,Uganda,Mbarara,cereals and tubers,Millet,KG,UGX,Retail,3052.65,0.825,2.2435,32.9057
2021-03-01,Uganda,Mbarara,cereals and tubers,Millet,KG,UGX,Retail,2857.85,0.7724,2.5964,30.0637
2021-04-01,Uganda,Mbarara,cereals and tubers,Millet,KG,UGX,Retail,3018.98,0.8159,-0.7435,34.6354
2021-05-01,Uganda,Mbarara,cereals and tubers,Millet,KG,UGX,Retail,3414.89,0.9229,3.0452,30.2303
2021-06-01,Uganda,Mbarara,cereals and tubers,Millet,KG,UGX,Retail,3650.84,0.9867,-0.4328,31.5893
2021-07-01,Uganda,Mbarara,cereals and tubers,Millet,KG,UGX,Retail,4095.8,1.107,3.2249,30.38
2021-08-01,Uganda,Mbarara,cereals and tubers,Millet,KG,UGX,Retail,4414.08,1.193,4.1082,33.3101
2021-09-01,Uganda,Mbarara,cereals and tubers,Millet,KG,UGX,Retail,4113.77,1.1118,3.6747,33.0726
2021-10-01,Uganda,Mbarara,cereals and tubers,Millet,KG,UGX,Retail,3555.56,0.961,2.2602,34.3468
2021-11-01,Uganda,Mbarara,cereals and tubers,Millet,KG,UGX,Retail,3293.49,0.8901,1.5285,32.0432
2021-12-01,Uganda,Mbarara,cereals and tubers,Millet,KG,UGX,Retail,2798.87,0.7565,2.9863,30.2826
2022-01-01,Uganda,Mbarara,cereals and tubers,Millet,KG,UGX,Retail,2543.75,0.6875,0.7049,31.1122
2022-02-01,Uganda,Mbarara,cereals and tubers,Millet,KG,UGX,Retail,2362.11,0.6384,2.0227,31.2815
2022-03-01,Uganda,Mbarara,cereals and tubers,Millet,KG,UGX,Retail,2307.67,0.6237,3.4554,34.8425
2022-04-01,Uganda,Mbarara,cereals and tubers,Millet,KG,UGX,Retail,2283.51,0.6172,0.364,29.8564
2022-05-01,Uganda,Mbarara,cereals and tubers,Millet,KG,UGX,Retail,2658.12,0.7184,0.7394,34.6233
2022-06-01,Uganda,Mbarara,cereals and tubers,Millet,KG,UGX,Retail,3249.37,0.8782,0.4908,34.8275
2022-07-01,Uganda,Mbarara,cereals and tubers,Millet,KG,UGX,Retail,3692.57,0.998,0.0777,31.9023
2022-08-01,Uganda,Mbarara,cereals and tubers,Millet,KG,UGX,Retail,4189.39,1.1323,3.5481,31.5503
2022-09-01,Uganda,Mbarara,cereals and tubers,Millet,KG,UGX,Retail,4404.61,1.1904,0.7176,34.4693
2022-10-01,Uganda,Mbarara,cereals and tubers,Millet,KG,UGX,Retail,4196.99,1.1343,1.283,30.3136
2022-11-01,Uganda,Mbarara,cereals and tubers,Millet,KG,UGX,Retail,3828.98,1.0349,1.6169,31.1393
2022-12-01,Uganda,Mbarara,cereals and tubers,Millet,KG,UGX,Retail,3394.97,0.9176,-1.1897,31.296
2023-01-01,Uganda,Mbarara,cereals and tubers,Millet,KG,UGX,Retail,3088.6,0.8348,0.4369,32.1744
2023-02-01,Uganda,Mbarara,cereals and tubers,Millet,KG,UGX,Retail,2900.2,0.7838,-0.7585,29.799
2023-03-01,Uganda,Mbarara,cereals and tubers,Millet,KG,UGX,Retail,2844.01,0.7687,3.9318,32.7072
2023-04-01,Uganda,Mbarara,cereals and tubers,Millet,KG,UGX,Retail,3104.84,0.8391,0.6906,33.4255
2023-05-01,Uganda,Mbarara,cereals and tubers,Millet,KG,UGX,Retail,3462.92,0.9359,0.0739,33.1419
2023-06-01,Uganda,Mbarara,cereals and tubers,Millet,KG,UGX,Retail,3813.01,1.0305,2.8895,34.4444
2023-07-01,Uganda,Mbarara,cereals and tubers,Millet,KG,UGX,Retail,4370.46,1.1812,-0.45,30.0939
2023-08-01,Uganda,Mbarara,cereals and tubers,Millet,KG,UGX,Retail,4440.64,1.2002,2.9661,34.5347
2023-09-01,Uganda,Mbarara,cereals and tubers,Millet,KG,UGX,Retail,4217.67,1.1399,0.1998,34.1378
2023-10-01,Uganda,Mbarara,cereals and tubers,Millet,KG,UGX,Retail,3843.71,1.0388,3.1899,32.5612
2023-11-01,Uganda,Mbarara,cereals and tubers,Millet,KG,UGX,Retail,3432.18,0.9276,-1.0484,34.769
2023-12-01,Uganda,Mbarara,cereals and tubers,Millet,KG,UGX,Retail,3174.88,0.8581,0.498,31.524
2024-01-01,Uganda,Mbarara,cereals and tubers,Millet,KG,UGX,Retail,2874.3,0.7768,3.8865,29.9386
2024-02-01,Uganda,Mbarara,cereals and tubers,Millet,KG,UGX,Retail,2903.38,0.7847,3.001,32.5668
2024-03-01,Uganda,Mbarara,cereals and tubers,Millet,KG,UGX,Retail,2928.17,0.7914,-1.3036,30.8109
2024-04-01,Uganda,Mbarara,cereals and tubers,Millet,KG,UGX,Retail,3152.96,0.8522,-1.419,30.7669
2024-05-01,Uganda,Mbarara,cereals and tubers,Millet,KG,UGX,Retail,3231.0,0.8732,3.376,34.4505
2024-06-01,Uganda,Mbarara,cereals and tubers,Millet,KG,UGX,Retail,3625.73,0.9799,0.3207,34.9992
2024-07-01,Uganda,Mbarara,cereals and tubers,Millet,KG,UGX,Retail,4054.58,1.0958,1.5629,30.9758
2024-08-01,Uganda,Mbarara,cereals and tubers,Millet,KG,UGX,Retail,4456.52,1.2045,1.4376,32.5272
2024-09-01,Uganda,Mbarara,cereals and tubers,Millet,KG,UGX,Retail,4512.06,1.2195,3.9686,32.7083
2024-10-01,Uganda,Mbarara,cereals and tubers,Millet,KG,UGX,Retail,4058.61,1.0969,-0.2946,33.7309
2024-11-01,Uganda,Mbarara,cereals and tubers,Millet,KG,UGX,Retail,3864.4,1.0444,-0.9576,32.813
2024-12-01,Uganda,Mbarara,cereals and tubers,Millet,KG,UGX,Retail,3491.0,0.9435,3.2627,30.7129
2025-01-01,Uganda,Mbarara,cereals and tubers,Millet,KG,UGX,Retail,3155.17,0.8527,1.1304,30.1212
2025-02-01,Uganda,Mbarara,cereals and tubers,Millet,KG,UGX,Retail,3157.13,0.8533,-0.3725,31.1269
2025-03-01,Uganda,Mbarara,cereals and tubers,Millet,KG,UGX,Retail,2786.81,0.7532,2.7679,30.6083
2025-04-01,Uganda,Mbarara,cereals and tubers,Millet,KG,UGX,Retail,2768.18,0.7482,-0.5793,32.8366
2025-05-01,Uganda,Mbarara,cereals and tubers,Millet,KG,UGX,Retail,2994.57,0.8093,3.2453,33.0986
2025-06-01,Uganda,Mbarara,cereals and tubers,Millet,KG,UGX,Retail,3204.34,0.866,-0.735,29.6522
2025-07-01,Uganda,Mbarara,cereals and tubers,Millet,KG,UGX,Retail,3502.91,0.9467,-0.9897,31.5319
2025-08-01,Uganda,Mbarara,cereals and tubers,Millet,KG,UGX,Retail,4009.96,1.0838,3.7232,34.3523
2025-09-01,Uganda,Mbarara,cereals and tubers,Millet,KG,UGX,Retail,4286.44,1.1585,2.5695,30.432
2025-10-01,Uganda,Mbarara,cereals and tubers,Millet,KG,UGX,Retail,4173.35,1.1279,2.2272,33.0682
2025-11-01,Uganda,Mbarara,cereals and tubers,Millet,KG,UGX,Retail,3885.41,1.0501,-0.1324,31.2965
2025-12-01,Uganda,Mbarara,cereals and tubers,Millet,KG,UGX,Retail,3543.48,0.9577,1.9381,34.7614
2026-01-01,Uganda,Mbarara,cereals and tubers,Millet,KG,UGX,Retail,3272.87,0.8846,2.6676,33.9578
2026-02-01,Uganda,Mbarara,cereals and tubers,Millet,KG,UGX,Retail,3447.73,0.9318,2.2228,32.2034
2026-03-01,Uganda,Mbarara,cereals and tubers,Millet,KG,UGX,Retail,3679.88,0.9946,-1.281,34.4936
2026-04-01,Uganda,Mbarara,cereals and tubers,Millet,KG,UGX,Retail,4183.2,1.1306,-1.4802,30.7491
2026-05-01,Uganda,Mbarara,cereals and tubers,Millet,KG,UGX,Retail,4780.38,1.292,2.9534,32.8296
2026-06-01,Uganda,Mbarara,cereals and tubers,Millet,KG,UGX,Retail,5216.99,1.41,3.1396,31.5088
2026-07-01,Uganda,Mbarara,cereals and tubers,Millet,KG,UGX,Retail,5537.26,1.4966,0.7076,32.4155
2018-01-01,Uganda,Jinja,cereals and tubers,Maize,KG,UGX,Retail,1040.46,0.2812,0.0651,31.8926
2018-02-01,Uganda,Jinja,cereals and tubers,Maize,KG,UGX,Retail,973.47,0.2631,1.3665,34.5485
2018-03-01,Uganda,Jinja,cereals and tubers,Maize,KG,UGX,Retail,952.59,0.2575,2.8823,31.1854
2018-04-01,Uganda,Jinja,cereals and tubers,Maize,KG,UGX,Retail,990.85,0.2678,0.0066,29.7056
2018-05-01,Uganda,Jinja,cereals and tubers,Maize,KG,UGX,Retail,1079.12,0.2917,-1.3766,34.7141
2018-06-01,Uganda,Jinja,cereals and tubers,Maize,KG,UGX,Retail,1176.41,0.3179,3.624,33.6164
2018-07-01,Uganda,Jinja,cereals and tubers,Maize,KG,UGX,Retail,1402.84,0.3791,1.363,33.1735
2018-08-01,Uganda,Jinja,cereals and tubers,Maize,KG,UGX,Retail,1464.04,0.3957,1.3588,33.5549
2018-09-01,Uganda,Jinja,cereals and tubers,Maize,KG,UGX,Retail,1462.2,0.3952,1.0296,32.4757
2018-10-01,Uganda,Jinja,cereals and tubers,Maize,KG,UGX,Retail,1223.96,0.3308,3.9974,34.1807
2018-11-01,Uganda,Jinja,cereals and tubers,Maize,KG,UGX,Retail,1145.06,0.3095,1.8268,32.8572
2018-12-01,Uganda,Jinja,cereals and tubers,Maize,KG,UGX,Retail,1044.85,0.2824,-1.1616,33.3708
2019-01-01,Uganda,Jinja,cereals and tubers,Maize,KG,UGX,Retail,990.92,0.2678,1.4211,34.3001
2019-02-01,Uganda,Jinja,cereals and tubers,Maize,KG,UGX,Retail,922.05,0.2492,0.5672,29.7063
2019-03-01,Uganda,Jinja,cereals and tubers,Maize,KG,UGX,Retail,983.78,0.2659,0.5053,32.0954
2019-04-01,Uganda,Jinja,cereals and tubers,Maize,KG,UGX,Retail,1026.61,0.2775,-0.4208,30.8431
2019-05-01,Uganda,Jinja,cereals and tubers,Maize,KG,UGX,Retail,1174.83,0.3175,2.8963,31.6679
2019-06-01,Uganda,Jinja,cereals and tubers,Maize,KG,UGX,Retail,1357.42,0.3669,-0.8678,30.0705
2019-07-01,Uganda,Jinja,cereals and tubers,Maize,KG,UGX,Retail,1484.43,0.4012,-1.2404,31.4016
2019-08-01,Uganda,Jinja,cereals and tubers,Maize,KG,UGX,Retail,1681.31,0.4544,1.3928,34.0423
2019-09-01,Uganda,Jinja,cereals and tubers,Maize,KG,UGX,Retail,1696.48,0.4585,0.028,34.7114
2019-10-01,Uganda,Jinja,cereals and tubers,Maize,KG,UGX,Retail,1615.6,0.4366,2.1959,34.8711
2019-11-01,Uganda,Jinja,cereals and tubers,Maize,KG,UGX,Retail,1501.05,0.4057,0.2405,32.4725
2019-12-01,Uganda,Jinja,cereals and tubers,Maize,KG,UGX,Retail,1301.75,0.3518,-0.8595,29.6387
2020-01-01,Uganda,Jinja,cereals and tubers,Maize,KG,UGX,Retail,1178.15,0.3184,2.3263,31.211
2020-02-01,Uganda,Jinja,cereals and tubers,Maize,KG,UGX,Retail,1182.26,0.3195,2.3935,34.5655
2020-03-01,Uganda,Jinja,cereals and tubers,Maize,KG,UGX,Retail,1222.33,0.3304,0.3329,34.2129
2020-04-01,Uganda,Jinja,cereals and tubers,Maize,KG,UGX,Retail,1291.98,0.3492,3.71,31.183
2020-05-01,Uganda,Jinja,cereals and tubers,Maize,KG,UGX,Retail,1314.49,0.3553,1.008,31.1971
2020-06-01,Uganda,Jinja,cereals and tubers,Maize,KG,UGX,Retail,1477.07,0.3992,-1.2912,33.023
2020-07-01,Uganda,Jinja,cereals and tubers,Maize,KG,UGX,Retail,1609.02,0.4349,4.067,33.1107
2020-08-01,Uganda,Jinja,cereals and tubers,Maize,KG,UGX,Retail,1770.33,0.4785,-1.0687,31.5401
2020-09-01,Uganda,Jinja,cereals and tubers,Maize,KG,UGX,Retail,1774.45,0.4796,4.0927,34.4747
2020-10-01,Uganda,Jinja,cereals and tubers,Maize,KG,UGX,Retail,1622.42,0.4385,-1.3966,31.5816
2020-11-01,Uganda,Jinja,cereals and tubers,Maize,KG,UGX,Retail,1464.14,0.3957,-0.5852,33.8695
2020-12-01,Uganda,Jinja,cereals and tubers,Maize,KG,UGX,Retail,1252.14,0.3384,0.6511,30.3869
2021-01-01,Uganda,Jinja,cereals and tubers,Maize,KG,UGX,Retail,1207.85,0.3264,2.0225,31.9727
2021-02-01,Uganda,Jinja,cereals and tubers,Maize,KG,UGX,Retail,1286.89,0.3478,3.6627,34.0344
2021-03-01,Uganda,Jinja,cereals and tubers,Maize,KG,UGX,Retail,1261.22,0.3409,2.0123,34.395
2021-04-01,Uganda,Jinja,cereals and tubers,Maize,KG,UGX,Retail,1394.53,0.3769,2.5111,31.784
2021-05-01,Uganda,Jinja,cereals and tubers,Maize,KG,UGX,Retail,1613.75,0.4361,4.1895,34.9164
2021-06-01,Uganda,Jinja,cereals and tubers,Maize,KG,UGX,Retail,1800.36,0.4866,1.771,34.4455
2021-07-01,Uganda,Jinja,cereals and tubers,Maize,KG,UGX,Retail,1886.49,0.5099,2.9381,29.952
2021-08-01,Uganda,Jinja,cereals and tubers,Maize,KG,UGX,Retail,2062.29,0.5574,3.6104,33.7491
2021-09-01,Uganda,Jinja,cereals and tubers,Maize,KG,UGX,Retail,1940.47,0.5245,2.3072,31.8424
2021-10-01,Uganda,Jinja,cereals and tubers,Maize,KG,UGX,Retail,1822.02,0.4924,3.1109,31.1864
2021-11-01,Uganda,Jinja,cereals and tubers,Maize,KG,UGX,Retail,1743.08,0.4711,2.6394,34.1606
2021-12-01,Uganda,Jinja,cereals and tubers,Maize,KG,UGX,Retail,1475.66,0.3988,2.7288,30.175
2022-01-01,Uganda,Jinja,cereals and tubers,Maize,KG,UGX,Retail,1337.48,0.3615,0.8788,29.8982
2022-02-01,Uganda,Jinja,cereals and tubers,Maize,KG,UGX,Retail,1216.26,0.3287,3.6408,29.8642
2022-03-01,Uganda,Jinja,cereals and tubers,Maize,KG,UGX,Retail,1162.75,0.3143,1.4006,33.3906
2022-04-01,Uganda,Jinja,cereals and tubers,Maize,KG,UGX,Retail,1252.23,0.3384,1.7888,30.2282
2022-05-01,Uganda,Jinja,cereals and tubers,Maize,KG,UGX,Retail,1391.74,0.3761,1.3325,34.7259
2022-06-01,Uganda,Jinja,cereals and tubers,Maize,KG,UGX,Retail,1622.67,0.4386,0.6258,29.767
2022-07-01,Uganda,Jinja,cereals and tubers,Maize,KG,UGX,Retail,1830.28,0.4947,0.3648,33.4058
2022-08-01,Uganda,Jinja,cereals and tubers,Maize,KG,UGX,Retail,1896.04,0.5124,-0.0529,29.9444
2022-09-01,Uganda,Jinja,cereals and tubers,Maize,KG,UGX,Retail,1895.0,0.5122,0.3076,33.3814
2022-10-01,Uganda,Jinja,cereals and tubers,Maize,KG,UGX,Retail,1802.45,0.4871,1.5109,29.8193
2022-11-01,Uganda,Jinja,cereals and tubers,Maize,KG,UGX,Retail,1686.95,0.4559,2.842,33.8844
2022-12-01,Uganda,Jinja,cereals and tubers,Maize,KG,UGX,Retail,1507.12,0.4073,-0.6884,32.5756
2023-01-01,Uganda,Jinja,cereals and tubers,Maize,KG,UGX,Retail,1320.6,0.3569,4.1515,33.132
2023-02-01,Uganda,Jinja,cereals and tubers,Maize,KG,UGX,Retail,1191.84,0.3221,-0.6715,32.0347
2023-03-01,Uganda,Jinja,cereals and tubers,Maize,KG,UGX,Retail,1168.53,0.3158,0.5968,33.0155
2023-04-01,Uganda,Jinja,cereals and tubers,Maize,KG,UGX,Retail,1253.23,0.3387,4.154,30.5389
2023-05-01,Uganda,Jinja,cereals and tubers,Maize,KG,UGX,Retail,1413.56,0.382,0.789,32.1272
2023-06-01,Uganda,Jinja,cereals and tubers,Maize,KG,UGX,Retail,1578.3,0.4266,0.0126,34.8038
2023-07-01,Uganda,Jinja,cereals and tubers,Maize,KG,UGX,Retail,1737.39,0.4696,4.0456,34.9834
2023-08-01,Uganda,Jinja,cereals and tubers,Maize,KG,UGX,Retail,1762.97,0.4765,1.0746,34.194
2023-09-01,Uganda,Jinja,cereals and tubers,Maize,KG,UGX,Retail,1791.87,0.4843,3.2561,32.2853
2023-10-01,Uganda,Jinja,cereals and tubers,Maize,KG,UGX,Retail,1766.61,0.4775,0.6321,31.5906
2023-11-01,Uganda,Jinja,cereals and tubers,Maize,KG,UGX,Retail,1589.29,0.4295,0.8276,30.8139
2023-12-01,Uganda,Jinja,cereals and tubers,Maize,KG,UGX,Retail,1291.15,0.349,1.8296,31.316
2024-01-01,Uganda,Jinja,cereals and tubers,Maize,KG,UGX,Retail,1123.91,0.3038,-0.8651,32.7193
2024-02-01,Uganda,Jinja,cereals and tubers,Maize,KG,UGX,Retail,1077.67,0.2913,1.511,32.5837
2024-03-01,Uganda,Jinja,cereals and tubers,Maize,KG,UGX,Retail,1078.11,0.2914,0.9363,32.3512
2024-04-01,Uganda,Jinja,cereals and tubers,Maize,KG,UGX,Retail,1172.63,0.3169,1.1392,31.6144
2024-05-01,Uganda,Jinja,cereals and tubers,Maize,KG,UGX,Retail,1324.95,0.3581,0.9785,33.8084
2024-06-01,Uganda,Jinja,cereals and tubers,Maize,KG,UGX,Retail,1458.22,0.3941,-0.1561,31.0779
2024-07-01,Uganda,Jinja,cereals and tubers,Maize,KG,UGX,Retail,1650.8,0.4462,1.5775,34.0868
2024-08-01,Uganda,Jinja,cereals and tubers,Maize,KG,UGX,Retail,1735.98,0.4692,0.9954,30.659
2024-09-01,Uganda,Jinja,cereals and tubers,Maize,KG,UGX,Retail,1869.2,0.5052,-1.1763,31.7558
2024-10-01,Uganda,Jinja,cereals and tubers,Maize,KG,UGX,Retail,2016.37,0.545,0.7411,30.2365
2024-11-01,Uganda,Jinja,cereals and tubers,Maize,KG,UGX,Retail,1802.42,0.4871,1.9202,30.421
2024-12-01,Uganda,Jinja,cereals and tubers,Maize,KG,UGX,Retail,1567.41,0.4236,0.9975,31.4057
2025-01-01,Uganda,Jinja,cereals and tubers,Maize,KG,UGX,Retail,1514.86,0.4094,3.193,31.742
2025-02-01,Uganda,Jinja,cereals and tubers,Maize,KG,UGX,Retail,1481.99,0.4005,1.01,30.0961
2025-03-01,Uganda,Jinja,cereals and tubers,Maize,KG,UGX,Retail,1537.5,0.4155,1.3938,32.0723
2025-04-01,Uganda,Jinja,cereals and tubers,Maize,KG,UGX,Retail,1695.82,0.4583,3.6919,33.8486
2025-05-01,Uganda,Jinja,cereals and tubers,Maize,KG,UGX,Retail,2013.86,0.5443,1.5863,33.0809
2025-06-01,Uganda,Jinja,cereals and tubers,Maize,KG,UGX,Retail,2312.31,0.6249,3.1275,34.227
2025-07-01,Uganda,Jinja,cereals and tubers,Maize,KG,UGX,Retail,2528.13,0.6833,3.6461,34.1832
2025-08-01,Uganda,Jinja,cereals and tubers,Maize,KG,UGX,Retail,2617.99,0.7076,3.6813,30.2504
2025-09-01,Uganda,Jinja,cereals and tubers,Maize,KG,UGX,Retail,2700.57,0.7299,0.4828,32.6534
2025-10-01,Uganda,Jinja,cereals and tubers,Maize,KG,UGX,Retail,2490.7,0.6732,3.8698,30.9754
2025-11-01,Uganda,Jinja,cereals and tubers,Maize,KG,UGX,Retail,2226.74,0.6018,2.1185,29.6209
2025-12-01,Uganda,Jinja,cereals and tubers,Maize,KG,UGX,Retail,2091.45,0.5653,0.6516,34.8798
2026-01-01,Uganda,Jinja,cereals and tubers,Maize,KG,UGX,Retail,1965.94,0.5313,-1.2024,30.1002
2026-02-01,Uganda,Jinja,cereals and tubers,Maize,KG,UGX,Retail,1953.32,0.5279,3.9299,33.2939
2026-03-01,Uganda,Jinja,cereals and tubers,Maize,KG,UGX,Retail,1879.86,0.5081,-0.3572,34.3177
2026-04-01,Uganda,Jinja,cereals and tubers,Maize,KG,UGX,Retail,1919.11,0.5187,2.5281,33.722
2026-05-01,Uganda,Jinja,cereals and tubers,Maize,KG,UGX,Retail,2091.87,0.5654,1.378,30.8041
2026-06-01,Uganda,Jinja,cereals and tubers,Maize,KG,UGX,Retail,2356.5,0.6369,4.0013,33.3429
2026-07-01,Uganda,Jinja,cereals and tubers,Maize,KG,UGX,Retail,2727.15,0.7371,1.5814,30.8908
2018-01-01,Uganda,Jinja,cereals and tubers,Beans,KG,UGX,Retail,3290.83,0.8894,1.3532,30.555
2018-02-01,Uganda,Jinja,cereals and tubers,Beans,KG,UGX,Retail,3229.52,0.8728,2.1186,33.5708
2018-03-01,Uganda,Jinja,cereals and tubers,Beans,KG,UGX,Retail,3550.59,0.9596,3.4932,31.6496
2018-04-01,Uganda,Jinja,cereals and tubers,Beans,KG,UGX,Retail,3711.12,1.003,-0.3878,33.9425
2018-05-01,Uganda,Jinja,cereals and tubers,Beans,KG,UGX,Retail,3804.64,1.0283,1.2554,30.8032
2018-06-01,Uganda,Jinja,cereals and tubers,Beans,KG,UGX,Retail,4467.05,1.2073,2.9519,31.4329
2018-07-01,Uganda,Jinja,cereals and tubers,Beans,KG,UGX,Retail,5148.61,1.3915,-1.3255,30.3179
2018-08-01,Uganda,Jinja,cereals and tubers,Beans,KG,UGX,Retail,5583.08,1.5089,2.498,30.9537
2018-09-01,Uganda,Jinja,cereals and tubers,Beans,KG,UGX,Retail,5705.68,1.5421,0.3148,32.5921
2018-10-01,Uganda,Jinja,cereals and tubers,Beans,KG,UGX,Retail,5316.05,1.4368,4.045,32.0608
2018-11-01,Uganda,Jinja,cereals and tubers,Beans,KG,UGX,Retail,4702.79,1.271,1.7948,31.3148
2018-12-01,Uganda,Jinja,cereals and tubers,Beans,KG,UGX,Retail,4156.01,1.1232,4.1309,30.717
2019-01-01,Uganda,Jinja,cereals and tubers,Beans,KG,UGX,Retail,3671.19,0.9922,-0.6645,33.9435
2019-02-01,Uganda,Jinja,cereals and tubers,Beans,KG,UGX,Retail,3622.36,0.979,4.0128,33.3043
2019-03-01,Uganda,Jinja,cereals and tubers,Beans,KG,UGX,Retail,3728.73,1.0078,2.4511,32.8596
2019-04-01,Uganda,Jinja,cereals and tubers,Beans,KG,UGX,Retail,4251.26,1.149,-0.0138,33.4813
2019-05-01,Uganda,Jinja,cereals and tubers,Beans,KG,UGX,Retail,4014.36,1.085,0.3651,34.3316
2019-06-01,Uganda,Jinja,cereals and tubers,Beans,KG,UGX,Retail,4510.11,1.2189,-1.1018,32.8393
2019-07-01,Uganda,Jinja,cereals and tubers,Beans,KG,UGX,Retail,4733.23,1.2793,0.077,32.3388
2019-08-01,Uganda,Jinja,cereals and tubers,Beans,KG,UGX,Retail,5107.77,1.3805,-0.2745,33.3972
2019-09-01,Uganda,Jinja,cereals and tubers,Beans,KG,UGX,Retail,4980.92,1.3462,3.2866,32.7387
2019-10-01,Uganda,Jinja,cereals and tubers,Beans,KG,UGX,Retail,4965.43,1.342,-0.0108,33.8772
2019-11-01,Uganda,Jinja,cereals and tubers,Beans,KG,UGX,Retail,4685.39,1.2663,-0.1193,34.1446
2019-12-01,Uganda,Jinja,cereals and tubers,Beans,KG,UGX,Retail,4405.67,1.1907,1.9934,29.8102
2020-01-01,Uganda,Jinja,cereals and tubers,Beans,KG,UGX,Retail,3978.51,1.0753,1.3498,33.6302
2020-02-01,Uganda,Jinja,cereals and tubers,Beans,KG,UGX,Retail,3522.5,0.952,-1.4014,30.5951
2020-03-01,Uganda,Jinja,cereals and tubers,Beans,KG,UGX,Retail,3473.75,0.9389,2.457,29.7805
2020-04-01,Uganda,Jinja,cereals and tubers,Beans,KG,UGX,Retail,3804.48,1.0282,-0.0105,30.0509
2020-05-01,Uganda,Jinja,cereals and tubers,Beans,KG,UGX,Retail,4069.19,1.0998,-0.7949,33.1004
2020-06-01,Uganda,Jinja,cereals and tubers,Beans,KG,UGX,Retail,4702.25,1.2709,4.0319,34.7214
2020-07-01,Uganda,Jinja,cereals and tubers,Beans,KG,UGX,Retail,5288.8,1.4294,-1.3324,31.3788
2020-08-01,Uganda,Jinja,cereals and tubers,Beans,KG,UGX,Retail,5851.5,1.5815,-1.1591,31.5424
2020-09-01,Uganda,Jinja,cereals and tubers,Beans,KG,UGX,Retail,5710.02,1.5432,-0.2497,33.4131
2020-10-01,Uganda,Jinja,cereals and tubers,Beans,KG,UGX,Retail,5578.46,1.5077,1.5523,34.5182
2020-11-01,Uganda,Jinja,cereals and tubers,Beans,KG,UGX,Retail,4421.86,1.1951,-0.6468,31.6706
2020-12-01,Uganda,Jinja,cereals and tubers,Beans,KG,UGX,Retail,3835.98,1.0368,1.8293,29.9998
2021-01-01,Uganda,Jinja,cereals and tubers,Beans,KG,UGX,Retail,3361.96,0.9086,0.2389,31.5385
2021-02-01,Uganda,Jinja,cereals and tubers,Beans,KG,UGX,Retail,3344.6,0.9039,3.8874,33.1785
2021-03-01,Uganda,Jinja,cereals and tubers,Beans,KG,UGX,Retail,3244.44,0.8769,-0.4307,32.9416
2021-04-01,Uganda,Jinja,cereals and tubers,Beans,KG,UGX,Retail,3655.23,0.9879,1.4014,31.5557
2021-05-01,Uganda,Jinja,cereals and tubers,Beans,KG,UGX,Retail,3795.74,1.0259,-0.6964,31.819
2021-06-01,Uganda,Jinja,cereals and tubers,Beans,KG,UGX,Retail,3836.57,1.0369,3.6327,34.8941
2021-07-01,Uganda,Jinja,cereals and tubers,Beans,KG,UGX,Retail,4216.17,1.1395,-1.2095,34.6207
2021-08-01,Uganda,Jinja,cereals and tubers,Beans,KG,UGX,Retail,4254.05,1.1497,2.2142,31.7291
2021-09-01,Uganda,Jinja,cereals and tubers,Beans,KG,UGX,Retail,4077.51,1.102,1.7827,34.1659
2021-10-01,Uganda,Jinja,cereals and tubers,Beans,KG,UGX,Retail,3669.01,0.9916,-0.4456,31.978
2021-11-01,Uganda,Jinja,cereals and tubers,Beans,KG,UGX,Retail,3304.63,0.8931,2.4493,31.1987
2021-12-01,Uganda,Jinja,cereals and tubers,Beans,KG,UGX,Retail,3009.89,0.8135,-1.101,30.5215
2022-01-01,Uganda,Jinja,cereals and tubers,Beans,KG,UGX,Retail,2379.41,0.6431,0.2423,30.7595
2022-02-01,Uganda,Jinja,cereals and tubers,Beans,KG,UGX,Retail,2321.08,0.6273,-0.2755,32.9634
2022-03-01,Uganda,Jinja,cereals and tubers,Beans,KG,UGX,Retail,2255.58,0.6096,0.5674,33.3146
2022-04-01,Uganda,Jinja,cereals and tubers,Beans,KG,UGX,Retail,2428.7,0.6564,1.9045,30.9549
2022-05-01,Uganda,Jinja,cereals and tubers,Beans,KG,UGX,Retail,2740.36,0.7406,0.8591,31.1496
2022-06-01,Uganda,Jinja,cereals and tubers,Beans,KG,UGX,Retail,3123.51,0.8442,2.2352,32.9153
2022-07-01,Uganda,Jinja,cereals and tubers,Beans,KG,UGX,Retail,3493.45,0.9442,-1.1663,34.1235
2022-08-01,Uganda,Jinja,cereals and tubers,Beans,KG,UGX,Retail,3816.16,1.0314,0.552,30.9843
2022-09-01,Uganda,Jinja,cereals and tubers,Beans,KG,UGX,Retail,3947.11,1.0668,3.8641,30.3663
2022-10-01,Uganda,Jinja,cereals and tubers,Beans,KG,UGX,Retail,3722.97,1.0062,2.4393,33.4348
2022-11-01,Uganda,Jinja,cereals and tubers,Beans,KG,UGX,Retail,3316.97,0.8965,3.1405,32.3556
2022-12-01,Uganda,Jinja,cereals and tubers,Beans,KG,UGX,Retail,2774.84,0.75,-1.0025,29.8313
2023-01-01,Uganda,Jinja,cereals and tubers,Beans,KG,UGX,Retail,2494.37,0.6742,-0.6449,32.4347
2023-02-01,Uganda,Jinja,cereals and tubers,Beans,KG,UGX,Retail,2337.41,0.6317,2.9456,34.4575
2023-03-01,Uganda,Jinja,cereals and tubers,Beans,KG,UGX,Retail,2221.19,0.6003,3.9626,34.4767
2023-04-01,Uganda,Jinja,cereals and tubers,Beans,KG,UGX,Retail,2440.33,0.6595,0.7706,34.4394
2023-05-01,Uganda,Jinja,cereals and tubers,Beans,KG,UGX,Retail,2649.53,0.7161,4.0452,33.7489
2023-06-01,Uganda,Jinja,cereals and tubers,Beans,KG,UGX,Retail,2925.79,0.7908,3.8862,34.7146
2023-07-01,Uganda,Jinja,cereals and tubers,Beans,KG,UGX,Retail,3156.83,0.8532,3.3865,32.6304
2023-08-01,Uganda,Jinja,cereals and tubers,Beans,KG,UGX,Retail,3216.48,0.8693,-0.9646,34.2654
2023-09-01,Uganda,Jinja,cereals and tubers,Beans,KG,UGX,Retail,3328.19,0.8995,0.4329,30.3308
2023-10-01,Uganda,Jinja,cereals and tubers,Beans,KG,UGX,Retail,2931.87,0.7924,-0.1762,34.7412
2023-11-01,Uganda,Jinja,cereals and tubers,Beans,KG,UGX,Retail,2477.43,0.6696,3.6171,31.1015
2023-12-01,Uganda,Jinja,cereals and tubers,Beans,KG,UGX,Retail,2235.54,0.6042,2.9212,33.3928
2024-01-01,Uganda,Jinja,cereals and tubers,Beans,KG,UGX,Retail,2235.92,0.6043,3.1475,34.1365
2024-02-01,Uganda,Jinja,cereals and tubers,Beans,KG,UGX,Retail,2250.3,0.6082,4.0058,33.4864
2024-03-01,Uganda,Jinja,cereals and tubers,Beans,KG,UGX,Retail,2317.68,0.6264,0.5601,29.6122
2024-04-01,Uganda,Jinja,cereals and tubers,Beans,KG,UGX,Retail,2595.65,0.7015,2.8543,33.4333
2024-05-01,Uganda,Jinja,cereals and tubers,Beans,KG,UGX,Retail,2730.69,0.738,2.0658,30.6546
2024-06-01,Uganda,Jinja,cereals and tubers,Beans,KG,UGX,Retail,3048.74,0.824,3.9002,31.8312
2024-07-01,Uganda,Jinja,cereals and tubers,Beans,KG,UGX,Retail,3737.71,1.0102,1.2765,31.6899
2024-08-01,Uganda,Jinja,cereals and tubers,Beans,KG,UGX,Retail,4097.63,1.1075,3.9841,32.7954
2024-09-01,Uganda,Jinja,cereals and tubers,Beans,KG,UGX,Retail,3853.46,1.0415,0.5796,32.649
2024-10-01,Uganda,Jinja,cereals and tubers,Beans,KG,UGX,Retail,3604.27,0.9741,-1.4938,34.2769
2024-11-01,Uganda,Jinja,cereals and tubers,Beans,KG,UGX,Retail,3219.52,0.8701,1.3049,30.0509
2024-12-01,Uganda,Jinja,cereals and tubers,Beans,KG,UGX,Retail,2993.26,0.809,-0.5291,31.8174
2025-01-01,Uganda,Jinja,cereals and tubers,Beans,KG,UGX,Retail,2497.35,0.675,1.1094,34.6282
2025-02-01,Uganda,Jinja,cereals and tubers,Beans,KG,UGX,Retail,2509.71,0.6783,2.5768,34.8812
2025-03-01,Uganda,Jinja,cereals and tubers,Beans,KG,UGX,Retail,2476.8,0.6694,2.4454,31.7234
2025-04-01,Uganda,Jinja,cereals and tubers,Beans,KG,UGX,Retail,2644.07,0.7146,3.6806,33.3965
2025-05-01,Uganda,Jinja,cereals and tubers,Beans,KG,UGX,Retail,2775.85,0.7502,1.8553,32.7165
2025-06-01,Uganda,Jinja,cereals and tubers,Beans,KG,UGX,Retail,3072.58,0.8304,2.5449,34.3625
2025-07-01,Uganda,Jinja,cereals and tubers,Beans,KG,UGX,Retail,3385.47,0.915,-0.1717,32.5382
2025-08-01,Uganda,Jinja,cereals and tubers,Beans,KG,UGX,Retail,3600.94,0.9732,3.8544,30.4456
2025-09-01,Uganda,Jinja,cereals and tubers,Beans,KG,UGX,Retail,3619.73,0.9783,0.8538,30.2783
2025-10-01,Uganda,Jinja,cereals and tubers,Beans,KG,UGX,Retail,3546.38,0.9585,0.9185,32.4815
2025-11-01,Uganda,Jinja,cereals and tubers,Beans,KG,UGX,Retail,3068.31,0.8293,1.06,34.9173
2025-12-01,Uganda,Jinja,cereals and tubers,Beans,KG,UGX,Retail,2833.21,0.7657,-1.4497,30.9096
2026-01-01,Uganda,Jinja,cereals and tubers,Beans,KG,UGX,Retail,2607.97,0.7049,4.1377,30.7367
2026-02-01,Uganda,Jinja,cereals and tubers,Beans,KG,UGX,Retail,2624.75,0.7094,-1.0616,32.7182
2026-03-01,Uganda,Jinja,cereals and tubers,Beans,KG,UGX,Retail,2641.64,0.714,3.1664,34.6737
2026-04-01,Uganda,Jinja,cereals and tubers,Beans,KG,UGX,Retail,2734.0,0.7389,1.1375,30.151
2026-05-01,Uganda,Jinja,cereals and tubers,Beans,KG,UGX,Retail,2836.74,0.7667,-1.1289,31.0286
2026-06-01,Uganda,Jinja,cereals and tubers,Beans,KG,UGX,Retail,3523.55,0.9523,-1.2458,34.2384
2026-07-01,Uganda,Jinja,cereals and tubers,Beans,KG,UGX,Retail,4126.59,1.1153,1.5153,32.0414
2018-01-01,Uganda,Jinja,cereals and tubers,Rice,KG,UGX,Retail,3893.04,1.0522,-0.3654,30.5703
2018-02-01,Uganda,Jinja,cereals and tubers,Rice,KG,UGX,Retail,3527.15,0.9533,2.6366,33.3756
2018-03-01,Uganda,Jinja,cereals and tubers,Rice,KG,UGX,Retail,3514.99,0.95,-0.0182,34.1354
2018-04-01,Uganda,Jinja,cereals and tubers,Rice,KG,UGX,Retail,3595.45,0.9717,1.9325,31.1979
2018-05-01,Uganda,Jinja,cereals and tubers,Rice,KG,UGX,Retail,4012.29,1.0844,3.8954,33.5299
2018-06-01,Uganda,Jinja,cereals and tubers,Rice,KG,UGX,Retail,4519.28,1.2214,3.8449,32.7448
2018-07-01,Uganda,Jinja,cereals and tubers,Rice,KG,UGX,Retail,4705.66,1.2718,0.7637,33.5172
2018-08-01,Uganda,Jinja,cereals and tubers,Rice,KG,UGX,Retail,5022.86,1.3575,1.7988,33.4367
2018-09-01,Uganda,Jinja,cereals and tubers,Rice,KG,UGX,Retail,5384.27,1.4552,3.8822,31.5233
2018-10-01,Uganda,Jinja,cereals and tubers,Rice,KG,UGX,Retail,5265.35,1.4231,2.4815,32.8874
2018-11-01,Uganda,Jinja,cereals and tubers,Rice,KG,UGX,Retail,4617.92,1.2481,2.2035,34.4753
2018-12-01,Uganda,Jinja,cereals and tubers,Rice,KG,UGX,Retail,4180.9,1.13,3.1983,30.9954
2019-01-01,Uganda,Jinja,cereals and tubers,Rice,KG,UGX,Retail,3845.25,1.0393,1.6568,29.8386
2019-02-01,Uganda,Jinja,cereals and tubers,Rice,KG,UGX,Retail,3618.33,0.9779,0.3437,31.126
2019-03-01,Uganda,Jinja,cereals and tubers,Rice,KG,UGX,Retail,3647.37,0.9858,0.1153,31.4253
2019-04-01,Uganda,Jinja,cereals and tubers,Rice,KG,UGX,Retail,3682.75,0.9953,1.8263,30.9808
2019-05-01,Uganda,Jinja,cereals and tubers,Rice,KG,UGX,Retail,4140.35,1.119,3.2102,30.1007
2019-06-01,Uganda,Jinja,cereals and tubers,Rice,KG,UGX,Retail,4642.59,1.2548,1.4672,32.7003
2019-07-01,Uganda,Jinja,cereals and tubers,Rice,KG,UGX,Retail,5119.73,1.3837,2.0563,34.8576
2019-08-01,Uganda,Jinja,cereals and tubers,Rice,KG,UGX,Retail,5882.12,1.5898,-0.276,30.9024
2019-09-01,Uganda,Jinja,cereals and tubers,Rice,KG,UGX,Retail,5712.6,1.5439,0.7316,32.5862
2019-10-01,Uganda,Jinja,cereals and tubers,Rice,KG,UGX,Retail,5238.17,1.4157,-0.2326,31.6595
2019-11-01,Uganda,Jinja,cereals and tubers,Rice,KG,UGX,Retail,4805.65,1.2988,2.4223,34.871
2019-12-01,Uganda,Jinja,cereals and tubers,Rice,KG,UGX,Retail,4508.16,1.2184,0.7393,34.8093
2020-01-01,Uganda,Jinja,cereals and tubers,Rice,KG,UGX,Retail,3972.41,1.0736,1.876,32.5141
2020-02-01,Uganda,Jinja,cereals and tubers,Rice,KG,UGX,Retail,3607.49,0.975,3.5922,32.9777
2020-03-01,Uganda,Jinja,cereals and tubers,Rice,KG,UGX,Retail,3514.54,0.9499,1.5752,31.7163
2020-04-01,Uganda,Jinja,cereals and tubers,Rice,KG,UGX,Retail,3739.18,1.0106,2.8053,32.3517
2020-05-01,Uganda,Jinja,cereals and tubers,Rice,KG,UGX,Retail,4097.04,1.1073,0.7748,34.6145
2020-06-01,Uganda,Jinja,cereals and tubers,Rice,KG,UGX,Retail,5078.32,1.3725,2.0566,33.929
2020-07-01,Uganda,Jinja,cereals and tubers,Rice,KG,UGX,Retail,5535.14,1.496,3.3453,30.2154
2020-08-01,Uganda,Jinja,cereals and tubers,Rice,KG,UGX,Retail,5999.31,1.6214,3.6524,32.4034
2020-09-01,Uganda,Jinja,cereals and tubers,Rice,KG,UGX,Retail,6317.85,1.7075,1.0533,30.6946
2020-10-01,Uganda,Jinja,cereals and tubers,Rice,KG,UGX,Retail,6020.48,1.6272,4.0911,30.9994
2020-11-01,Uganda,Jinja,cereals and tubers,Rice,KG,UGX,Retail,5267.86,1.4237,0.2114,31.6014
2020-12-01,Uganda,Jinja,cereals and tubers,Rice,KG,UGX,Retail,4736.38,1.2801,0.4098,33.042
2021-01-01,Uganda,Jinja,cereals and tubers,Rice,KG,UGX,Retail,4075.0,1.1014,0.9432,34.856
2021-02-01,Uganda,Jinja,cereals and tubers,Rice,KG,UGX,Retail,3940.14,1.0649,1.9607,30.8804
2021-03-01,Uganda,Jinja,cereals and tubers,Rice,KG,UGX,Retail,3850.57,1.0407,3.356,32.6995
2021-04-01,Uganda,Jinja,cereals and tubers,Rice,KG,UGX,Retail,4222.8,1.1413,3.1282,31.2771
2021-05-01,Uganda,Jinja,cereals and tubers,Rice,KG,UGX,Retail,4799.74,1.2972,0.3694,34.5728
2021-06-01,Uganda,Jinja,cereals and tubers,Rice,KG,UGX,Retail,5453.89,1.474,-0.7159,33.3697
2021-07-01,Uganda,Jinja,cereals and tubers,Rice,KG,UGX,Retail,6128.44,1.6563,3.9114,33.14
2021-08-01,Uganda,Jinja,cereals and tubers,Rice,KG,UGX,Retail,6744.57,1.8229,-0.3097,34.5889
2021-09-01,Uganda,Jinja,cereals and tubers,Rice,KG,UGX,Retail,6435.71,1.7394,3.5943,30.1952
2021-10-01,Uganda,Jinja,cereals and tubers,Rice,KG,UGX,Retail,5980.25,1.6163,1.4643,33.2095
2021-11-01,Uganda,Jinja,cereals and tubers,Rice,KG,UGX,Retail,4975.05,1.3446,-1.1629,34.7731
2021-12-01,Uganda,Jinja,cereals and tubers,Rice,KG,UGX,Retail,3927.53,1.0615,0.5779,34.6969
2022-01-01,Uganda,Jinja,cereals and tubers,Rice,KG,UGX,Retail,3675.24,0.9933,-0.6183,29.9948
2022-02-01,Uganda,Jinja,cereals and tubers,Rice,KG,UGX,Retail,3505.0,0.9473,-1.2019,31.7311
2022-03-01,Uganda,Jinja,cereals and tubers,Rice,KG,UGX,Retail,3542.87,0.9575,2.664,34.1002
2022-04-01,Uganda,Jinja,cereals and tubers,Rice,KG,UGX,Retail,3995.26,1.0798,-0.3572,33.741
2022-05-01,Uganda,Jinja,cereals and tubers,Rice,KG,UGX,Retail,4280.08,1.1568,0.5903,30.0509
2022-06-01,Uganda,Jinja,cereals and tubers,Rice,KG,UGX,Retail,4883.98,1.32,3.856,33.196
2022-07-01,Uganda,Jinja,cereals and tubers,Rice,KG,UGX,Retail,5205.39,1.4069,3.8244,30.6509
2022-08-01,Uganda,Jinja,cereals and tubers,Rice,KG,UGX,Retail,5892.87,1.5927,0.491,32.2326
2022-09-01,Uganda,Jinja,cereals and tubers,Rice,KG,UGX,Retail,5974.67,1.6148,4.0562,33.5211
2022-10-01,Uganda,Jinja,cereals and tubers,Rice,KG,UGX,Retail,5639.78,1.5243,0.6174,31.8814
2022-11-01,Uganda,Jinja,cereals and tubers,Rice,KG,UGX,Retail,5559.24,1.5025,3.7765,31.3358
2022-12-01,Uganda,Jinja,cereals and tubers,Rice,KG,UGX,Retail,5149.63,1.3918,1.8813,31.7241
2023-01-01,Uganda,Jinja,cereals and tubers,Rice,KG,UGX,Retail,4632.72,1.2521,-0.8975,30.5054
2023-02-01,Uganda,Jinja,cereals and tubers,Rice,KG,UGX,Retail,4457.89,1.2048,3.7152,31.4865
2023-03-01,Uganda,Jinja,cereals and tubers,Rice,KG,UGX,Retail,5163.91,1.3957,1.117,29.6465
2023-04-01,Uganda,Jinja,cereals and tubers,Rice,KG,UGX,Retail,5240.84,1.4164,0.8658,33.2377
2023-05-01,Uganda,Jinja,cereals and tubers,Rice,KG,UGX,Retail,5705.98,1.5422,-1.4863,31.4603
2023-06-01,Uganda,Jinja,cereals and tubers,Rice,KG,UGX,Retail,6732.62,1.8196,0.7407,30.7835
2023-07-01,Uganda,Jinja,cereals and tubers,Rice,KG,UGX,Retail,7855.25,2.123,2.7884,30.2449
2023-08-01,Uganda,Jinja,cereals and tubers,Rice,KG,UGX,Retail,8604.02,2.3254,2.3039,31.602
2023-09-01,Uganda,Jinja,cereals and tubers,Rice,KG,UGX,Retail,8391.63,2.268,3.5998,31.3073
2023-10-01,Uganda,Jinja,cereals and tubers,Rice,KG,UGX,Retail,7785.34,2.1041,0.2573,30.7055
2023-11-01,Uganda,Jinja,cereals and tubers,Rice,KG,UGX,Retail,6897.84,1.8643,3.7368,34.2998
2023-12-01,Uganda,Jinja,cereals and tubers,Rice,KG,UGX,Retail,5799.35,1.5674,0.943,29.7973
2024-01-01,Uganda,Jinja,cereals and tubers,Rice,KG,UGX,Retail,5411.02,1.4624,-1.1388,34.6685
2024-02-01,Uganda,Jinja,cereals and tubers,Rice,KG,UGX,Retail,5380.29,1.4541,-0.2791,33.3766
2024-03-01,Uganda,Jinja,cereals and tubers,Rice,KG,UGX,Retail,5683.05,1.536,3.0677,32.1685
2024-04-01,Uganda,Jinja,cereals and tubers,Rice,KG,UGX,Retail,5877.15,1.5884,2.1471,30.0335
2024-05-01,Uganda,Jinja,cereals and tubers,Rice,KG,UGX,Retail,6294.18,1.7011,-0.2876,33.2987
2024-06-01,Uganda,Jinja,cereals and tubers,Rice,KG,UGX,Retail,6815.6,1.8421,-0.8757,31.7615
2024-07-01,Uganda,Jinja,cereals and tubers,Rice,KG,UGX,Retail,8001.05,2.1624,-0.5669,32.6592
2024-08-01,Uganda,Jinja,cereals and tubers,Rice,KG,UGX,Retail,8688.39,2.3482,0.5223,34.0927
2024-09-01,Uganda,Jinja,cereals and tubers,Rice,KG,UGX,Retail,8704.37,2.3525,2.0739,30.3607
2024-10-01,Uganda,Jinja,cereals and tubers,Rice,KG,UGX,Retail,8371.82,2.2627,-1.2107,34.4812
2024-11-01,Uganda,Jinja,cereals and tubers,Rice,KG,UGX,Retail,7499.97,2.027,3.1033,30.6779
2024-12-01,Uganda,Jinja,cereals and tubers,Rice,KG,UGX,Retail,6729.55,1.8188,3.0379,33.2432
2025-01-01,Uganda,Jinja,cereals and tubers,Rice,KG,UGX,Retail,5672.24,1.533,3.6046,30.4677
2025-02-01,Uganda,Jinja,cereals and tubers,Rice,KG,UGX,Retail,5326.29,1.4395,3.6357,32.2169
2025-03-01,Uganda,Jinja,cereals and tubers,Rice,KG,UGX,Retail,5128.15,1.386,1.6558,34.8995
2025-04-01,Uganda,Jinja,cereals and tubers,Rice,KG,UGX,Retail,5691.82,1.5383,2.8146,31.4054
2025-05-01,Uganda,Jinja,cereals and tubers,Rice,KG,UGX,Retail,6000.76,1.6218,0.905,32.5633
2025-06-01,Uganda,Jinja,cereals and tubers,Rice,KG,UGX,Retail,6581.58,1.7788,0.81,33.0327
2025-07-01,Uganda,Jinja,cereals and tubers,Rice,KG,UGX,Retail,7445.35,2.0123,2.622,34.1166
2025-08-01,Uganda,Jinja,cereals and tubers,Rice,KG,UGX,Retail,7895.29,2.1339,0.9109,32.2821
2025-09-01,Uganda,Jinja,cereals and tubers,Rice,KG,UGX,Retail,8015.29,2.1663,-0.8826,31.2882
2025-10-01,Uganda,Jinja,cereals and tubers,Rice,KG,UGX,Retail,7738.02,2.0914,0.6994,34.8561
2025-11-01,Uganda,Jinja,cereals and tubers,Rice,KG,UGX,Retail,7438.54,2.0104,0.9475,32.6561
2025-12-01,Uganda,Jinja,cereals and tubers,Rice,KG,UGX,Retail,6637.46,1.7939,0.9792,32.0176
2026-01-01,Uganda,Jinja,cereals and tubers,Rice,KG,UGX,Retail,6112.01,1.6519,-1.1531,32.5164
2026-02-01,Uganda,Jinja,cereals and tubers,Rice,KG,UGX,Retail,5645.41,1.5258,2.8135,34.9063
2026-03-01,Uganda,Jinja,cereals and tubers,Rice,KG,UGX,Retail,5461.58,1.4761,1.3716,30.515
2026-04-01,Uganda,Jinja,cereals and tubers,Rice,KG,UGX,Retail,5454.56,1.4742,3.2555,34.635
2026-05-01,Uganda,Jinja,cereals and tubers,Rice,KG,UGX,Retail,6350.97,1.7165,-0.4229,33.4479
2026-06-01,Uganda,Jinja,cereals and tubers,Rice,KG,UGX,Retail,7179.2,1.9403,2.3818,33.3031
2026-07-01,Uganda,Jinja,cereals and tubers,Rice,KG,UGX,Retail,7976.44,2.1558,2.1308,31.1897
2018-01-01,Uganda,Jinja,cereals and tubers,Cassava,KG,UGX,Retail,681.6,0.1842,3.218,34.693
2018-02-01,Uganda,Jinja,cereals and tubers,Cassava,KG,UGX,Retail,605.82,0.1637,0.4033,30.1051
2018-03-01,Uganda,Jinja,cereals and tubers,Cassava,KG,UGX,Retail,627.33,0.1695,3.3042,33.1414
2018-04-01,Uganda,Jinja,cereals and tubers,Cassava,KG,UGX,Retail,635.98,0.1719,0.4533,32.5779
2018-05-01,Uganda,Jinja,cereals and tubers,Cassava,KG,UGX,Retail,690.24,0.1866,-0.1662,34.8061
2018-06-01,Uganda,Jinja,cereals and tubers,Cassava,KG,UGX,Retail,749.26,0.2025,-1.455,29.7358
2018-07-01,Uganda,Jinja,cereals and tubers,Cassava,KG,UGX,Retail,827.98,0.2238,2.1781,33.7206
2018-08-01,Uganda,Jinja,cereals and tubers,Cassava,KG,UGX,Retail,875.36,0.2366,0.8966,33.9125
2018-09-01,Uganda,Jinja,cereals and tubers,Cassava,KG,UGX,Retail,892.23,0.2411,-0.5186,33.7263
2018-10-01,Uganda,Jinja,cereals and tubers,Cassava,KG,UGX,Retail,789.38,0.2133,0.3325,31.8289
2018-11-01,Uganda,Jinja,cereals and tubers,Cassava,KG,UGX,Retail,769.51,0.208,-1.3743,31.9432
2018-12-01,Uganda,Jinja,cereals and tubers,Cassava,KG,UGX,Retail,689.94,0.1865,-0.8706,33.8782
2019-01-01,Uganda,Jinja,cereals and tubers,Cassava,KG,UGX,Retail,583.31,0.1577,-0.9817,30.4259
2019-02-01,Uganda,Jinja,cereals and tubers,Cassava,KG,UGX,Retail,531.52,0.1437,-0.3722,30.0263
2019-03-01,Uganda,Jinja,cereals and tubers,Cassava,KG,UGX,Retail,573.53,0.155,3.5879,33.1409
2019-04-01,Uganda,Jinja,cereals and tubers,Cassava,KG,UGX,Retail,631.16,0.1706,3.7396,33.1398
2019-05-01,Uganda,Jinja,cereals and tubers,Cassava,KG,UGX,Retail,711.82,0.1924,3.309,33.1275
2019-06-01,Uganda,Jinja,cereals and tubers,Cassava,KG,UGX,Retail,800.35,0.2163,0.7214,32.3169
2019-07-01,Uganda,Jinja,cereals and tubers,Cassava,KG,UGX,Retail,901.89,0.2438,0.5567,32.0198
2019-08-01,Uganda,Jinja,cereals and tubers,Cassava,KG,UGX,Retail,944.05,0.2551,0.8741,29.738
2019-09-01,Uganda,Jinja,cereals and tubers,Cassava,KG,UGX,Retail,974.13,0.2633,-0.1791,33.8853
2019-10-01,Uganda,Jinja,cereals and tubers,Cassava,KG,UGX,Retail,978.89,0.2646,0.0978,33.9778
2019-11-01,Uganda,Jinja,cereals and tubers,Cassava,KG,UGX,Retail,867.55,0.2345,-0.5068,34.0656
2019-12-01,Uganda,Jinja,cereals and tubers,Cassava,KG,UGX,Retail,785.39,0.2123,2.9098,34.1262
2020-01-01,Uganda,Jinja,cereals and tubers,Cassava,KG,UGX,Retail,701.29,0.1895,-1.1385,33.9159
2020-02-01,Uganda,Jinja,cereals and tubers,Cassava,KG,UGX,Retail,626.74,0.1694,-0.32,34.6312
2020-03-01,Uganda,Jinja,cereals and tubers,Cassava,KG,UGX,Retail,647.04,0.1749,3.5594,32.8676
2020-04-01,Uganda,Jinja,cereals and tubers,Cassava,KG,UGX,Retail,674.4,0.1823,-0.5907,34.5374
2020-05-01,Uganda,Jinja,cereals and tubers,Cassava,KG,UGX,Retail,713.26,0.1928,-1.4653,29.6987
2020-06-01,Uganda,Jinja,cereals and tubers,Cassava,KG,UGX,Retail,781.27,0.2112,-0.577,32.8332
2020-07-01,Uganda,Jinja,cereals and tubers,Cassava,KG,UGX,Retail,839.44,0.2269,0.0924,32.6743
2020-08-01,Uganda,Jinja,cereals and tubers,Cassava,KG,UGX,Retail,826.73,0.2234,3.894,34.2449
2020-09-01,Uganda,Jinja,cereals and tubers,Cassava,KG,UGX,Retail,860.79,0.2326,1.5142,32.3034
2020-10-01,Uganda,Jinja,cereals and tubers,Cassava,KG,UGX,Retail,756.38,0.2044,0.746,32.636
2020-11-01,Uganda,Jinja,cereals and tubers,Cassava,KG,UGX,Retail,651.86,0.1762,-0.572,32.5726
2020-12-01,Uganda,Jinja,cereals and tubers,Cassava,KG,UGX,Retail,592.55,0.1601,2.0197,31.5747
2021-01-01,Uganda,Jinja,cereals and tubers,Cassava,KG,UGX,Retail,549.93,0.1486,0.8678,30.3354
2021-02-01,Uganda,Jinja,cereals and tubers,Cassava,KG,UGX,Retail,467.17,0.1263,3.1789,33.3522
2021-03-01,Uganda,Jinja,cereals and tubers,Cassava,KG,UGX,Retail,484.24,0.1309,2.1597,29.8053
2021-04-01,Uganda,Jinja,cereals and tubers,Cassava,KG,UGX,Retail,494.58,0.1337,3.814,33.5919
2021-05-01,Uganda,Jinja,cereals and tubers,Cassava,KG,UGX,Retail,617.35,0.1669,-0.8651,34.7242
2021-06-01,Uganda,Jinja,cereals and tubers,Cassava,KG,UGX,Retail,744.7,0.2013,-0.0347,30.5862
2021-07-01,Uganda,Jinja,cereals and tubers,Cassava,KG,UGX,Retail,823.0,0.2224,0.2906,34.8606
2021-08-01,Uganda,Jinja,cereals and tubers,Cassava,KG,UGX,Retail,932.51,0.252,1.3745,33.6281
2021-09-01,Uganda,Jinja,cereals and tubers,Cassava,KG,UGX,Retail,908.25,0.2455,2.7385,33.1728
2021-10-01,Uganda,Jinja,cereals and tubers,Cassava,KG,UGX,Retail,783.48,0.2118,2.203,33.9155
2021-11-01,Uganda,Jinja,cereals and tubers,Cassava,KG,UGX,Retail,651.13,0.176,3.0131,30.3862
2021-12-01,Uganda,Jinja,cereals and tubers,Cassava,KG,UGX,Retail,603.27,0.163,2.701,31.2198
2022-01-01,Uganda,Jinja,cereals and tubers,Cassava,KG,UGX,Retail,472.61,0.1277,-0.1102,34.2823
2022-02-01,Uganda,Jinja,cereals and tubers,Cassava,KG,UGX,Retail,498.34,0.1347,0.8684,31.5868
2022-03-01,Uganda,Jinja,cereals and tubers,Cassava,KG,UGX,Retail,493.32,0.1333,1.0948,33.3493
2022-04-01,Uganda,Jinja,cereals and tubers,Cassava,KG,UGX,Retail,533.16,0.1441,2.0791,34.696
2022-05-01,Uganda,Jinja,cereals and tubers,Cassava,KG,UGX,Retail,575.21,0.1555,0.7812,34.7344
2022-06-01,Uganda,Jinja,cereals and tubers,Cassava,KG,UGX,Retail,664.49,0.1796,-1.3713,31.0041
2022-07-01,Uganda,Jinja,cereals and tubers,Cassava,KG,UGX,Retail,794.46,0.2147,-0.6062,32.754
2022-08-01,Uganda,Jinja,cereals and tubers,Cassava,KG,UGX,Retail,764.01,0.2065,1.546,29.6101
2022-09-01,Uganda,Jinja,cereals and tubers,Cassava,KG,UGX,Retail,850.27,0.2298,0.563,30.3569
2022-10-01,Uganda,Jinja,cereals and tubers,Cassava,KG,UGX,Retail,868.84,0.2348,1.2712,33.042
2022-11-01,Uganda,Jinja,cereals and tubers,Cassava,KG,UGX,Retail,797.85,0.2156,-1.2519,34.3062
2022-12-01,Uganda,Jinja,cereals and tubers,Cassava,KG,UGX,Retail,724.06,0.1957,-1.0612,33.7733
2023-01-01,Uganda,Jinja,cereals and tubers,Cassava,KG,UGX,Retail,626.39,0.1693,2.2018,31.9053
2023-02-01,Uganda,Jinja,cereals and tubers,Cassava,KG,UGX,Retail,608.35,0.1644,1.5571,29.8732
2023-03-01,Uganda,Jinja,cereals and tubers,Cassava,KG,UGX,Retail,629.06,0.17,4.131,33.1758
2023-04-01,Uganda,Jinja,cereals and tubers,Cassava,KG,UGX,Retail,653.44,0.1766,-0.2325,33.6241
2023-05-01,Uganda,Jinja,cereals and tubers,Cassava,KG,UGX,Retail,731.85,0.1978,-0.5745,30.4344
2023-06-01,Uganda,Jinja,cereals and tubers,Cassava,KG,UGX,Retail,858.7,0.2321,2.164,29.977
2023-07-01,Uganda,Jinja,cereals and tubers,Cassava,KG,UGX,Retail,1006.97,0.2722,2.1129,32.684
2023-08-01,Uganda,Jinja,cereals and tubers,Cassava,KG,UGX,Retail,1115.04,0.3014,-0.4852,33.5236
2023-09-01,Uganda,Jinja,cereals and tubers,Cassava,KG,UGX,Retail,1162.67,0.3142,1.926,30.6591
2023-10-01,Uganda,Jinja,cereals and tubers,Cassava,KG,UGX,Retail,1089.16,0.2944,0.4556,29.8662
2023-11-01,Uganda,Jinja,cereals and tubers,Cassava,KG,UGX,Retail,997.8,0.2697,3.6618,31.8202
2023-12-01,Uganda,Jinja,cereals and tubers,Cassava,KG,UGX,Retail,941.7,0.2545,1.3994,32.3917
2024-01-01,Uganda,Jinja,cereals and tubers,Cassava,KG,UGX,Retail,851.43,0.2301,2.1315,30.1822
2024-02-01,Uganda,Jinja,cereals and tubers,Cassava,KG,UGX,Retail,858.73,0.2321,-0.0162,31.7189
2024-03-01,Uganda,Jinja,cereals and tubers,Cassava,KG,UGX,Retail,830.89,0.2246,-1.4176,31.1368
2024-04-01,Uganda,Jinja,cereals and tubers,Cassava,KG,UGX,Retail,927.88,0.2508,-1.1728,31.3247
2024-05-01,Uganda,Jinja,cereals and tubers,Cassava,KG,UGX,Retail,1086.29,0.2936,0.6625,33.2978
2024-06-01,Uganda,Jinja,cereals and tubers,Cassava,KG,UGX,Retail,1314.48,0.3553,1.1235,33.0823
2024-07-01,Uganda,Jinja,cereals and tubers,Cassava,KG,UGX,Retail,1517.35,0.4101,3.908,34.8902
2024-08-01,Uganda,Jinja,cereals and tubers,Cassava,KG,UGX,Retail,1683.56,0.455,0.4598,30.723
2024-09-01,Uganda,Jinja,cereals and tubers,Cassava,KG,UGX,Retail,1793.7,0.4848,1.2986,32.6447
2024-10-01,Uganda,Jinja,cereals and tubers,Cassava,KG,UGX,Retail,1744.05,0.4714,0.0536,31.1046
2024-11-01,Uganda,Jinja,cereals and tubers,Cassava,KG,UGX,Retail,1637.16,0.4425,3.765,30.0099
2024-12-01,Uganda,Jinja,cereals and tubers,Cassava,KG,UGX,Retail,1480.74,0.4002,1.1042,33.3196
2025-01-01,Uganda,Jinja,cereals and tubers,Cassava,KG,UGX,Retail,1236.73,0.3343,3.5687,29.9617
2025-02-01,Uganda,Jinja,cereals and tubers,Cassava,KG,UGX,Retail,1209.0,0.3268,4.1173,30.5843
2025-03-01,Uganda,Jinja,cereals and tubers,Cassava,KG,UGX,Retail,1217.83,0.3291,2.6551,33.7981
2025-04-01,Uganda,Jinja,cereals and tubers,Cassava,KG,UGX,Retail,1262.61,0.3412,2.9243,33.3461
2025-05-01,Uganda,Jinja,cereals and tubers,Cassava,KG,UGX,Retail,1418.62,0.3834,1.9669,33.7951
2025-06-01,Uganda,Jinja,cereals and tubers,Cassava,KG,UGX,Retail,1778.85,0.4808,-0.0965,30.2881
2025-07-01,Uganda,Jinja,cereals and tubers,Cassava,KG,UGX,Retail,1951.74,0.5275,-0.0377,29.7724
2025-08-01,Uganda,Jinja,cereals and tubers,Cassava,KG,UGX,Retail,2212.7,0.598,1.3841,31.3638
2025-09-01,Uganda,Jinja,cereals and tubers,Cassava,KG,UGX,Retail,2212.53,0.598,-1.2986,33.8802
2025-10-01,Uganda,Jinja,cereals and tubers,Cassava,KG,UGX,Retail,1883.97,0.5092,-0.6466,31.5359
2025-11-01,Uganda,Jinja,cereals and tubers,Cassava,KG,UGX,Retail,1741.87,0.4708,-0.8566,31.0921
2025-12-01,Uganda,Jinja,cereals and tubers,Cassava,KG,UGX,Retail,1521.97,0.4113,-0.303,31.4558
2026-01-01,Uganda,Jinja,cereals and tubers,Cassava,KG,UGX,Retail,1484.91,0.4013,0.8942,30.2946
2026-02-01,Uganda,Jinja,cereals and tubers,Cassava,KG,UGX,Retail,1421.0,0.3841,-1.2979,31.491
2026-03-01,Uganda,Jinja,cereals and tubers,Cassava,KG,UGX,Retail,1341.51,0.3626,-0.7518,33.8497
2026-04-01,Uganda,Jinja,cereals and tubers,Cassava,KG,UGX,Retail,1315.48,0.3555,-1.4775,29.7444
2026-05-01,Uganda,Jinja,cereals and tubers,Cassava,KG,UGX,Retail,1367.26,0.3695,-1.1801,32.4693
2026-06-01,Uganda,Jinja,cereals and tubers,Cassava,KG,UGX,Retail,1488.91,0.4024,3.0751,32.262
2026-07-01,Uganda,Jinja,cereals and tubers,Cassava,KG,UGX,Retail,1473.55,0.3983,2.779,32.3365
2018-01-01,Uganda,Jinja,cereals and tubers,Sorghum,KG,UGX,Retail,1009.07,0.2727,4.1444,31.5398
2018-02-01,Uganda,Jinja,cereals and tubers,Sorghum,KG,UGX,Retail,954.33,0.2579,0.5705,30.8061
2018-03-01,Uganda,Jinja,cereals and tubers,Sorghum,KG,UGX,Retail,947.24,0.256,0.6568,32.1944
2018-04-01,Uganda,Jinja,cereals and tubers,Sorghum,KG,UGX,Retail,1002.17,0.2709,0.0619,32.5024
2018-05-01,Uganda,Jinja,cereals and tubers,Sorghum,KG,UGX,Retail,1148.04,0.3103,2.9743,33.0535
2018-06-01,Uganda,Jinja,cereals and tubers,Sorghum,KG,UGX,Retail,1299.6,0.3512,2.2623,30.5189
2018-07-01,Uganda,Jinja,cereals and tubers,Sorghum,KG,UGX,Retail,1568.38,0.4239,1.7338,31.768
2018-08-01,Uganda,Jinja,cereals and tubers,Sorghum,KG,UGX,Retail,1734.03,0.4687,3.3826,33.8052
2018-09-01,Uganda,Jinja,cereals and tubers,Sorghum,KG,UGX,Retail,1815.49,0.4907,2.6194,31.8351
2018-10-01,Uganda,Jinja,cereals and tubers,Sorghum,KG,UGX,Retail,1682.24,0.4547,3.2256,30.3414
2018-11-01,Uganda,Jinja,cereals and tubers,Sorghum,KG,UGX,Retail,1634.68,0.4418,0.0389,30.4968
2018-12-01,Uganda,Jinja,cereals and tubers,Sorghum,KG,UGX,Retail,1428.98,0.3862,-0.3997,32.8159
2019-01-01,Uganda,Jinja,cereals and tubers,Sorghum,KG,UGX,Retail,1232.03,0.333,0.0385,33.1938
2019-02-01,Uganda,Jinja,cereals and tubers,Sorghum,KG,UGX,Retail,1159.14,0.3133,0.9023,33.9088
2019-03-01,Uganda,Jinja,cereals and tubers,Sorghum,KG,UGX,Retail,1221.31,0.3301,1.7209,30.027
2019-04-01,Uganda,Jinja,cereals and tubers,Sorghum,KG,UGX,Retail,1236.0,0.3341,4.0205,33.2679
2019-05-01,Uganda,Jinja,cereals and tubers,Sorghum,KG,UGX,Retail,1375.06,0.3716,2.3519,30.5699
2019-06-01,Uganda,Jinja,cereals and tubers,Sorghum,KG,UGX,Retail,1479.81,0.3999,3.0491,34.2784
2019-07-01,Uganda,Jinja,cereals and tubers,Sorghum,KG,UGX,Retail,1573.43,0.4253,1.897,30.4484
2019-08-01,Uganda,Jinja,cereals and tubers,Sorghum,KG,UGX,Retail,1549.96,0.4189,-0.0624,33.5238
2019-09-01,Uganda,Jinja,cereals and tubers,Sorghum,KG,UGX,Retail,1670.88,0.4516,2.0115,33.16
2019-10-01,Uganda,Jinja,cereals and tubers,Sorghum,KG,UGX,Retail,1514.29,0.4093,3.1674,34.381
2019-11-01,Uganda,Jinja,cereals and tubers,Sorghum,KG,UGX,Retail,1436.94,0.3884,0.3855,33.6194
2019-12-01,Uganda,Jinja,cereals and tubers,Sorghum,KG,UGX,Retail,1310.78,0.3543,1.878,32.1781
2020-01-01,Uganda,Jinja,cereals and tubers,Sorghum,KG,UGX,Retail,1140.72,0.3083,-0.7268,31.8078
2020-02-01,Uganda,Jinja,cereals and tubers,Sorghum,KG,UGX,Retail,1072.69,0.2899,0.0966,30.2902
2020-03-01,Uganda,Jinja,cereals and tubers,Sorghum,KG,UGX,Retail,1104.37,0.2985,2.957,32.5691
2020-04-01,Uganda,Jinja,cereals and tubers,Sorghum,KG,UGX,Retail,1198.28,0.3239,2.9946,34.5111
2020-05-01,Uganda,Jinja,cereals and tubers,Sorghum,KG,UGX,Retail,1327.96,0.3589,3.1912,34.958
2020-06-01,Uganda,Jinja,cereals and tubers,Sorghum,KG,UGX,Retail,1611.7,0.4356,3.9867,34.7238
2020-07-01,Uganda,Jinja,cereals and tubers,Sorghum,KG,UGX,Retail,1718.33,0.4644,3.4216,33.8794
2020-08-01,Uganda,Jinja,cereals and tubers,Sorghum,KG,UGX,Retail,1794.13,0.4849,3.6088,31.6746
2020-09-01,Uganda,Jinja,cereals and tubers,Sorghum,KG,UGX,Retail,1780.47,0.4812,2.1483,33.5841
2020-10-01,Uganda,Jinja,cereals and tubers,Sorghum,KG,UGX,Retail,1688.5,0.4564,3.4923,33.4952
2020-11-01,Uganda,Jinja,cereals and tubers,Sorghum,KG,UGX,Retail,1607.48,0.4345,-0.4818,34.7318
2020-12-01,Uganda,Jinja,cereals and tubers,Sorghum,KG,UGX,Retail,1357.03,0.3668,1.667,30.0871
2021-01-01,Uganda,Jinja,cereals and tubers,Sorghum,KG,UGX,Retail,1162.21,0.3141,0.7236,30.0407
2021-02-01,Uganda,Jinja,cereals and tubers,Sorghum,KG,UGX,Retail,1107.96,0.2994,2.6678,30.5406
2021-03-01,Uganda,Jinja,cereals and tubers,Sorghum,KG,UGX,Retail,1164.75,0.3148,-0.4794,30.3419
2021-04-01,Uganda,Jinja,cereals and tubers,Sorghum,KG,UGX,Retail,1254.02,0.3389,1.9147,33.8055
2021-05-01,Uganda,Jinja,cereals and tubers,Sorghum,KG,UGX,Retail,1349.48,0.3647,3.1133,32.794
2021-06-01,Uganda,Jinja,cereals and tubers,Sorghum,KG,UGX,Retail,1483.4,0.4009,4.0662,31.7112
2021-07-01,Uganda,Jinja,cereals and tubers,Sorghum,KG,UGX,Retail,1624.9,0.4392,-0.7282,32.8264
2021-08-01,Uganda,Jinja,cereals and tubers,Sorghum,KG,UGX,Retail,1699.85,0.4594,-0.4499,34.3634
2021-09-01,Uganda,Jinja,cereals and tubers,Sorghum,KG,UGX,Retail,1817.65,0.4913,-0.0567,30.7172
2021-10-01,Uganda,Jinja,cereals and tubers,Sorghum,KG,UGX,Retail,1632.19,0.4411,0.7083,34.2074
2021-11-01,Uganda,Jinja,cereals and tubers,Sorghum,KG,UGX,Retail,1374.24,0.3714,-1.1149,32.1541
2021-12-01,Uganda,Jinja,cereals and tubers,Sorghum,KG,UGX,Retail,1198.07,0.3238,0.8154,31.779
2022-01-01,Uganda,Jinja,cereals and tubers,Sorghum,KG,UGX,Retail,1108.13,0.2995,1.6319,34.3237
2022-02-01,Uganda,Jinja,cereals and tubers,Sorghum,KG,UGX,Retail,1044.14,0.2822,2.9118,29.7224
2022-03-01,Uganda,Jinja,cereals and tubers,Sorghum,KG,UGX,Retail,1032.53,0.2791,3.5141,33.3282
2022-04-01,Uganda,Jinja,cereals and tubers,Sorghum,KG,UGX,Retail,1105.31,0.2987,2.6149,34.6617
2022-05-01,Uganda,Jinja,cereals and tubers,Sorghum,KG,UGX,Retail,1221.84,0.3302,-1.3594,32.2984
2022-06-01,Uganda,Jinja,cereals and tubers,Sorghum,KG,UGX,Retail,1415.16,0.3825,-1.2277,32.832
2022-07-01,Uganda,Jinja,cereals and tubers,Sorghum,KG,UGX,Retail,1587.06,0.4289,-1.2945,33.8314
2022-08-01,Uganda,Jinja,cereals and tubers,Sorghum,KG,UGX,Retail,1793.61,0.4848,2.7863,30.9215
2022-09-01,Uganda,Jinja,cereals and tubers,Sorghum,KG,UGX,Retail,1822.98,0.4927,-0.8174,30.89
2022-10-01,Uganda,Jinja,cereals and tubers,Sorghum,KG,UGX,Retail,1697.3,0.4587,0.3208,30.5452
2022-11-01,Uganda,Jinja,cereals and tubers,Sorghum,KG,UGX,Retail,1511.32,0.4085,3.6384,33.833
2022-12-01,Uganda,Jinja,cereals and tubers,Sorghum,KG,UGX,Retail,1384.67,0.3742,3.9016,30.8902
2023-01-01,Uganda,Jinja,cereals and tubers,Sorghum,KG,UGX,Retail,1231.19,0.3328,3.1371,31.9916
2023-02-01,Uganda,Jinja,cereals and tubers,Sorghum,KG,UGX,Retail,1096.04,0.2962,0.6007,32.3039
2023-03-01,Uganda,Jinja,cereals and tubers,Sorghum,KG,UGX,Retail,1159.46,0.3134,0.812,31.929
2023-04-01,Uganda,Jinja,cereals and tubers,Sorghum,KG,UGX,Retail,1225.58,0.3312,1.5515,30.7851
2023-05-01,Uganda,Jinja,cereals and tubers,Sorghum,KG,UGX,Retail,1330.78,0.3597,2.76,31.8155
2023-06-01,Uganda,Jinja,cereals and tubers,Sorghum,KG,UGX,Retail,1575.13,0.4257,-1.4601,31.4602
2023-07-01,Uganda,Jinja,cereals and tubers,Sorghum,KG,UGX,Retail,1841.94,0.4978,1.1779,33.6431
2023-08-01,Uganda,Jinja,cereals and tubers,Sorghum,KG,UGX,Retail,2082.24,0.5628,0.666,31.4932
2023-09-01,Uganda,Jinja,cereals and tubers,Sorghum,KG,UGX,Retail,2299.55,0.6215,0.1031,30.3633
2023-10-01,Uganda,Jinja,cereals and tubers,Sorghum,KG,UGX,Retail,2263.89,0.6119,3.1143,34.7759
2023-11-01,Uganda,Jinja,cereals and tubers,Sorghum,KG,UGX,Retail,1984.2,0.5363,-1.3985,31.9612
2023-12-01,Uganda,Jinja,cereals and tubers,Sorghum,KG,UGX,Retail,1807.1,0.4884,-0.7115,30.2328
2024-01-01,Uganda,Jinja,cereals and tubers,Sorghum,KG,UGX,Retail,1649.18,0.4457,2.8606,33.844
2024-02-01,Uganda,Jinja,cereals and tubers,Sorghum,KG,UGX,Retail,1502.63,0.4061,-1.1962,33.5058
2024-03-01,Uganda,Jinja,cereals and tubers,Sorghum,KG,UGX,Retail,1476.52,0.3991,-0.6,31.1937
2024-04-01,Uganda,Jinja,cereals and tubers,Sorghum,KG,UGX,Retail,1575.72,0.4259,0.379,34.8366
2024-05-01,Uganda,Jinja,cereals and tubers,Sorghum,KG,UGX,Retail,1692.56,0.4574,0.6213,33.2351
2024-06-01,Uganda,Jinja,cereals and tubers,Sorghum,KG,UGX,Retail,1937.68,0.5237,-1.4861,32.9398
2024-07-01,Uganda,Jinja,cereals and tubers,Sorghum,KG,UGX,Retail,1985.94,0.5367,0.6388,33.4143
2024-08-01,Uganda,Jinja,cereals and tubers,Sorghum,KG,UGX,Retail,2055.73,0.5556,0.6013,30.504
2024-09-01,Uganda,Jinja,cereals and tubers,Sorghum,KG,UGX,Retail,2073.82,0.5605,0.3204,34.5298
2024-10-01,Uganda,Jinja,cereals and tubers,Sorghum,KG,UGX,Retail,1904.39,0.5147,3.436,31.707
2024-11-01,Uganda,Jinja,cereals and tubers,Sorghum,KG,UGX,Retail,1797.11,0.4857,-1.1777,31.2098
2024-12-01,Uganda,Jinja,cereals and tubers,Sorghum,KG,UGX,Retail,1610.14,0.4352,-1.3196,34.5619
2025-01-01,Uganda,Jinja,cereals and tubers,Sorghum,KG,UGX,Retail,1420.9,0.384,2.0631,32.4755
2025-02-01,Uganda,Jinja,cereals and tubers,Sorghum,KG,UGX,Retail,1399.06,0.3781,2.1405,34.0635
2025-03-01,Uganda,Jinja,cereals and tubers,Sorghum,KG,UGX,Retail,1307.56,0.3534,2.7669,31.1173
2025-04-01,Uganda,Jinja,cereals and tubers,Sorghum,KG,UGX,Retail,1326.66,0.3586,-1.3182,31.6875
2025-05-01,Uganda,Jinja,cereals and tubers,Sorghum,KG,UGX,Retail,1469.9,0.3973,-0.471,30.3632
2025-06-01,Uganda,Jinja,cereals and tubers,Sorghum,KG,UGX,Retail,1466.07,0.3962,0.9407,34.6403
2025-07-01,Uganda,Jinja,cereals and tubers,Sorghum,KG,UGX,Retail,1742.39,0.4709,1.1453,34.8541
2025-08-01,Uganda,Jinja,cereals and tubers,Sorghum,KG,UGX,Retail,1831.19,0.4949,3.4799,30.9287
2025-09-01,Uganda,Jinja,cereals and tubers,Sorghum,KG,UGX,Retail,1922.3,0.5195,-1.3306,29.648
2025-10-01,Uganda,Jinja,cereals and tubers,Sorghum,KG,UGX,Retail,1925.3,0.5204,-0.8257,32.5582
2025-11-01,Uganda,Jinja,cereals and tubers,Sorghum,KG,UGX,Retail,1770.02,0.4784,-1.3163,32.0232
2025-12-01,Uganda,Jinja,cereals and tubers,Sorghum,KG,UGX,Retail,1622.01,0.4384,3.5715,31.2158
2026-01-01,Uganda,Jinja,cereals and tubers,Sorghum,KG,UGX,Retail,1533.25,0.4144,3.3139,33.1134
2026-02-01,Uganda,Jinja,cereals and tubers,Sorghum,KG,UGX,Retail,1434.29,0.3876,2.5533,34.0074
2026-03-01,Uganda,Jinja,cereals and tubers,Sorghum,KG,UGX,Retail,1411.47,0.3815,4.1591,34.5065
2026-04-01,Uganda,Jinja,cereals and tubers,Sorghum,KG,UGX,Retail,1539.79,0.4162,2.6201,32.4296
2026-05-01,Uganda,Jinja,cereals and tubers,Sorghum,KG,UGX,Retail,1704.32,0.4606,3.2138,29.7254
2026-06-01,Uganda,Jinja,cereals and tubers,Sorghum,KG,UGX,Retail,1799.55,0.4864,0.4179,34.5551
2026-07-01,Uganda,Jinja,cereals and tubers,Sorghum,KG,UGX,Retail,1975.81,0.534,3.5588,32.0971
2018-01-01,Uganda,Jinja,cereals and tubers,Sweet Potato,KG,UGX,Retail,754.04,0.2038,3.6337,32.6276
2018-02-01,Uganda,Jinja,cereals and tubers,Sweet Potato,KG,UGX,Retail,633.9,0.1713,-1.2469,30.199
2018-03-01,Uganda,Jinja,cereals and tubers,Sweet Potato,KG,UGX,Retail,633.29,0.1712,0.5796,32.8796
2018-04-01,Uganda,Jinja,cereals and tubers,Sweet Potato,KG,UGX,Retail,626.74,0.1694,-1.1265,31.03
2018-05-01,Uganda,Jinja,cereals and tubers,Sweet Potato,KG,UGX,Retail,678.32,0.1833,4.1559,31.7221
2018-06-01,Uganda,Jinja,cereals and tubers,Sweet Potato,KG,UGX,Retail,669.44,0.1809,1.8124,34.5661
2018-07-01,Uganda,Jinja,cereals and tubers,Sweet Potato,KG,UGX,Retail,781.06,0.2111,3.2664,34.6125
2018-08-01,Uganda,Jinja,cereals and tubers,Sweet Potato,KG,UGX,Retail,825.26,0.223,4.1711,29.7797
2018-09-01,Uganda,Jinja,cereals and tubers,Sweet Potato,KG,UGX,Retail,906.91,0.2451,3.385,34.5502
2018-10-01,Uganda,Jinja,cereals and tubers,Sweet Potato,KG,UGX,Retail,794.2,0.2146,2.9902,30.6534
2018-11-01,Uganda,Jinja,cereals and tubers,Sweet Potato,KG,UGX,Retail,652.82,0.1764,0.5443,32.8193
2018-12-01,Uganda,Jinja,cereals and tubers,Sweet Potato,KG,UGX,Retail,562.6,0.1521,0.4783,30.7677
2019-01-01,Uganda,Jinja,cereals and tubers,Sweet Potato,KG,UGX,Retail,521.99,0.1411,2.2846,33.2551
2019-02-01,Uganda,Jinja,cereals and tubers,Sweet Potato,KG,UGX,Retail,557.02,0.1505,-0.7787,34.02
2019-03-01,Uganda,Jinja,cereals and tubers,Sweet Potato,KG,UGX,Retail,591.92,0.16,-1.3261,31.4122
2019-04-01,Uganda,Jinja,cereals and tubers,Sweet Potato,KG,UGX,Retail,688.55,0.1861,0.5555,30.2341
2019-05-01,Uganda,Jinja,cereals and tubers,Sweet Potato,KG,UGX,Retail,791.29,0.2139,-1.36,30.1026
2019-06-01,Uganda,Jinja,cereals and tubers,Sweet Potato,KG,UGX,Retail,906.53,0.245,3.1738,32.4438
2019-07-01,Uganda,Jinja,cereals and tubers,Sweet Potato,KG,UGX,Retail,956.92,0.2586,2.2743,32.5242
2019-08-01,Uganda,Jinja,cereals and tubers,Sweet Potato,KG,UGX,Retail,1032.33,0.279,-0.231,30.8016
2019-09-01,Uganda,Jinja,cereals and tubers,Sweet Potato,KG,UGX,Retail,1071.0,0.2895,1.1313,31.693
2019-10-01,Uganda,Jinja,cereals and tubers,Sweet Potato,KG,UGX,Retail,978.47,0.2645,4.0297,31.2966
2019-11-01,Uganda,Jinja,cereals and tubers,Sweet Potato,KG,UGX,Retail,872.59,0.2358,1.2381,33.4699
2019-12-01,Uganda,Jinja,cereals and tubers,Sweet Potato,KG,UGX,Retail,807.18,0.2182,2.6557,30.6882
2020-01-01,Uganda,Jinja,cereals and tubers,Sweet Potato,KG,UGX,Retail,768.44,0.2077,3.1237,31.6603
2020-02-01,Uganda,Jinja,cereals and tubers,Sweet Potato,KG,UGX,Retail,687.79,0.1859,0.5793,32.2874
2020-03-01,Uganda,Jinja,cereals and tubers,Sweet Potato,KG,UGX,Retail,630.49,0.1704,0.9719,34.1664
2020-04-01,Uganda,Jinja,cereals and tubers,Sweet Potato,KG,UGX,Retail,680.59,0.1839,1.7357,32.9404
2020-05-01,Uganda,Jinja,cereals and tubers,Sweet Potato,KG,UGX,Retail,732.55,0.198,1.9724,34.7841
2020-06-01,Uganda,Jinja,cereals and tubers,Sweet Potato,KG,UGX,Retail,745.88,0.2016,0.4878,34.2435
2020-07-01,Uganda,Jinja,cereals and tubers,Sweet Potato,KG,UGX,Retail,883.69,0.2388,-0.034,32.8951
2020-08-01,Uganda,Jinja,cereals and tubers,Sweet Potato,KG,UGX,Retail,974.43,0.2634,2.2025,30.1057
2020-09-01,Uganda,Jinja,cereals and tubers,Sweet Potato,KG,UGX,Retail,1015.32,0.2744,0.893,32.7715
2020-10-01,Uganda,Jinja,cereals and tubers,Sweet Potato,KG,UGX,Retail,979.28,0.2647,2.464,32.2784
2020-11-01,Uganda,Jinja,cereals and tubers,Sweet Potato,KG,UGX,Retail,883.08,0.2387,0.2993,30.3874
2020-12-01,Uganda,Jinja,cereals and tubers,Sweet Potato,KG,UGX,Retail,748.37,0.2023,3.8807,30.8301
2021-01-01,Uganda,Jinja,cereals and tubers,Sweet Potato,KG,UGX,Retail,633.0,0.1711,-1.2159,33.4777
2021-02-01,Uganda,Jinja,cereals and tubers,Sweet Potato,KG,UGX,Retail,638.31,0.1725,1.0736,31.5859
2021-03-01,Uganda,Jinja,cereals and tubers,Sweet Potato,KG,UGX,Retail,696.6,0.1883,0.4698,31.4907
2021-04-01,Uganda,Jinja,cereals and tubers,Sweet Potato,KG,UGX,Retail,739.79,0.1999,4.0424,32.1381
2021-05-01,Uganda,Jinja,cereals and tubers,Sweet Potato,KG,UGX,Retail,777.19,0.2101,1.1309,30.1807
2021-06-01,Uganda,Jinja,cereals and tubers,Sweet Potato,KG,UGX,Retail,855.9,0.2313,0.8229,31.357
2021-07-01,Uganda,Jinja,cereals and tubers,Sweet Potato,KG,UGX,Retail,1028.09,0.2779,2.3683,32.7229
2021-08-01,Uganda,Jinja,cereals and tubers,Sweet Potato,KG,UGX,Retail,1155.92,0.3124,0.7644,32.9058
2021-09-01,Uganda,Jinja,cereals and tubers,Sweet Potato,KG,UGX,Retail,1013.06,0.2738,0.2278,30.5244
2021-10-01,Uganda,Jinja,cereals and tubers,Sweet Potato,KG,UGX,Retail,881.42,0.2382,-1.3588,30.465
2021-11-01,Uganda,Jinja,cereals and tubers,Sweet Potato,KG,UGX,Retail,790.79,0.2137,4.186,32.233
2021-12-01,Uganda,Jinja,cereals and tubers,Sweet Potato,KG,UGX,Retail,744.33,0.2012,2.9084,29.7954
2022-01-01,Uganda,Jinja,cereals and tubers,Sweet Potato,KG,UGX,Retail,686.35,0.1855,-0.931,31.765
2022-02-01,Uganda,Jinja,cereals and tubers,Sweet Potato,KG,UGX,Retail,595.32,0.1609,2.7957,34.9192
2022-03-01,Uganda,Jinja,cereals and tubers,Sweet Potato,KG,UGX,Retail,557.28,0.1506,1.9662,33.6728
2022-04-01,Uganda,Jinja,cereals and tubers,Sweet Potato,KG,UGX,Retail,602.22,0.1628,1.1452,31.1798
2022-05-01,Uganda,Jinja,cereals and tubers,Sweet Potato,KG,UGX,Retail,688.37,0.186,-0.0266,32.2281
2022-06-01,Uganda,Jinja,cereals and tubers,Sweet Potato,KG,UGX,Retail,785.98,0.2124,1.7228,30.9245
2022-07-01,Uganda,Jinja,cereals and tubers,Sweet Potato,KG,UGX,Retail,837.48,0.2263,1.3445,30.4776
2022-08-01,Uganda,Jinja,cereals and tubers,Sweet Potato,KG,UGX,Retail,832.18,0.2249,1.0476,31.5023
2022-09-01,Uganda,Jinja,cereals and tubers,Sweet Potato,KG,UGX,Retail,814.07,0.22,3.3065,32.9795
2022-10-01,Uganda,Jinja,cereals and tubers,Sweet Potato,KG,UGX,Retail,813.29,0.2198,-0.1005,33.6237
2022-11-01,Uganda,Jinja,cereals and tubers,Sweet Potato,KG,UGX,Retail,799.35,0.216,0.6706,30.3283
2022-12-01,Uganda,Jinja,cereals and tubers,Sweet Potato,KG,UGX,Retail,658.48,0.178,-1.4637,33.6174
2023-01-01,Uganda,Jinja,cereals and tubers,Sweet Potato,KG,UGX,Retail,637.89,0.1724,4.1591,33.8347
2023-02-01,Uganda,Jinja,cereals and tubers,Sweet Potato,KG,UGX,Retail,579.53,0.1566,4.0729,31.3702
2023-03-01,Uganda,Jinja,cereals and tubers,Sweet Potato,KG,UGX,Retail,639.94,0.173,2.4178,29.8649
2023-04-01,Uganda,Jinja,cereals and tubers,Sweet Potato,KG,UGX,Retail,710.66,0.1921,4.1846,33.7854
2023-05-01,Uganda,Jinja,cereals and tubers,Sweet Potato,KG,UGX,Retail,769.59,0.208,0.7248,29.956
2023-06-01,Uganda,Jinja,cereals and tubers,Sweet Potato,KG,UGX,Retail,836.38,0.226,1.9038,34.5104
2023-07-01,Uganda,Jinja,cereals and tubers,Sweet Potato,KG,UGX,Retail,1053.03,0.2846,0.2392,31.5475
2023-08-01,Uganda,Jinja,cereals and tubers,Sweet Potato,KG,UGX,Retail,1048.18,0.2833,2.9901,34.7895
2023-09-01,Uganda,Jinja,cereals and tubers,Sweet Potato,KG,UGX,Retail,1081.0,0.2922,1.3137,29.7564
2023-10-01,Uganda,Jinja,cereals and tubers,Sweet Potato,KG,UGX,Retail,1024.97,0.277,0.6318,32.8066
2023-11-01,Uganda,Jinja,cereals and tubers,Sweet Potato,KG,UGX,Retail,992.37,0.2682,0.5775,32.97
2023-12-01,Uganda,Jinja,cereals and tubers,Sweet Potato,KG,UGX,Retail,799.97,0.2162,-0.1224,31.4515
2024-01-01,Uganda,Jinja,cereals and tubers,Sweet Potato,KG,UGX,Retail,696.0,0.1881,2.9343,34.0571
2024-02-01,Uganda,Jinja,cereals and tubers,Sweet Potato,KG,UGX,Retail,610.98,0.1651,1.5738,34.4601
2024-03-01,Uganda,Jinja,cereals and tubers,Sweet Potato,KG,UGX,Retail,607.75,0.1643,0.9503,34.918
2024-04-01,Uganda,Jinja,cereals and tubers,Sweet Potato,KG,UGX,Retail,665.35,0.1798,2.5219,34.191
2024-05-01,Uganda,Jinja,cereals and tubers,Sweet Potato,KG,UGX,Retail,724.19,0.1957,2.5724,32.1366
2024-06-01,Uganda,Jinja,cereals and tubers,Sweet Potato,KG,UGX,Retail,839.38,0.2269,3.6725,34.3114
2024-07-01,Uganda,Jinja,cereals and tubers,Sweet Potato,KG,UGX,Retail,889.7,0.2405,2.8141,34.5762
2024-08-01,Uganda,Jinja,cereals and tubers,Sweet Potato,KG,UGX,Retail,1002.07,0.2708,1.925,29.843
2024-09-01,Uganda,Jinja,cereals and tubers,Sweet Potato,KG,UGX,Retail,1074.76,0.2905,-1.2355,31.293
2024-10-01,Uganda,Jinja,cereals and tubers,Sweet Potato,KG,UGX,Retail,1074.27,0.2903,3.9135,34.9563
2024-11-01,Uganda,Jinja,cereals and tubers,Sweet Potato,KG,UGX,Retail,913.89,0.247,-0.4887,32.2349
2024-12-01,Uganda,Jinja,cereals and tubers,Sweet Potato,KG,UGX,Retail,834.29,0.2255,3.4735,32.6269
2025-01-01,Uganda,Jinja,cereals and tubers,Sweet Potato,KG,UGX,Retail,732.17,0.1979,-1.0467,31.7883
2025-02-01,Uganda,Jinja,cereals and tubers,Sweet Potato,KG,UGX,Retail,671.34,0.1814,2.5094,30.0453
2025-03-01,Uganda,Jinja,cereals and tubers,Sweet Potato,KG,UGX,Retail,664.21,0.1795,0.7362,30.1474
2025-04-01,Uganda,Jinja,cereals and tubers,Sweet Potato,KG,UGX,Retail,691.14,0.1868,2.2181,30.112
2025-05-01,Uganda,Jinja,cereals and tubers,Sweet Potato,KG,UGX,Retail,739.58,0.1999,0.5999,30.9223
2025-06-01,Uganda,Jinja,cereals and tubers,Sweet Potato,KG,UGX,Retail,770.77,0.2083,-1.4238,32.1131
2025-07-01,Uganda,Jinja,cereals and tubers,Sweet Potato,KG,UGX,Retail,760.72,0.2056,3.7899,31.4498
2025-08-01,Uganda,Jinja,cereals and tubers,Sweet Potato,KG,UGX,Retail,798.15,0.2157,-0.2071,32.6252
2025-09-01,Uganda,Jinja,cereals and tubers,Sweet Potato,KG,UGX,Retail,800.9,0.2165,1.7567,30.5273
2025-10-01,Uganda,Jinja,cereals and tubers,Sweet Potato,KG,UGX,Retail,721.69,0.1951,3.5554,31.4194
2025-11-01,Uganda,Jinja,cereals and tubers,Sweet Potato,KG,UGX,Retail,667.96,0.1805,-0.9556,33.5979
2025-12-01,Uganda,Jinja,cereals and tubers,Sweet Potato,KG,UGX,Retail,666.33,0.1801,-0.7268,33.2622
2026-01-01,Uganda,Jinja,cereals and tubers,Sweet Potato,KG,UGX,Retail,670.62,0.1812,1.5218,32.4109
2026-02-01,Uganda,Jinja,cereals and tubers,Sweet Potato,KG,UGX,Retail,674.94,0.1824,-1.2071,32.8463
2026-03-01,Uganda,Jinja,cereals and tubers,Sweet Potato,KG,UGX,Retail,679.28,0.1836,0.6571,32.9094
2026-04-01,Uganda,Jinja,cereals and tubers,Sweet Potato,KG,UGX,Retail,742.68,0.2007,3.2212,31.872
2026-05-01,Uganda,Jinja,cereals and tubers,Sweet Potato,KG,UGX,Retail,849.39,0.2296,1.7978,31.285
2026-06-01,Uganda,Jinja,cereals and tubers,Sweet Potato,KG,UGX,Retail,924.11,0.2498,-1.4759,34.1151
2026-07-01,Uganda,Jinja,cereals and tubers,Sweet Potato,KG,UGX,Retail,1087.85,0.294,2.0925,32.7161
2018-01-01,Uganda,Jinja,cereals and tubers,Groundnuts,KG,UGX,Retail,4411.11,1.1922,3.2509,33.3714
2018-02-01,Uganda,Jinja,cereals and tubers,Groundnuts,KG,UGX,Retail,4137.82,1.1183,2.9272,32.3378
2018-03-01,Uganda,Jinja,cereals and tubers,Groundnuts,KG,UGX,Retail,3964.8,1.0716,2.6432,33.3048
2018-04-01,Uganda,Jinja,cereals and tubers,Groundnuts,KG,UGX,Retail,4423.43,1.1955,4.1033,33.103
2018-05-01,Uganda,Jinja,cereals and tubers,Groundnuts,KG,UGX,Retail,5167.4,1.3966,-1.1017,31.1083
2018-06-01,Uganda,Jinja,cereals and tubers,Groundnuts,KG,UGX,Retail,5563.69,1.5037,2.0946,32.3689
2018-07-01,Uganda,Jinja,cereals and tubers,Groundnuts,KG,UGX,Retail,6209.53,1.6783,-0.0034,33.3916
2018-08-01,Uganda,Jinja,cereals and tubers,Groundnuts,KG,UGX,Retail,6757.45,1.8263,2.8608,33.7626
2018-09-01,Uganda,Jinja,cereals and tubers,Groundnuts,KG,UGX,Retail,6836.79,1.8478,-1.0202,33.3648
2018-10-01,Uganda,Jinja,cereals and tubers,Groundnuts,KG,UGX,Retail,6861.62,1.8545,1.7698,30.7735
2018-11-01,Uganda,Jinja,cereals and tubers,Groundnuts,KG,UGX,Retail,6550.63,1.7704,-0.5043,31.412
2018-12-01,Uganda,Jinja,cereals and tubers,Groundnuts,KG,UGX,Retail,5930.9,1.6029,1.1477,31.8619
2019-01-01,Uganda,Jinja,cereals and tubers,Groundnuts,KG,UGX,Retail,5636.53,1.5234,3.7895,32.183
2019-02-01,Uganda,Jinja,cereals and tubers,Groundnuts,KG,UGX,Retail,5297.16,1.4317,3.5541,34.0159
2019-03-01,Uganda,Jinja,cereals and tubers,Groundnuts,KG,UGX,Retail,5928.31,1.6022,-1.4263,32.9993
2019-04-01,Uganda,Jinja,cereals and tubers,Groundnuts,KG,UGX,Retail,6682.19,1.806,1.6512,30.7404
2019-05-01,Uganda,Jinja,cereals and tubers,Groundnuts,KG,UGX,Retail,6835.97,1.8476,2.3164,32.6512
2019-06-01,Uganda,Jinja,cereals and tubers,Groundnuts,KG,UGX,Retail,8280.26,2.2379,2.9702,33.2069
2019-07-01,Uganda,Jinja,cereals and tubers,Groundnuts,KG,UGX,Retail,9447.54,2.5534,2.2746,32.4359
2019-08-01,Uganda,Jinja,cereals and tubers,Groundnuts,KG,UGX,Retail,10498.4,2.8374,2.5447,32.8967
2019-09-01,Uganda,Jinja,cereals and tubers,Groundnuts,KG,UGX,Retail,9912.96,2.6792,-0.778,33.3904
2019-10-01,Uganda,Jinja,cereals and tubers,Groundnuts,KG,UGX,Retail,9245.76,2.4989,0.4508,31.5241
2019-11-01,Uganda,Jinja,cereals and tubers,Groundnuts,KG,UGX,Retail,9195.76,2.4853,3.9829,34.2451
2019-12-01,Uganda,Jinja,cereals and tubers,Groundnuts,KG,UGX,Retail,7734.96,2.0905,0.7894,33.5789
2020-01-01,Uganda,Jinja,cereals and tubers,Groundnuts,KG,UGX,Retail,6873.23,1.8576,4.0624,29.8977
2020-02-01,Uganda,Jinja,cereals and tubers,Groundnuts,KG,UGX,Retail,6414.05,1.7335,1.7411,30.6977
2020-03-01,Uganda,Jinja,cereals and tubers,Groundnuts,KG,UGX,Retail,5454.71,1.4742,2.9541,30.3458
2020-04-01,Uganda,Jinja,cereals and tubers,Groundnuts,KG,UGX,Retail,5636.47,1.5234,2.4254,34.1029
2020-05-01,Uganda,Jinja,cereals and tubers,Groundnuts,KG,UGX,Retail,5842.24,1.579,-0.3249,32.7633
2020-06-01,Uganda,Jinja,cereals and tubers,Groundnuts,KG,UGX,Retail,6988.5,1.8888,2.9,32.6001
2020-07-01,Uganda,Jinja,cereals and tubers,Groundnuts,KG,UGX,Retail,7613.43,2.0577,2.8,32.3958
2020-08-01,Uganda,Jinja,cereals and tubers,Groundnuts,KG,UGX,Retail,7767.16,2.0992,1.7095,34.7209
2020-09-01,Uganda,Jinja,cereals and tubers,Groundnuts,KG,UGX,Retail,7365.97,1.9908,0.2032,33.4387
2020-10-01,Uganda,Jinja,cereals and tubers,Groundnuts,KG,UGX,Retail,6829.48,1.8458,1.5933,32.4436
2020-11-01,Uganda,Jinja,cereals and tubers,Groundnuts,KG,UGX,Retail,6736.73,1.8207,0.4829,34.6878
2020-12-01,Uganda,Jinja,cereals and tubers,Groundnuts,KG,UGX,Retail,5968.28,1.613,3.0659,33.2038
2021-01-01,Uganda,Jinja,cereals and tubers,Groundnuts,KG,UGX,Retail,5340.27,1.4433,-0.7162,30.7047
2021-02-01,Uganda,Jinja,cereals and tubers,Groundnuts,KG,UGX,Retail,5199.42,1.4052,1.8447,34.8563
2021-03-01,Uganda,Jinja,cereals and tubers,Groundnuts,KG,UGX,Retail,5227.11,1.4127,-1.3561,31.0781
2021-04-01,Uganda,Jinja,cereals and tubers,Groundnuts,KG,UGX,Retail,5534.22,1.4957,4.0614,30.8723
2021-05-01,Uganda,Jinja,cereals and tubers,Groundnuts,KG,UGX,Retail,6504.94,1.7581,2.039,32.6034
2021-06-01,Uganda,Jinja,cereals and tubers,Groundnuts,KG,UGX,Retail,7566.92,2.0451,2.3211,30.1238
2021-07-01,Uganda,Jinja,cereals and tubers,Groundnuts,KG,UGX,Retail,8381.77,2.2653,-1.0302,31.5703
2021-08-01,Uganda,Jinja,cereals and tubers,Groundnuts,KG,UGX,Retail,8635.65,2.334,1.6193,33.6755
2021-09-01,Uganda,Jinja,cereals and tubers,Groundnuts,KG,UGX,Retail,9275.9,2.507,2.6002,34.8174
2021-10-01,Uganda,Jinja,cereals and tubers,Groundnuts,KG,UGX,Retail,8134.36,2.1985,4.1946,33.0474
2021-11-01,Uganda,Jinja,cereals and tubers,Groundnuts,KG,UGX,Retail,6940.6,1.8758,-0.0626,33.0727
2021-12-01,Uganda,Jinja,cereals and tubers,Groundnuts,KG,UGX,Retail,6089.86,1.6459,3.9515,34.4852
2022-01-01,Uganda,Jinja,cereals and tubers,Groundnuts,KG,UGX,Retail,5409.31,1.462,3.8972,34.378
2022-02-01,Uganda,Jinja,cereals and tubers,Groundnuts,KG,UGX,Retail,4882.98,1.3197,-1.0319,30.4683
2022-03-01,Uganda,Jinja,cereals and tubers,Groundnuts,KG,UGX,Retail,4618.12,1.2481,-0.8844,34.8755
2022-04-01,Uganda,Jinja,cereals and tubers,Groundnuts,KG,UGX,Retail,4510.7,1.2191,2.4379,33.0373
2022-05-01,Uganda,Jinja,cereals and tubers,Groundnuts,KG,UGX,Retail,5001.07,1.3516,-0.3218,32.7285
2022-06-01,Uganda,Jinja,cereals and tubers,Groundnuts,KG,UGX,Retail,5636.45,1.5234,1.7513,30.6053
2022-07-01,Uganda,Jinja,cereals and tubers,Groundnuts,KG,UGX,Retail,5761.69,1.5572,-1.0825,32.7925
2022-08-01,Uganda,Jinja,cereals and tubers,Groundnuts,KG,UGX,Retail,6248.74,1.6888,-0.0734,33.9599
2022-09-01,Uganda,Jinja,cereals and tubers,Groundnuts,KG,UGX,Retail,6014.12,1.6254,3.818,34.3767
2022-10-01,Uganda,Jinja,cereals and tubers,Groundnuts,KG,UGX,Retail,5434.78,1.4689,0.2394,30.3424
2022-11-01,Uganda,Jinja,cereals and tubers,Groundnuts,KG,UGX,Retail,4754.85,1.2851,2.0769,29.7716
2022-12-01,Uganda,Jinja,cereals and tubers,Groundnuts,KG,UGX,Retail,4180.44,1.1298,-1.0109,32.6983
2023-01-01,Uganda,Jinja,cereals and tubers,Groundnuts,KG,UGX,Retail,3783.49,1.0226,-1.0278,34.0056
2023-02-01,Uganda,Jinja,cereals and tubers,Groundnuts,KG,UGX,Retail,3538.44,0.9563,1.5865,33.0508
2023-03-01,Uganda,Jinja,cereals and tubers,Groundnuts,KG,UGX,Retail,3471.36,0.9382,1.3147,34.5535
2023-04-01,Uganda,Jinja,cereals and tubers,Groundnuts,KG,UGX,Retail,3281.71,0.8869,3.3874,30.8735
2023-05-01,Uganda,Jinja,cereals and tubers,Groundnuts,KG,UGX,Retail,3400.93,0.9192,-0.9949,34.9247
2023-06-01,Uganda,Jinja,cereals and tubers,Groundnuts,KG,UGX,Retail,4139.0,1.1186,1.0206,32.4293
2023-07-01,Uganda,Jinja,cereals and tubers,Groundnuts,KG,UGX,Retail,4191.76,1.1329,0.0677,33.2421
2023-08-01,Uganda,Jinja,cereals and tubers,Groundnuts,KG,UGX,Retail,4298.38,1.1617,1.4929,30.3978
2023-09-01,Uganda,Jinja,cereals and tubers,Groundnuts,KG,UGX,Retail,4504.67,1.2175,-0.8442,32.9975
2023-10-01,Uganda,Jinja,cereals and tubers,Groundnuts,KG,UGX,Retail,4083.68,1.1037,-0.6672,29.7109
2023-11-01,Uganda,Jinja,cereals and tubers,Groundnuts,KG,UGX,Retail,3487.38,0.9425,2.1456,32.4163
2023-12-01,Uganda,Jinja,cereals and tubers,Groundnuts,KG,UGX,Retail,3173.75,0.8578,2.3476,30.3569
2024-01-01,Uganda,Jinja,cereals and tubers,Groundnuts,KG,UGX,Retail,3194.17,0.8633,2.0645,33.1274
2024-02-01,Uganda,Jinja,cereals and tubers,Groundnuts,KG,UGX,Retail,3214.72,0.8688,-0.0992,33.9781
2024-03-01,Uganda,Jinja,cereals and tubers,Groundnuts,KG,UGX,Retail,3235.4,0.8744,2.1042,30.2502
2024-04-01,Uganda,Jinja,cereals and tubers,Groundnuts,KG,UGX,Retail,3379.98,0.9135,0.881,33.4778
2024-05-01,Uganda,Jinja,cereals and tubers,Groundnuts,KG,UGX,Retail,3824.34,1.0336,1.664,30.3823
2024-06-01,Uganda,Jinja,cereals and tubers,Groundnuts,KG,UGX,Retail,4194.37,1.1336,-0.8163,29.9973
2024-07-01,Uganda,Jinja,cereals and tubers,Groundnuts,KG,UGX,Retail,4202.15,1.1357,-1.1379,30.8125
2024-08-01,Uganda,Jinja,cereals and tubers,Groundnuts,KG,UGX,Retail,4767.52,1.2885,3.1152,34.2123
2024-09-01,Uganda,Jinja,cereals and tubers,Groundnuts,KG,UGX,Retail,4967.21,1.3425,1.5099,33.7761
2024-10-01,Uganda,Jinja,cereals and tubers,Groundnuts,KG,UGX,Retail,4739.59,1.281,2.629,30.1264
2024-11-01,Uganda,Jinja,cereals and tubers,Groundnuts,KG,UGX,Retail,4136.95,1.1181,2.1327,32.2638
2024-12-01,Uganda,Jinja,cereals and tubers,Groundnuts,KG,UGX,Retail,3707.66,1.0021,0.4717,33.5265
2025-01-01,Uganda,Jinja,cereals and tubers,Groundnuts,KG,UGX,Retail,3449.7,0.9324,1.517,30.6543
2025-02-01,Uganda,Jinja,cereals and tubers,Groundnuts,KG,UGX,Retail,3471.9,0.9384,0.7346,30.5869
2025-03-01,Uganda,Jinja,cereals and tubers,Groundnuts,KG,UGX,Retail,3558.23,0.9617,1.3888,32.4514
2025-04-01,Uganda,Jinja,cereals and tubers,Groundnuts,KG,UGX,Retail,4279.0,1.1565,0.5885,34.6923
2025-05-01,Uganda,Jinja,cereals and tubers,Groundnuts,KG,UGX,Retail,4559.27,1.2322,2.1086,30.8659
2025-06-01,Uganda,Jinja,cereals and tubers,Groundnuts,KG,UGX,Retail,4904.31,1.3255,0.9954,29.6549
2025-07-01,Uganda,Jinja,cereals and tubers,Groundnuts,KG,UGX,Retail,5868.86,1.5862,1.8934,33.5121
2025-08-01,Uganda,Jinja,cereals and tubers,Groundnuts,KG,UGX,Retail,6102.04,1.6492,2.6753,34.7285
2025-09-01,Uganda,Jinja,cereals and tubers,Groundnuts,KG,UGX,Retail,5614.23,1.5174,2.9729,33.3838
2025-10-01,Uganda,Jinja,cereals and tubers,Groundnuts,KG,UGX,Retail,5694.37,1.539,0.5571,34.726
2025-11-01,Uganda,Jinja,cereals and tubers,Groundnuts,KG,UGX,Retail,5236.32,1.4152,2.9974,34.831
2025-12-01,Uganda,Jinja,cereals and tubers,Groundnuts,KG,UGX,Retail,5086.99,1.3749,0.3336,33.0819
2026-01-01,Uganda,Jinja,cereals and tubers,Groundnuts,KG,UGX,Retail,4542.08,1.2276,1.7559,33.9669
2026-02-01,Uganda,Jinja,cereals and tubers,Groundnuts,KG,UGX,Retail,4442.0,1.2005,0.1837,33.5102
2026-03-01,Uganda,Jinja,cereals and tubers,Groundnuts,KG,UGX,Retail,4401.39,1.1896,3.6002,30.1449
2026-04-01,Uganda,Jinja,cereals and tubers,Groundnuts,KG,UGX,Retail,4434.91,1.1986,1.3375,31.9147
2026-05-01,Uganda,Jinja,cereals and tubers,Groundnuts,KG,UGX,Retail,4925.26,1.3312,-0.3588,32.0715
2026-06-01,Uganda,Jinja,cereals and tubers,Groundnuts,KG,UGX,Retail,5321.18,1.4382,3.0654,30.4805
2026-07-01,Uganda,Jinja,cereals and tubers,Groundnuts,KG,UGX,Retail,5637.06,1.5235,0.9261,29.8597
2018-01-01,Uganda,Jinja,cereals and tubers,Millet,KG,UGX,Retail,1289.28,0.3485,0.7565,31.5493
2018-02-01,Uganda,Jinja,cereals and tubers,Millet,KG,UGX,Retail,1233.48,0.3334,0.0046,34.1076
2018-03-01,Uganda,Jinja,cereals and tubers,Millet,KG,UGX,Retail,1166.95,0.3154,2.7221,34.8153
2018-04-01,Uganda,Jinja,cereals and tubers,Millet,KG,UGX,Retail,1279.6,0.3458,3.4633,31.106
2018-05-01,Uganda,Jinja,cereals and tubers,Millet,KG,UGX,Retail,1360.07,0.3676,3.789,32.4856
2018-06-01,Uganda,Jinja,cereals and tubers,Millet,KG,UGX,Retail,1509.93,0.4081,-0.8772,32.7894
2018-07-01,Uganda,Jinja,cereals and tubers,Millet,KG,UGX,Retail,1792.91,0.4846,0.8028,31.7926
2018-08-01,Uganda,Jinja,cereals and tubers,Millet,KG,UGX,Retail,1972.74,0.5332,-1.3416,34.7725
2018-09-01,Uganda,Jinja,cereals and tubers,Millet,KG,UGX,Retail,2027.57,0.548,-0.6969,29.6296
2018-10-01,Uganda,Jinja,cereals and tubers,Millet,KG,UGX,Retail,2093.43,0.5658,3.4203,30.1147
2018-11-01,Uganda,Jinja,cereals and tubers,Millet,KG,UGX,Retail,1869.49,0.5053,1.053,30.6028
2018-12-01,Uganda,Jinja,cereals and tubers,Millet,KG,UGX,Retail,1512.24,0.4087,-1.1692,32.5684
2019-01-01,Uganda,Jinja,cereals and tubers,Millet,KG,UGX,Retail,1375.88,0.3719,1.1502,31.8937
2019-02-01,Uganda,Jinja,cereals and tubers,Millet,KG,UGX,Retail,1283.33,0.3468,-0.2444,29.95
2019-03-01,Uganda,Jinja,cereals and tubers,Millet,KG,UGX,Retail,1466.12,0.3962,4.074,31.1108
2019-04-01,Uganda,Jinja,cereals and tubers,Millet,KG,UGX,Retail,1513.86,0.4092,-0.7755,33.6779
2019-05-01,Uganda,Jinja,cereals and tubers,Millet,KG,UGX,Retail,1644.93,0.4446,3.0016,32.9081
2019-06-01,Uganda,Jinja,cereals and tubers,Millet,KG,UGX,Retail,1760.89,0.4759,0.8041,34.2413
2019-07-01,Uganda,Jinja,cereals and tubers,Millet,KG,UGX,Retail,2031.27,0.549,-1.4902,32.2341
2019-08-01,Uganda,Jinja,cereals and tubers,Millet,KG,UGX,Retail,2179.45,0.589,-1.0085,34.1695
2019-09-01,Uganda,Jinja,cereals and tubers,Millet,KG,UGX,Retail,2164.83,0.5851,2.6619,34.9362
2019-10-01,Uganda,Jinja,cereals and tubers,Millet,KG,UGX,Retail,1933.99,0.5227,0.6161,32.8715
2019-11-01,Uganda,Jinja,cereals and tubers,Millet,KG,UGX,Retail,1632.33,0.4412,-0.1306,30.9538
2019-12-01,Uganda,Jinja,cereals and tubers,Millet,KG,UGX,Retail,1516.53,0.4099,3.8573,31.2116
2020-01-01,Uganda,Jinja,cereals and tubers,Millet,KG,UGX,Retail,1365.33,0.369,4.162,30.5516
2020-02-01,Uganda,Jinja,cereals and tubers,Millet,KG,UGX,Retail,1219.97,0.3297,1.8616,29.731
2020-03-01,Uganda,Jinja,cereals and tubers,Millet,KG,UGX,Retail,1198.45,0.3239,2.0466,33.1614
2020-04-01,Uganda,Jinja,cereals and tubers,Millet,KG,UGX,Retail,1285.32,0.3474,0.6874,32.7115
2020-05-01,Uganda,Jinja,cereals and tubers,Millet,KG,UGX,Retail,1384.89,0.3743,3.0798,33.8809
2020-06-01,Uganda,Jinja,cereals and tubers,Millet,KG,UGX,Retail,1613.44,0.4361,3.5971,34.1253
2020-07-01,Uganda,Jinja,cereals and tubers,Millet,KG,UGX,Retail,1785.14,0.4825,3.9531,34.4154
2020-08-01,Uganda,Jinja,cereals and tubers,Millet,KG,UGX,Retail,1768.51,0.478,-1.3849,32.8615
2020-09-01,Uganda,Jinja,cereals and tubers,Millet,KG,UGX,Retail,1683.85,0.4551,2.7725,32.4328
2020-10-01,Uganda,Jinja,cereals and tubers,Millet,KG,UGX,Retail,1578.36,0.4266,-0.1053,34.3656
2020-11-01,Uganda,Jinja,cereals and tubers,Millet,KG,UGX,Retail,1471.53,0.3977,2.699,31.1765
2020-12-01,Uganda,Jinja,cereals and tubers,Millet,KG,UGX,Retail,1250.92,0.3381,1.5267,30.9504
2021-01-01,Uganda,Jinja,cereals and tubers,Millet,KG,UGX,Retail,1090.65,0.2948,2.4526,30.0593
2021-02-01,Uganda,Jinja,cereals and tubers,Millet,KG,UGX,Retail,1087.39,0.2939,2.743,33.4968
2021-03-01,Uganda,Jinja,cereals and tubers,Millet,KG,UGX,Retail,1067.73,0.2886,2.9327,30.1813
2021-04-01,Uganda,Jinja,cereals and tubers,Millet,KG,UGX,Retail,1300.66,0.3515,2.2477,33.344
2021-05-01,Uganda,Jinja,cereals and tubers,Millet,KG,UGX,Retail,1489.71,0.4026,-0.4681,32.3906
2021-06-01,Uganda,Jinja,cereals and tubers,Millet,KG,UGX,Retail,1642.63,0.444,-0.2249,32.3914
2021-07-01,Uganda,Jinja,cereals and tubers,Millet,KG,UGX,Retail,1807.53,0.4885,-0.2776,31.628
2021-08-01,Uganda,Jinja,cereals and tubers,Millet,KG,UGX,Retail,1801.28,0.4868,3.6468,30.8787
2021-09-01,Uganda,Jinja,cereals and tubers,Millet,KG,UGX,Retail,1697.62,0.4588,-1.2996,29.8427
2021-10-01,Uganda,Jinja,cereals and tubers,Millet,KG,UGX,Retail,1683.81,0.4551,1.9668,29.6953
2021-11-01,Uganda,Jinja,cereals and tubers,Millet,KG,UGX,Retail,1480.62,0.4002,-1.1684,31.7798
2021-12-01,Uganda,Jinja,cereals and tubers,Millet,KG,UGX,Retail,1355.55,0.3664,1.963,33.3175
2022-01-01,Uganda,Jinja,cereals and tubers,Millet,KG,UGX,Retail,1308.18,0.3536,-0.2212,34.2899
2022-02-01,Uganda,Jinja,cereals and tubers,Millet,KG,UGX,Retail,1286.51,0.3477,-1.1771,31.9801
2022-03-01,Uganda,Jinja,cereals and tubers,Millet,KG,UGX,Retail,1301.67,0.3518,0.2721,31.6604
2022-04-01,Uganda,Jinja,cereals and tubers,Millet,KG,UGX,Retail,1392.74,0.3764,-1.1838,34.8214
2022-05-01,Uganda,Jinja,cereals and tubers,Millet,KG,UGX,Retail,1490.0,0.4027,-1.348,29.6287
2022-06-01,Uganda,Jinja,cereals and tubers,Millet,KG,UGX,Retail,1643.62,0.4442,3.5402,34.0267
2022-07-01,Uganda,Jinja,cereals and tubers,Millet,KG,UGX,Retail,1783.63,0.4821,1.5426,32.0232
2022-08-01,Uganda,Jinja,cereals and tubers,Millet,KG,UGX,Retail,1898.58,0.5131,-1.2354,34.5114
2022-09-01,Uganda,Jinja,cereals and tubers,Millet,KG,UGX,Retail,1921.65,0.5194,3.0267,30.8121
2022-10-01,Uganda,Jinja,cereals and tubers,Millet,KG,UGX,Retail,1924.2,0.5201,2.5514,34.1876
2022-11-01,Uganda,Jinja,cereals and tubers,Millet,KG,UGX,Retail,1719.86,0.4648,-0.5287,32.1437
2022-12-01,Uganda,Jinja,cereals and tubers,Millet,KG,UGX,Retail,1585.64,0.4286,4.0012,32.8123
2023-01-01,Uganda,Jinja,cereals and tubers,Millet,KG,UGX,Retail,1576.05,0.426,-0.4479,33.053
2023-02-01,Uganda,Jinja,cereals and tubers,Millet,KG,UGX,Retail,1382.61,0.3737,1.6526,34.108
2023-03-01,Uganda,Jinja,cereals and tubers,Millet,KG,UGX,Retail,1406.95,0.3803,0.6573,29.7952
2023-04-01,Uganda,Jinja,cereals and tubers,Millet,KG,UGX,Retail,1493.3,0.4036,2.4797,31.5461
2023-05-01,Uganda,Jinja,cereals and tubers,Millet,KG,UGX,Retail,1675.64,0.4529,-0.8971,30.1133
2023-06-01,Uganda,Jinja,cereals and tubers,Millet,KG,UGX,Retail,1961.37,0.5301,1.9919,32.4
2023-07-01,Uganda,Jinja,cereals and tubers,Millet,KG,UGX,Retail,2179.46,0.589,-0.6271,32.3033
2023-08-01,Uganda,Jinja,cereals and tubers,Millet,KG,UGX,Retail,2229.59,0.6026,3.7774,29.9133
2023-09-01,Uganda,Jinja,cereals and tubers,Millet,KG,UGX,Retail,2306.19,0.6233,-1.4967,33.8452
2023-10-01,Uganda,Jinja,cereals and tubers,Millet,KG,UGX,Retail,2116.85,0.5721,3.1785,33.1458
2023-11-01,Uganda,Jinja,cereals and tubers,Millet,KG,UGX,Retail,1795.76,0.4853,0.5388,34.0734
2023-12-01,Uganda,Jinja,cereals and tubers,Millet,KG,UGX,Retail,1475.62,0.3988,-0.5009,31.5086
2024-01-01,Uganda,Jinja,cereals and tubers,Millet,KG,UGX,Retail,1443.9,0.3902,-0.8009,33.0908
2024-02-01,Uganda,Jinja,cereals and tubers,Millet,KG,UGX,Retail,1418.92,0.3835,-0.2153,34.2764
2024-03-01,Uganda,Jinja,cereals and tubers,Millet,KG,UGX,Retail,1253.03,0.3387,2.9104,29.8117
2024-04-01,Uganda,Jinja,cereals and tubers,Millet,KG,UGX,Retail,1313.09,0.3549,1.776,32.3205
2024-05-01,Uganda,Jinja,cereals and tubers,Millet,KG,UGX,Retail,1468.97,0.397,3.6167,32.537
2024-06-01,Uganda,Jinja,cereals and tubers,Millet,KG,UGX,Retail,1608.27,0.4347,2.2364,33.9021
2024-07-01,Uganda,Jinja,cereals and tubers,Millet,KG,UGX,Retail,1876.24,0.5071,3.7495,30.8176
2024-08-01,Uganda,Jinja,cereals and tubers,Millet,KG,UGX,Retail,1882.98,0.5089,2.5615,32.3075
2024-09-01,Uganda,Jinja,cereals and tubers,Millet,KG,UGX,Retail,2183.51,0.5901,2.5387,32.5561
2024-10-01,Uganda,Jinja,cereals and tubers,Millet,KG,UGX,Retail,2111.74,0.5707,0.3175,34.2385
2024-11-01,Uganda,Jinja,cereals and tubers,Millet,KG,UGX,Retail,2041.4,0.5517,2.1138,34.4067
2024-12-01,Uganda,Jinja,cereals and tubers,Millet,KG,UGX,Retail,1810.24,0.4893,0.363,31.2494
2025-01-01,Uganda,Jinja,cereals and tubers,Millet,KG,UGX,Retail,1486.25,0.4017,0.8534,30.183
2025-02-01,Uganda,Jinja,cereals and tubers,Millet,KG,UGX,Retail,1383.84,0.374,-0.3333,32.484
2025-03-01,Uganda,Jinja,cereals and tubers,Millet,KG,UGX,Retail,1468.96,0.397,-1.2677,30.1168
2025-04-01,Uganda,Jinja,cereals and tubers,Millet,KG,UGX,Retail,1518.72,0.4105,2.2877,29.7813
2025-05-01,Uganda,Jinja,cereals and tubers,Millet,KG,UGX,Retail,1772.09,0.4789,1.3987,30.0061
2025-06-01,Uganda,Jinja,cereals and tubers,Millet,KG,UGX,Retail,1941.85,0.5248,1.3463,30.7066
2025-07-01,Uganda,Jinja,cereals and tubers,Millet,KG,UGX,Retail,2153.77,0.5821,0.1609,31.1366
2025-08-01,Uganda,Jinja,cereals and tubers,Millet,KG,UGX,Retail,2340.62,0.6326,2.8745,33.413
2025-09-01,Uganda,Jinja,cereals and tubers,Millet,KG,UGX,Retail,2314.24,0.6255,-0.1928,33.8464
2025-10-01,Uganda,Jinja,cereals and tubers,Millet,KG,UGX,Retail,2047.41,0.5534,0.2595,29.7915
2025-11-01,Uganda,Jinja,cereals and tubers,Millet,KG,UGX,Retail,1927.81,0.521,-0.1259,33.0114
2025-12-01,Uganda,Jinja,cereals and tubers,Millet,KG,UGX,Retail,1748.6,0.4726,-1.4746,34.9695
2026-01-01,Uganda,Jinja,cereals and tubers,Millet,KG,UGX,Retail,1508.92,0.4078,1.2729,33.2738
2026-02-01,Uganda,Jinja,cereals and tubers,Millet,KG,UGX,Retail,1387.26,0.3749,2.7441,30.3254
2026-03-01,Uganda,Jinja,cereals and tubers,Millet,KG,UGX,Retail,1486.39,0.4017,0.4126,32.0821
2026-04-01,Uganda,Jinja,cereals and tubers,Millet,KG,UGX,Retail,1515.95,0.4097,-0.6844,34.873
2026-05-01,Uganda,Jinja,cereals and tubers,Millet,KG,UGX,Retail,1687.94,0.4562,-1.4426,31.6166
2026-06-01,Uganda,Jinja,cereals and tubers,Millet,KG,UGX,Retail,2184.93,0.5905,-0.476,32.4792
2026-07-01,Uganda,Jinja,cereals and tubers,Millet,KG,UGX,Retail,2551.01,0.6895,-0.9639,34.9159
2018-01-01,Uganda,Mbale,cereals and tubers,Maize,KG,UGX,Retail,1023.71,0.2767,2.1618,30.1979
2018-02-01,Uganda,Mbale,cereals and tubers,Maize,KG,UGX,Retail,1007.78,0.2724,3.2906,30.1685
2018-03-01,Uganda,Mbale,cereals and tubers,Maize,KG,UGX,Retail,1014.12,0.2741,0.102,29.6645
2018-04-01,Uganda,Mbale,cereals and tubers,Maize,KG,UGX,Retail,1155.84,0.3124,1.9108,32.881
2018-05-01,Uganda,Mbale,cereals and tubers,Maize,KG,UGX,Retail,1213.12,0.3279,3.2426,33.9969
2018-06-01,Uganda,Mbale,cereals and tubers,Maize,KG,UGX,Retail,1474.36,0.3985,0.4087,31.1754
2018-07-01,Uganda,Mbale,cereals and tubers,Maize,KG,UGX,Retail,1714.12,0.4633,0.6062,30.356
2018-08-01,Uganda,Mbale,cereals and tubers,Maize,KG,UGX,Retail,1919.36,0.5187,1.0465,31.2705
2018-09-01,Uganda,Mbale,cereals and tubers,Maize,KG,UGX,Retail,1906.17,0.5152,0.6284,32.1969
2018-10-01,Uganda,Mbale,cereals and tubers,Maize,KG,UGX,Retail,1650.5,0.4461,2.5541,30.6946
2018-11-01,Uganda,Mbale,cereals and tubers,Maize,KG,UGX,Retail,1456.72,0.3937,0.2317,30.4485
2018-12-01,Uganda,Mbale,cereals and tubers,Maize,KG,UGX,Retail,1304.2,0.3525,4.0823,30.5778
2019-01-01,Uganda,Mbale,cereals and tubers,Maize,KG,UGX,Retail,1089.32,0.2944,2.6332,32.3496
2019-02-01,Uganda,Mbale,cereals and tubers,Maize,KG,UGX,Retail,1020.75,0.2759,-0.5784,34.6503
2019-03-01,Uganda,Mbale,cereals and tubers,Maize,KG,UGX,Retail,1114.49,0.3012,2.12,33.8786
2019-04-01,Uganda,Mbale,cereals and tubers,Maize,KG,UGX,Retail,1199.52,0.3242,2.6329,30.5174
2019-05-01,Uganda,Mbale,cereals and tubers,Maize,KG,UGX,Retail,1359.2,0.3674,0.2774,34.9807
2019-06-01,Uganda,Mbale,cereals and tubers,Maize,KG,UGX,Retail,1408.91,0.3808,-0.7635,34.5987
2019-07-01,Uganda,Mbale,cereals and tubers,Maize,KG,UGX,Retail,1606.18,0.4341,3.5119,33.1125
2019-08-01,Uganda,Mbale,cereals and tubers,Maize,KG,UGX,Retail,1617.46,0.4372,2.7826,33.5204
2019-09-01,Uganda,Mbale,cereals and tubers,Maize,KG,UGX,Retail,1656.2,0.4476,4.197,34.6862
2019-10-01,Uganda,Mbale,cereals and tubers,Maize,KG,UGX,Retail,1591.4,0.4301,2.047,32.4231
2019-11-01,Uganda,Mbale,cereals and tubers,Maize,KG,UGX,Retail,1492.99,0.4035,-1.4149,32.2971
2019-12-01,Uganda,Mbale,cereals and tubers,Maize,KG,UGX,Retail,1232.95,0.3332,1.1863,33.0361
2020-01-01,Uganda,Mbale,cereals and tubers,Maize,KG,UGX,Retail,1139.96,0.3081,3.9842,33.4094
2020-02-01,Uganda,Mbale,cereals and tubers,Maize,KG,UGX,Retail,1077.88,0.2913,-1.3673,33.3276
2020-03-01,Uganda,Mbale,cereals and tubers,Maize,KG,UGX,Retail,1063.33,0.2874,3.285,30.5343
2020-04-01,Uganda,Mbale,cereals and tubers,Maize,KG,UGX,Retail,1138.92,0.3078,0.7121,33.5747
2020-05-01,Uganda,Mbale,cereals and tubers,Maize,KG,UGX,Retail,1188.74,0.3213,3.5368,32.214
2020-06-01,Uganda,Mbale,cereals and tubers,Maize,KG,UGX,Retail,1316.58,0.3558,-1.0991,32.6903
2020-07-01,Uganda,Mbale,cereals and tubers,Maize,KG,UGX,Retail,1433.15,0.3873,0.7594,34.7845
2020-08-01,Uganda,Mbale,cereals and tubers,Maize,KG,UGX,Retail,1432.52,0.3872,-0.8979,32.4337
2020-09-01,Uganda,Mbale,cereals and tubers,Maize,KG,UGX,Retail,1446.53,0.391,0.2743,33.9209
2020-10-01,Uganda,Mbale,cereals and tubers,Maize,KG,UGX,Retail,1352.95,0.3657,2.7498,32.6079
2020-11-01,Uganda,Mbale,cereals and tubers,Maize,KG,UGX,Retail,1181.94,0.3194,2.5931,33.4543
2020-12-01,Uganda,Mbale,cereals and tubers,Maize,KG,UGX,Retail,1037.95,0.2805,-0.2148,30.3144
2021-01-01,Uganda,Mbale,cereals and tubers,Maize,KG,UGX,Retail,950.75,0.257,2.2381,33.9699
2021-02-01,Uganda,Mbale,cereals and tubers,Maize,KG,UGX,Retail,922.27,0.2493,3.228,30.4775
2021-03-01,Uganda,Mbale,cereals and tubers,Maize,KG,UGX,Retail,859.11,0.2322,2.3026,30.1583
2021-04-01,Uganda,Mbale,cereals and tubers,Maize,KG,UGX,Retail,925.36,0.2501,2.1137,34.291
2021-05-01,Uganda,Mbale,cereals and tubers,Maize,KG,UGX,Retail,1031.85,0.2789,-1.2936,34.8403
2021-06-01,Uganda,Mbale,cereals and tubers,Maize,KG,UGX,Retail,1169.25,0.316,-0.1744,34.8648
2021-07-01,Uganda,Mbale,cereals and tubers,Maize,KG,UGX,Retail,1323.09,0.3576,3.8385,33.9557
2021-08-01,Uganda,Mbale,cereals and tubers,Maize,KG,UGX,Retail,1426.19,0.3855,0.122,31.3652
2021-09-01,Uganda,Mbale,cereals and tubers,Maize,KG,UGX,Retail,1488.69,0.4023,3.4056,31.5412
2021-10-01,Uganda,Mbale,cereals and tubers,Maize,KG,UGX,Retail,1277.54,0.3453,0.1969,31.3611
2021-11-01,Uganda,Mbale,cereals and tubers,Maize,KG,UGX,Retail,1258.83,0.3402,-1.4401,31.9547
2021-12-01,Uganda,Mbale,cereals and tubers,Maize,KG,UGX,Retail,1103.78,0.2983,1.593,32.0324
2022-01-01,Uganda,Mbale,cereals and tubers,Maize,KG,UGX,Retail,969.79,0.2621,-1.0787,30.8122
2022-02-01,Uganda,Mbale,cereals and tubers,Maize,KG,UGX,Retail,886.54,0.2396,-0.7778,30.483
2022-03-01,Uganda,Mbale,cereals and tubers,Maize,KG,UGX,Retail,867.15,0.2344,-1.4372,34.7308
2022-04-01,Uganda,Mbale,cereals and tubers,Maize,KG,UGX,Retail,1006.75,0.2721,0.6839,34.3494
2022-05-01,Uganda,Mbale,cereals and tubers,Maize,KG,UGX,Retail,1195.4,0.3231,1.2565,34.1618
2022-06-01,Uganda,Mbale,cereals and tubers,Maize,KG,UGX,Retail,1362.64,0.3683,-0.301,33.5718
2022-07-01,Uganda,Mbale,cereals and tubers,Maize,KG,UGX,Retail,1507.32,0.4074,-1.2361,29.6425
2022-08-01,Uganda,Mbale,cereals and tubers,Maize,KG,UGX,Retail,1697.27,0.4587,0.3329,30.344
2022-09-01,Uganda,Mbale,cereals and tubers,Maize,KG,UGX,Retail,1678.41,0.4536,3.7487,29.6458
2022-10-01,Uganda,Mbale,cereals and tubers,Maize,KG,UGX,Retail,1619.53,0.4377,0.8772,33.2502
2022-11-01,Uganda,Mbale,cereals and tubers,Maize,KG,UGX,Retail,1352.38,0.3655,3.616,29.8381
2022-12-01,Uganda,Mbale,cereals and tubers,Maize,KG,UGX,Retail,1296.83,0.3505,0.5027,31.4367
2023-01-01,Uganda,Mbale,cereals and tubers,Maize,KG,UGX,Retail,1120.06,0.3027,3.0063,31.3166
2023-02-01,Uganda,Mbale,cereals and tubers,Maize,KG,UGX,Retail,1095.79,0.2962,-0.6651,32.6279
2023-03-01,Uganda,Mbale,cereals and tubers,Maize,KG,UGX,Retail,1102.87,0.2981,1.5735,30.1818
2023-04-01,Uganda,Mbale,cereals and tubers,Maize,KG,UGX,Retail,1210.7,0.3272,3.6654,34.0625
2023-05-01,Uganda,Mbale,cereals and tubers,Maize,KG,UGX,Retail,1359.35,0.3674,-0.6639,32.3201
2023-06-01,Uganda,Mbale,cereals and tubers,Maize,KG,UGX,Retail,1586.5,0.4288,3.5581,30.623
2023-07-01,Uganda,Mbale,cereals and tubers,Maize,KG,UGX,Retail,1807.77,0.4886,2.4143,30.0801
2023-08-01,Uganda,Mbale,cereals and tubers,Maize,KG,UGX,Retail,1839.85,0.4973,0.0283,33.1691
2023-09-01,Uganda,Mbale,cereals and tubers,Maize,KG,UGX,Retail,1673.98,0.4524,1.9748,30.7485
2023-10-01,Uganda,Mbale,cereals and tubers,Maize,KG,UGX,Retail,1551.51,0.4193,-1.2457,30.0796
2023-11-01,Uganda,Mbale,cereals and tubers,Maize,KG,UGX,Retail,1449.3,0.3917,0.4848,30.9128
2023-12-01,Uganda,Mbale,cereals and tubers,Maize,KG,UGX,Retail,1383.72,0.374,3.9069,30.2416
2024-01-01,Uganda,Mbale,cereals and tubers,Maize,KG,UGX,Retail,1203.97,0.3254,1.1874,29.6024
2024-02-01,Uganda,Mbale,cereals and tubers,Maize,KG,UGX,Retail,1124.9,0.304,-0.9351,33.2853
2024-03-01,Uganda,Mbale,cereals and tubers,Maize,KG,UGX,Retail,1127.69,0.3048,3.1117,33.1175
2024-04-01,Uganda,Mbale,cereals and tubers,Maize,KG,UGX,Retail,1189.16,0.3214,0.9011,32.239
2024-05-01,Uganda,Mbale,cereals and tubers,Maize,KG,UGX,Retail,1396.09,0.3773,1.74,32.3623
2024-06-01,Uganda,Mbale,cereals and tubers,Maize,KG,UGX,Retail,1422.15,0.3844,-0.0288,31.5359
2024-07-01,Uganda,Mbale,cereals and tubers,Maize,KG,UGX,Retail,1570.82,0.4245,0.879,29.6149
2024-08-01,Uganda,Mbale,cereals and tubers,Maize,KG,UGX,Retail,1597.41,0.4317,2.513,32.6356
2024-09-01,Uganda,Mbale,cereals and tubers,Maize,KG,UGX,Retail,1537.54,0.4156,-1.4999,29.921
2024-10-01,Uganda,Mbale,cereals and tubers,Maize,KG,UGX,Retail,1514.43,0.4093,3.0765,33.4756
2024-11-01,Uganda,Mbale,cereals and tubers,Maize,KG,UGX,Retail,1410.28,0.3812,2.5321,33.5938
2024-12-01,Uganda,Mbale,cereals and tubers,Maize,KG,UGX,Retail,1145.76,0.3097,2.7066,29.9997
2025-01-01,Uganda,Mbale,cereals and tubers,Maize,KG,UGX,Retail,1004.14,0.2714,0.5584,32.449
2025-02-01,Uganda,Mbale,cereals and tubers,Maize,KG,UGX,Retail,953.61,0.2577,0.4078,31.0856
2025-03-01,Uganda,Mbale,cereals and tubers,Maize,KG,UGX,Retail,967.36,0.2614,-0.0788,34.0325
2025-04-01,Uganda,Mbale,cereals and tubers,Maize,KG,UGX,Retail,1073.75,0.2902,0.549,31.7658
2025-05-01,Uganda,Mbale,cereals and tubers,Maize,KG,UGX,Retail,1237.48,0.3345,-1.4809,30.8717
2025-06-01,Uganda,Mbale,cereals and tubers,Maize,KG,UGX,Retail,1295.97,0.3503,0.2877,33.842
2025-07-01,Uganda,Mbale,cereals and tubers,Maize,KG,UGX,Retail,1495.96,0.4043,0.717,29.8026
2025-08-01,Uganda,Mbale,cereals and tubers,Maize,KG,UGX,Retail,1649.43,0.4458,3.0042,34.9037
2025-09-01,Uganda,Mbale,cereals and tubers,Maize,KG,UGX,Retail,1674.22,0.4525,0.3001,33.3346
2025-10-01,Uganda,Mbale,cereals and tubers,Maize,KG,UGX,Retail,1569.78,0.4243,3.5628,31.8181
2025-11-01,Uganda,Mbale,cereals and tubers,Maize,KG,UGX,Retail,1415.14,0.3825,3.7102,34.1184
2025-12-01,Uganda,Mbale,cereals and tubers,Maize,KG,UGX,Retail,1222.92,0.3305,-1.121,30.914
2026-01-01,Uganda,Mbale,cereals and tubers,Maize,KG,UGX,Retail,1067.47,0.2885,0.9188,32.1549
2026-02-01,Uganda,Mbale,cereals and tubers,Maize,KG,UGX,Retail,1037.12,0.2803,3.0056,30.8055
2026-03-01,Uganda,Mbale,cereals and tubers,Maize,KG,UGX,Retail,1008.67,0.2726,3.3551,32.86
2026-04-01,Uganda,Mbale,cereals and tubers,Maize,KG,UGX,Retail,1041.99,0.2816,-0.429,30.3255
2026-05-01,Uganda,Mbale,cereals and tubers,Maize,KG,UGX,Retail,1222.94,0.3305,1.1741,29.8501
2026-06-01,Uganda,Mbale,cereals and tubers,Maize,KG,UGX,Retail,1511.33,0.4085,2.3264,34.1586
2026-07-01,Uganda,Mbale,cereals and tubers,Maize,KG,UGX,Retail,1758.71,0.4753,3.946,30.6774
2018-01-01,Uganda,Mbale,cereals and tubers,Beans,KG,UGX,Retail,3238.53,0.8753,3.5749,34.4153
2018-02-01,Uganda,Mbale,cereals and tubers,Beans,KG,UGX,Retail,2882.92,0.7792,-0.783,31.2482
2018-03-01,Uganda,Mbale,cereals and tubers,Beans,KG,UGX,Retail,2904.37,0.785,3.3222,31.4773
2018-04-01,Uganda,Mbale,cereals and tubers,Beans,KG,UGX,Retail,2973.01,0.8035,2.2946,33.5933
2018-05-01,Uganda,Mbale,cereals and tubers,Beans,KG,UGX,Retail,3387.75,0.9156,1.8237,34.9318
2018-06-01,Uganda,Mbale,cereals and tubers,Beans,KG,UGX,Retail,3898.88,1.0538,1.9825,32.5652
2018-07-01,Uganda,Mbale,cereals and tubers,Beans,KG,UGX,Retail,4167.99,1.1265,1.9485,32.3426
2018-08-01,Uganda,Mbale,cereals and tubers,Beans,KG,UGX,Retail,4970.67,1.3434,2.5083,30.3134
2018-09-01,Uganda,Mbale,cereals and tubers,Beans,KG,UGX,Retail,5092.42,1.3763,1.2846,32.6912
2018-10-01,Uganda,Mbale,cereals and tubers,Beans,KG,UGX,Retail,4212.83,1.1386,2.5603,34.1824
2018-11-01,Uganda,Mbale,cereals and tubers,Beans,KG,UGX,Retail,3873.93,1.047,1.4008,34.8611
2018-12-01,Uganda,Mbale,cereals and tubers,Beans,KG,UGX,Retail,3393.37,0.9171,3.1016,32.4403
2019-01-01,Uganda,Mbale,cereals and tubers,Beans,KG,UGX,Retail,2973.89,0.8038,1.8084,30.7775
2019-02-01,Uganda,Mbale,cereals and tubers,Beans,KG,UGX,Retail,2803.58,0.7577,-0.1554,30.643
2019-03-01,Uganda,Mbale,cereals and tubers,Beans,KG,UGX,Retail,2641.38,0.7139,3.565,31.6944
2019-04-01,Uganda,Mbale,cereals and tubers,Beans,KG,UGX,Retail,2746.98,0.7424,1.667,29.6411
2019-05-01,Uganda,Mbale,cereals and tubers,Beans,KG,UGX,Retail,3214.07,0.8687,3.8083,32.8625
2019-06-01,Uganda,Mbale,cereals and tubers,Beans,KG,UGX,Retail,3520.67,0.9515,0.2677,33.4694
2019-07-01,Uganda,Mbale,cereals and tubers,Beans,KG,UGX,Retail,3870.3,1.046,4.0615,29.6982
2019-08-01,Uganda,Mbale,cereals and tubers,Beans,KG,UGX,Retail,3735.57,1.0096,0.7321,34.1252
2019-09-01,Uganda,Mbale,cereals and tubers,Beans,KG,UGX,Retail,3687.93,0.9967,1.7185,31.5406
2019-10-01,Uganda,Mbale,cereals and tubers,Beans,KG,UGX,Retail,3300.9,0.8921,0.0049,32.2581
2019-11-01,Uganda,Mbale,cereals and tubers,Beans,KG,UGX,Retail,2847.42,0.7696,2.7324,32.1468
2019-12-01,Uganda,Mbale,cereals and tubers,Beans,KG,UGX,Retail,2460.31,0.6649,1.2662,33.1603
2020-01-01,Uganda,Mbale,cereals and tubers,Beans,KG,UGX,Retail,2106.76,0.5694,2.5438,34.0458
2020-02-01,Uganda,Mbale,cereals and tubers,Beans,KG,UGX,Retail,1956.55,0.5288,-0.3983,33.2701
2020-03-01,Uganda,Mbale,cereals and tubers,Beans,KG,UGX,Retail,1807.79,0.4886,-0.252,33.8777
2020-04-01,Uganda,Mbale,cereals and tubers,Beans,KG,UGX,Retail,1994.44,0.539,1.3389,34.9319
2020-05-01,Uganda,Mbale,cereals and tubers,Beans,KG,UGX,Retail,2274.58,0.6148,-1.3885,30.2014
2020-06-01,Uganda,Mbale,cereals and tubers,Beans,KG,UGX,Retail,2417.2,0.6533,2.6377,33.7894
2020-07-01,Uganda,Mbale,cereals and tubers,Beans,KG,UGX,Retail,2550.53,0.6893,-0.0462,32.4174
2020-08-01,Uganda,Mbale,cereals and tubers,Beans,KG,UGX,Retail,2754.71,0.7445,2.3863,32.9172
2020-09-01,Uganda,Mbale,cereals and tubers,Beans,KG,UGX,Retail,2799.47,0.7566,3.157,33.7225
2020-10-01,Uganda,Mbale,cereals and tubers,Beans,KG,UGX,Retail,2569.48,0.6945,2.1216,32.8481
2020-11-01,Uganda,Mbale,cereals and tubers,Beans,KG,UGX,Retail,2338.37,0.632,-0.3984,33.2893
2020-12-01,Uganda,Mbale,cereals and tubers,Beans,KG,UGX,Retail,2176.64,0.5883,1.7848,32.6662
2021-01-01,Uganda,Mbale,cereals and tubers,Beans,KG,UGX,Retail,1984.07,0.5362,1.0113,29.8925
2021-02-01,Uganda,Mbale,cereals and tubers,Beans,KG,UGX,Retail,1903.6,0.5145,3.6314,33.9467
2021-03-01,Uganda,Mbale,cereals and tubers,Beans,KG,UGX,Retail,1829.24,0.4944,-0.6289,32.3322
2021-04-01,Uganda,Mbale,cereals and tubers,Beans,KG,UGX,Retail,1809.42,0.489,-0.3034,30.6852
2021-05-01,Uganda,Mbale,cereals and tubers,Beans,KG,UGX,Retail,1960.44,0.5298,2.3296,33.0948
2021-06-01,Uganda,Mbale,cereals and tubers,Beans,KG,UGX,Retail,2186.25,0.5909,1.3886,29.7246
2021-07-01,Uganda,Mbale,cereals and tubers,Beans,KG,UGX,Retail,2420.8,0.6543,1.454,31.2722
2021-08-01,Uganda,Mbale,cereals and tubers,Beans,KG,UGX,Retail,2482.71,0.671,1.1875,30.0512
2021-09-01,Uganda,Mbale,cereals and tubers,Beans,KG,UGX,Retail,2472.99,0.6684,2.634,30.5261
2021-10-01,Uganda,Mbale,cereals and tubers,Beans,KG,UGX,Retail,2169.44,0.5863,0.9157,31.0259
2021-11-01,Uganda,Mbale,cereals and tubers,Beans,KG,UGX,Retail,2061.18,0.5571,1.2684,30.2018
2021-12-01,Uganda,Mbale,cereals and tubers,Beans,KG,UGX,Retail,1904.68,0.5148,0.9274,32.8985
2022-01-01,Uganda,Mbale,cereals and tubers,Beans,KG,UGX,Retail,1916.94,0.5181,2.0705,31.1274
2022-02-01,Uganda,Mbale,cereals and tubers,Beans,KG,UGX,Retail,2057.96,0.5562,0.197,34.9798
2022-03-01,Uganda,Mbale,cereals and tubers,Beans,KG,UGX,Retail,1941.69,0.5248,3.7033,34.557
2022-04-01,Uganda,Mbale,cereals and tubers,Beans,KG,UGX,Retail,2161.62,0.5842,0.2328,31.6576
2022-05-01,Uganda,Mbale,cereals and tubers,Beans,KG,UGX,Retail,2294.11,0.62,2.0271,32.5418
2022-06-01,Uganda,Mbale,cereals and tubers,Beans,KG,UGX,Retail,2514.3,0.6795,3.3327,30.0525
2022-07-01,Uganda,Mbale,cereals and tubers,Beans,KG,UGX,Retail,2681.42,0.7247,0.0667,32.1693
2022-08-01,Uganda,Mbale,cereals and tubers,Beans,KG,UGX,Retail,2840.32,0.7677,3.0034,30.6672
2022-09-01,Uganda,Mbale,cereals and tubers,Beans,KG,UGX,Retail,2624.93,0.7094,2.9474,32.4463
2022-10-01,Uganda,Mbale,cereals and tubers,Beans,KG,UGX,Retail,2521.25,0.6814,0.7575,32.9801
2022-11-01,Uganda,Mbale,cereals and tubers,Beans,KG,UGX,Retail,2064.9,0.5581,2.2723,29.6875
2022-12-01,Uganda,Mbale,cereals and tubers,Beans,KG,UGX,Retail,2057.06,0.556,-0.0701,34.2557
2023-01-01,Uganda,Mbale,cereals and tubers,Beans,KG,UGX,Retail,2070.29,0.5595,-0.3622,32.1269
2023-02-01,Uganda,Mbale,cereals and tubers,Beans,KG,UGX,Retail,2083.61,0.5631,-0.1558,32.6956
2023-03-01,Uganda,Mbale,cereals and tubers,Beans,KG,UGX,Retail,2124.59,0.5742,3.2592,31.7474
2023-04-01,Uganda,Mbale,cereals and tubers,Beans,KG,UGX,Retail,2358.72,0.6375,1.2587,31.9424
2023-05-01,Uganda,Mbale,cereals and tubers,Beans,KG,UGX,Retail,2513.88,0.6794,3.608,34.8604
2023-06-01,Uganda,Mbale,cereals and tubers,Beans,KG,UGX,Retail,2908.73,0.7861,3.0358,33.0869
2023-07-01,Uganda,Mbale,cereals and tubers,Beans,KG,UGX,Retail,3198.98,0.8646,2.1204,30.2947
2023-08-01,Uganda,Mbale,cereals and tubers,Beans,KG,UGX,Retail,3612.03,0.9762,4.1629,33.0364
2023-09-01,Uganda,Mbale,cereals and tubers,Beans,KG,UGX,Retail,3620.82,0.9786,1.0652,34.7305
2023-10-01,Uganda,Mbale,cereals and tubers,Beans,KG,UGX,Retail,3301.39,0.8923,3.6325,34.2916
2023-11-01,Uganda,Mbale,cereals and tubers,Beans,KG,UGX,Retail,3127.68,0.8453,2.4673,33.1667
2023-12-01,Uganda,Mbale,cereals and tubers,Beans,KG,UGX,Retail,2747.26,0.7425,0.5858,29.8821
2024-01-01,Uganda,Mbale,cereals and tubers,Beans,KG,UGX,Retail,2384.74,0.6445,2.0144,33.7855
2024-02-01,Uganda,Mbale,cereals and tubers,Beans,KG,UGX,Retail,2250.3,0.6082,1.827,30.0577
2024-03-01,Uganda,Mbale,cereals and tubers,Beans,KG,UGX,Retail,2264.78,0.6121,2.9582,32.5666
2024-04-01,Uganda,Mbale,cereals and tubers,Beans,KG,UGX,Retail,2342.63,0.6331,-0.5721,31.8001
2024-05-01,Uganda,Mbale,cereals and tubers,Beans,KG,UGX,Retail,2546.39,0.6882,-0.5219,29.9322
2024-06-01,Uganda,Mbale,cereals and tubers,Beans,KG,UGX,Retail,2830.04,0.7649,1.8889,34.741
2024-07-01,Uganda,Mbale,cereals and tubers,Beans,KG,UGX,Retail,3028.11,0.8184,2.7718,29.7034
2024-08-01,Uganda,Mbale,cereals and tubers,Beans,KG,UGX,Retail,3399.17,0.9187,3.6078,31.9417
2024-09-01,Uganda,Mbale,cereals and tubers,Beans,KG,UGX,Retail,3320.33,0.8974,2.2192,30.1911
2024-10-01,Uganda,Mbale,cereals and tubers,Beans,KG,UGX,Retail,3166.31,0.8558,2.465,29.953
2024-11-01,Uganda,Mbale,cereals and tubers,Beans,KG,UGX,Retail,2811.36,0.7598,2.5874,30.4482
2024-12-01,Uganda,Mbale,cereals and tubers,Beans,KG,UGX,Retail,2592.06,0.7006,2.4325,33.7879
2025-01-01,Uganda,Mbale,cereals and tubers,Beans,KG,UGX,Retail,2414.79,0.6526,3.9541,34.5968
2025-02-01,Uganda,Mbale,cereals and tubers,Beans,KG,UGX,Retail,2430.33,0.6568,-0.5864,33.7738
2025-03-01,Uganda,Mbale,cereals and tubers,Beans,KG,UGX,Retail,2526.95,0.683,3.3041,32.7706
2025-04-01,Uganda,Mbale,cereals and tubers,Beans,KG,UGX,Retail,2615.29,0.7068,1.6714,32.4772
2025-05-01,Uganda,Mbale,cereals and tubers,Beans,KG,UGX,Retail,2828.93,0.7646,-0.2781,34.6121
2025-06-01,Uganda,Mbale,cereals and tubers,Beans,KG,UGX,Retail,3265.86,0.8827,2.8845,34.5662
2025-07-01,Uganda,Mbale,cereals and tubers,Beans,KG,UGX,Retail,3581.37,0.9679,-1.0835,33.9452
2025-08-01,Uganda,Mbale,cereals and tubers,Beans,KG,UGX,Retail,3659.89,0.9892,0.4167,32.4004
2025-09-01,Uganda,Mbale,cereals and tubers,Beans,KG,UGX,Retail,3806.79,1.0289,-0.4054,32.9965
2025-10-01,Uganda,Mbale,cereals and tubers,Beans,KG,UGX,Retail,3538.69,0.9564,-0.5058,34.0898
2025-11-01,Uganda,Mbale,cereals and tubers,Beans,KG,UGX,Retail,3364.34,0.9093,3.8262,32.6722
2025-12-01,Uganda,Mbale,cereals and tubers,Beans,KG,UGX,Retail,2926.34,0.7909,0.9128,31.7636
2026-01-01,Uganda,Mbale,cereals and tubers,Beans,KG,UGX,Retail,2748.77,0.7429,2.3618,33.7779
2026-02-01,Uganda,Mbale,cereals and tubers,Beans,KG,UGX,Retail,2709.38,0.7323,-0.0098,30.0691
2026-03-01,Uganda,Mbale,cereals and tubers,Beans,KG,UGX,Retail,2641.64,0.714,0.8671,32.3498
2026-04-01,Uganda,Mbale,cereals and tubers,Beans,KG,UGX,Retail,2658.64,0.7186,0.9575,33.2931
2026-05-01,Uganda,Mbale,cereals and tubers,Beans,KG,UGX,Retail,3188.96,0.8619,4.0407,30.3501
2026-06-01,Uganda,Mbale,cereals and tubers,Beans,KG,UGX,Retail,3468.8,0.9375,-1.1395,33.9628
2026-07-01,Uganda,Mbale,cereals and tubers,Beans,KG,UGX,Retail,4195.11,1.1338,0.9418,33.9321
2018-01-01,Uganda,Mbale,cereals and tubers,Rice,KG,UGX,Retail,3528.0,0.9535,-0.2016,32.1515
2018-02-01,Uganda,Mbale,cereals and tubers,Rice,KG,UGX,Retail,3258.34,0.8806,3.6178,33.5472
2018-03-01,Uganda,Mbale,cereals and tubers,Rice,KG,UGX,Retail,3268.03,0.8833,3.4846,33.8745
2018-04-01,Uganda,Mbale,cereals and tubers,Rice,KG,UGX,Retail,3620.77,0.9786,-0.8238,31.6162
2018-05-01,Uganda,Mbale,cereals and tubers,Rice,KG,UGX,Retail,3901.87,1.0546,3.9098,33.7465
2018-06-01,Uganda,Mbale,cereals and tubers,Rice,KG,UGX,Retail,4197.03,1.1343,-0.3916,34.3508
2018-07-01,Uganda,Mbale,cereals and tubers,Rice,KG,UGX,Retail,4641.48,1.2545,1.8296,31.6426
2018-08-01,Uganda,Mbale,cereals and tubers,Rice,KG,UGX,Retail,5025.95,1.3584,2.3611,34.7817
2018-09-01,Uganda,Mbale,cereals and tubers,Rice,KG,UGX,Retail,4942.51,1.3358,1.2711,31.9798
2018-10-01,Uganda,Mbale,cereals and tubers,Rice,KG,UGX,Retail,4723.99,1.2768,1.7952,32.2819
2018-11-01,Uganda,Mbale,cereals and tubers,Rice,KG,UGX,Retail,4043.39,1.0928,-0.1482,29.9442
2018-12-01,Uganda,Mbale,cereals and tubers,Rice,KG,UGX,Retail,3843.55,1.0388,1.9614,30.4903
2019-01-01,Uganda,Mbale,cereals and tubers,Rice,KG,UGX,Retail,3378.64,0.9131,4.1426,33.0259
2019-02-01,Uganda,Mbale,cereals and tubers,Rice,KG,UGX,Retail,3215.77,0.8691,-1.0887,34.8326
2019-03-01,Uganda,Mbale,cereals and tubers,Rice,KG,UGX,Retail,3212.5,0.8682,1.6224,31.2707
2019-04-01,Uganda,Mbale,cereals and tubers,Rice,KG,UGX,Retail,3496.18,0.9449,3.2502,33.8451
2019-05-01,Uganda,Mbale,cereals and tubers,Rice,KG,UGX,Retail,3939.48,1.0647,2.1301,31.3346
2019-06-01,Uganda,Mbale,cereals and tubers,Rice,KG,UGX,Retail,4179.1,1.1295,3.153,31.0328
2019-07-01,Uganda,Mbale,cereals and tubers,Rice,KG,UGX,Retail,4391.79,1.187,2.6316,31.9999
2019-08-01,Uganda,Mbale,cereals and tubers,Rice,KG,UGX,Retail,4915.36,1.3285,-0.681,31.4128
2019-09-01,Uganda,Mbale,cereals and tubers,Rice,KG,UGX,Retail,5002.95,1.3521,2.4778,33.7004
2019-10-01,Uganda,Mbale,cereals and tubers,Rice,KG,UGX,Retail,4862.5,1.3142,1.2248,30.313
2019-11-01,Uganda,Mbale,cereals and tubers,Rice,KG,UGX,Retail,4114.28,1.112,4.1562,33.8008
2019-12-01,Uganda,Mbale,cereals and tubers,Rice,KG,UGX,Retail,3324.4,0.8985,2.0518,31.1928
2020-01-01,Uganda,Mbale,cereals and tubers,Rice,KG,UGX,Retail,2926.62,0.791,-0.475,30.154
2020-02-01,Uganda,Mbale,cereals and tubers,Rice,KG,UGX,Retail,2653.09,0.7171,3.0349,31.1813
2020-03-01,Uganda,Mbale,cereals and tubers,Rice,KG,UGX,Retail,2681.59,0.7248,3.9085,32.7011
2020-04-01,Uganda,Mbale,cereals and tubers,Rice,KG,UGX,Retail,2972.88,0.8035,2.7757,30.1243
2020-05-01,Uganda,Mbale,cereals and tubers,Rice,KG,UGX,Retail,3219.83,0.8702,1.3433,34.0877
2020-06-01,Uganda,Mbale,cereals and tubers,Rice,KG,UGX,Retail,3519.68,0.9513,3.3351,33.3685
2020-07-01,Uganda,Mbale,cereals and tubers,Rice,KG,UGX,Retail,3842.84,1.0386,3.2189,34.3157
2020-08-01,Uganda,Mbale,cereals and tubers,Rice,KG,UGX,Retail,3834.37,1.0363,4.1183,34.324
2020-09-01,Uganda,Mbale,cereals and tubers,Rice,KG,UGX,Retail,3888.26,1.0509,-1.1051,30.8123
2020-10-01,Uganda,Mbale,cereals and tubers,Rice,KG,UGX,Retail,3650.21,0.9865,-0.8664,32.1369
2020-11-01,Uganda,Mbale,cereals and tubers,Rice,KG,UGX,Retail,3409.98,0.9216,3.5066,34.1744
2020-12-01,Uganda,Mbale,cereals and tubers,Rice,KG,UGX,Retail,3050.7,0.8245,0.8239,30.3681
2021-01-01,Uganda,Mbale,cereals and tubers,Rice,KG,UGX,Retail,2698.38,0.7293,-0.4667,32.6311
2021-02-01,Uganda,Mbale,cereals and tubers,Rice,KG,UGX,Retail,2651.95,0.7167,1.6368,33.086
2021-03-01,Uganda,Mbale,cereals and tubers,Rice,KG,UGX,Retail,2618.32,0.7077,3.2332,31.9489
2021-04-01,Uganda,Mbale,cereals and tubers,Rice,KG,UGX,Retail,3065.97,0.8286,-0.497,32.9193
2021-05-01,Uganda,Mbale,cereals and tubers,Rice,KG,UGX,Retail,3443.47,0.9307,1.3935,33.7394
2021-06-01,Uganda,Mbale,cereals and tubers,Rice,KG,UGX,Retail,3924.33,1.0606,1.7143,30.5366
2021-07-01,Uganda,Mbale,cereals and tubers,Rice,KG,UGX,Retail,4410.53,1.192,-1.3021,30.5151
2021-08-01,Uganda,Mbale,cereals and tubers,Rice,KG,UGX,Retail,4471.81,1.2086,4.1916,33.4872
2021-09-01,Uganda,Mbale,cereals and tubers,Rice,KG,UGX,Retail,4663.86,1.2605,2.9289,34.4414
2021-10-01,Uganda,Mbale,cereals and tubers,Rice,KG,UGX,Retail,4392.81,1.1872,-1.2989,33.4307
2021-11-01,Uganda,Mbale,cereals and tubers,Rice,KG,UGX,Retail,4218.4,1.1401,-0.0291,32.1027
2021-12-01,Uganda,Mbale,cereals and tubers,Rice,KG,UGX,Retail,3930.11,1.0622,0.7257,33.4956
2022-01-01,Uganda,Mbale,cereals and tubers,Rice,KG,UGX,Retail,3550.32,0.9595,3.8642,33.8642
2022-02-01,Uganda,Mbale,cereals and tubers,Rice,KG,UGX,Retail,3432.77,0.9278,3.1657,33.7734
2022-03-01,Uganda,Mbale,cereals and tubers,Rice,KG,UGX,Retail,3432.4,0.9277,1.3319,34.1118
2022-04-01,Uganda,Mbale,cereals and tubers,Rice,KG,UGX,Retail,3730.63,1.0083,-0.5911,31.2897
2022-05-01,Uganda,Mbale,cereals and tubers,Rice,KG,UGX,Retail,4101.64,1.1086,2.382,30.5659
2022-06-01,Uganda,Mbale,cereals and tubers,Rice,KG,UGX,Retail,4655.64,1.2583,1.156,34.1342
2022-07-01,Uganda,Mbale,cereals and tubers,Rice,KG,UGX,Retail,5330.89,1.4408,3.7999,34.4625
2022-08-01,Uganda,Mbale,cereals and tubers,Rice,KG,UGX,Retail,5793.56,1.5658,2.4111,30.759
2022-09-01,Uganda,Mbale,cereals and tubers,Rice,KG,UGX,Retail,5388.55,1.4564,2.1236,31.1882
2022-10-01,Uganda,Mbale,cereals and tubers,Rice,KG,UGX,Retail,4871.91,1.3167,0.9486,33.9239
2022-11-01,Uganda,Mbale,cereals and tubers,Rice,KG,UGX,Retail,4616.03,1.2476,-1.3098,31.2324
2022-12-01,Uganda,Mbale,cereals and tubers,Rice,KG,UGX,Retail,4158.5,1.1239,1.8378,30.4074
2023-01-01,Uganda,Mbale,cereals and tubers,Rice,KG,UGX,Retail,3547.5,0.9588,3.5479,32.1734
2023-02-01,Uganda,Mbale,cereals and tubers,Rice,KG,UGX,Retail,3497.17,0.9452,1.2632,32.1109
2023-03-01,Uganda,Mbale,cereals and tubers,Rice,KG,UGX,Retail,3239.31,0.8755,-0.0216,30.9489
2023-04-01,Uganda,Mbale,cereals and tubers,Rice,KG,UGX,Retail,3605.08,0.9743,3.4533,33.5839
2023-05-01,Uganda,Mbale,cereals and tubers,Rice,KG,UGX,Retail,3981.43,1.0761,-1.3277,30.5472
2023-06-01,Uganda,Mbale,cereals and tubers,Rice,KG,UGX,Retail,4529.06,1.2241,3.1529,32.4246
2023-07-01,Uganda,Mbale,cereals and tubers,Rice,KG,UGX,Retail,5129.27,1.3863,-0.6645,32.6194
2023-08-01,Uganda,Mbale,cereals and tubers,Rice,KG,UGX,Retail,5683.4,1.5361,0.2466,34.6767
2023-09-01,Uganda,Mbale,cereals and tubers,Rice,KG,UGX,Retail,5442.38,1.4709,-0.9197,30.9475
2023-10-01,Uganda,Mbale,cereals and tubers,Rice,KG,UGX,Retail,4892.71,1.3224,-1.1503,32.5705
2023-11-01,Uganda,Mbale,cereals and tubers,Rice,KG,UGX,Retail,4543.19,1.2279,0.1585,31.1829
2023-12-01,Uganda,Mbale,cereals and tubers,Rice,KG,UGX,Retail,4162.37,1.125,3.8334,31.6999
2024-01-01,Uganda,Mbale,cereals and tubers,Rice,KG,UGX,Retail,3535.63,0.9556,0.219,33.3944
2024-02-01,Uganda,Mbale,cereals and tubers,Rice,KG,UGX,Retail,3255.03,0.8797,-1.0916,33.6191
2024-03-01,Uganda,Mbale,cereals and tubers,Rice,KG,UGX,Retail,3207.25,0.8668,0.0105,31.5173
2024-04-01,Uganda,Mbale,cereals and tubers,Rice,KG,UGX,Retail,3271.56,0.8842,-0.9053,30.589
2024-05-01,Uganda,Mbale,cereals and tubers,Rice,KG,UGX,Retail,3536.44,0.9558,0.108,33.1046
2024-06-01,Uganda,Mbale,cereals and tubers,Rice,KG,UGX,Retail,3764.84,1.0175,1.5004,32.9005
2024-07-01,Uganda,Mbale,cereals and tubers,Rice,KG,UGX,Retail,4264.81,1.1527,2.8342,29.8273
2024-08-01,Uganda,Mbale,cereals and tubers,Rice,KG,UGX,Retail,4648.9,1.2565,2.4013,31.3801
2024-09-01,Uganda,Mbale,cereals and tubers,Rice,KG,UGX,Retail,4948.09,1.3373,0.4666,33.4421
2024-10-01,Uganda,Mbale,cereals and tubers,Rice,KG,UGX,Retail,4533.15,1.2252,2.6304,33.7875
2024-11-01,Uganda,Mbale,cereals and tubers,Rice,KG,UGX,Retail,4097.51,1.1074,-0.1079,33.9486
2024-12-01,Uganda,Mbale,cereals and tubers,Rice,KG,UGX,Retail,3804.21,1.0282,3.6632,33.4159
2025-01-01,Uganda,Mbale,cereals and tubers,Rice,KG,UGX,Retail,3328.6,0.8996,3.0559,32.3347
2025-02-01,Uganda,Mbale,cereals and tubers,Rice,KG,UGX,Retail,3201.33,0.8652,0.8969,32.8758
2025-03-01,Uganda,Mbale,cereals and tubers,Rice,KG,UGX,Retail,3085.14,0.8338,3.6071,31.0739
2025-04-01,Uganda,Mbale,cereals and tubers,Rice,KG,UGX,Retail,3279.12,0.8862,2.4122,33.2439
2025-05-01,Uganda,Mbale,cereals and tubers,Rice,KG,UGX,Retail,3834.24,1.0363,0.7288,33.7168
2025-06-01,Uganda,Mbale,cereals and tubers,Rice,KG,UGX,Retail,4280.99,1.157,-0.3141,32.5475
2025-07-01,Uganda,Mbale,cereals and tubers,Rice,KG,UGX,Retail,4698.88,1.27,-1.3106,29.8785
2025-08-01,Uganda,Mbale,cereals and tubers,Rice,KG,UGX,Retail,4778.76,1.2916,4.0469,32.0553
2025-09-01,Uganda,Mbale,cereals and tubers,Rice,KG,UGX,Retail,4861.89,1.314,3.1631,31.0118
2025-10-01,Uganda,Mbale,cereals and tubers,Rice,KG,UGX,Retail,4786.94,1.2938,1.7106,30.8562
2025-11-01,Uganda,Mbale,cereals and tubers,Rice,KG,UGX,Retail,4581.64,1.2383,0.4117,33.8091
2025-12-01,Uganda,Mbale,cereals and tubers,Rice,KG,UGX,Retail,3876.44,1.0477,3.3849,33.7436
2026-01-01,Uganda,Mbale,cereals and tubers,Rice,KG,UGX,Retail,3634.12,0.9822,3.6015,30.8408
2026-02-01,Uganda,Mbale,cereals and tubers,Rice,KG,UGX,Retail,3408.13,0.9211,3.3446,31.6379
2026-03-01,Uganda,Mbale,cereals and tubers,Rice,KG,UGX,Retail,3334.62,0.9012,0.1623,30.9064
2026-04-01,Uganda,Mbale,cereals and tubers,Rice,KG,UGX,Retail,3670.53,0.992,1.1439,33.2911
2026-05-01,Uganda,Mbale,cereals and tubers,Rice,KG,UGX,Retail,4269.83,1.154,0.2054,33.7105
2026-06-01,Uganda,Mbale,cereals and tubers,Rice,KG,UGX,Retail,4864.79,1.3148,-0.9065,30.4741
2026-07-01,Uganda,Mbale,cereals and tubers,Rice,KG,UGX,Retail,5278.12,1.4265,0.797,32.1759
2018-01-01,Uganda,Mbale,cereals and tubers,Cassava,KG,UGX,Retail,629.38,0.1701,-1.1226,33.2586
2018-02-01,Uganda,Mbale,cereals and tubers,Cassava,KG,UGX,Retail,586.86,0.1586,3.114,34.6174
2018-03-01,Uganda,Mbale,cereals and tubers,Cassava,KG,UGX,Retail,608.0,0.1643,1.897,33.1479
2018-04-01,Uganda,Mbale,cereals and tubers,Cassava,KG,UGX,Retail,659.4,0.1782,3.8107,34.8073
2018-05-01,Uganda,Mbale,cereals and tubers,Cassava,KG,UGX,Retail,771.14,0.2084,2.0174,33.9352
2018-06-01,Uganda,Mbale,cereals and tubers,Cassava,KG,UGX,Retail,870.33,0.2352,1.504,33.1255
2018-07-01,Uganda,Mbale,cereals and tubers,Cassava,KG,UGX,Retail,1064.78,0.2878,0.6021,31.1965
2018-08-01,Uganda,Mbale,cereals and tubers,Cassava,KG,UGX,Retail,1106.59,0.2991,1.6795,34.5642
2018-09-01,Uganda,Mbale,cereals and tubers,Cassava,KG,UGX,Retail,1098.41,0.2969,0.5518,30.9924
2018-10-01,Uganda,Mbale,cereals and tubers,Cassava,KG,UGX,Retail,1064.24,0.2876,2.6324,32.3288
2018-11-01,Uganda,Mbale,cereals and tubers,Cassava,KG,UGX,Retail,940.1,0.2541,-0.7944,33.8397
2018-12-01,Uganda,Mbale,cereals and tubers,Cassava,KG,UGX,Retail,923.57,0.2496,0.6482,34.5615
2019-01-01,Uganda,Mbale,cereals and tubers,Cassava,KG,UGX,Retail,808.2,0.2184,3.7967,32.1618
2019-02-01,Uganda,Mbale,cereals and tubers,Cassava,KG,UGX,Retail,745.16,0.2014,3.8423,34.7829
2019-03-01,Uganda,Mbale,cereals and tubers,Cassava,KG,UGX,Retail,801.54,0.2166,3.1677,32.097
2019-04-01,Uganda,Mbale,cereals and tubers,Cassava,KG,UGX,Retail,926.45,0.2504,0.6856,34.6668
2019-05-01,Uganda,Mbale,cereals and tubers,Cassava,KG,UGX,Retail,1059.38,0.2863,2.8133,34.5842
2019-06-01,Uganda,Mbale,cereals and tubers,Cassava,KG,UGX,Retail,1314.98,0.3554,3.9017,32.5973
2019-07-01,Uganda,Mbale,cereals and tubers,Cassava,KG,UGX,Retail,1379.19,0.3728,4.1296,30.7782
2019-08-01,Uganda,Mbale,cereals and tubers,Cassava,KG,UGX,Retail,1427.89,0.3859,3.9901,33.3217
2019-09-01,Uganda,Mbale,cereals and tubers,Cassava,KG,UGX,Retail,1480.37,0.4001,-0.7473,32.3715
2019-10-01,Uganda,Mbale,cereals and tubers,Cassava,KG,UGX,Retail,1360.19,0.3676,1.9365,31.785
2019-11-01,Uganda,Mbale,cereals and tubers,Cassava,KG,UGX,Retail,1266.25,0.3422,3.551,34.5294
2019-12-01,Uganda,Mbale,cereals and tubers,Cassava,KG,UGX,Retail,1149.75,0.3107,1.9659,31.1077
2020-01-01,Uganda,Mbale,cereals and tubers,Cassava,KG,UGX,Retail,1082.03,0.2924,-0.2467,32.47
2020-02-01,Uganda,Mbale,cereals and tubers,Cassava,KG,UGX,Retail,969.31,0.262,0.4257,31.0694
2020-03-01,Uganda,Mbale,cereals and tubers,Cassava,KG,UGX,Retail,985.71,0.2664,-0.7046,33.4419
2020-04-01,Uganda,Mbale,cereals and tubers,Cassava,KG,UGX,Retail,986.24,0.2666,-0.8275,34.9939
2020-05-01,Uganda,Mbale,cereals and tubers,Cassava,KG,UGX,Retail,1085.58,0.2934,3.6075,32.8896
2020-06-01,Uganda,Mbale,cereals and tubers,Cassava,KG,UGX,Retail,1344.6,0.3634,1.6972,30.5764
2020-07-01,Uganda,Mbale,cereals and tubers,Cassava,KG,UGX,Retail,1373.55,0.3712,3.2194,31.4883
2020-08-01,Uganda,Mbale,cereals and tubers,Cassava,KG,UGX,Retail,1447.16,0.3911,1.5953,34.5089
2020-09-01,Uganda,Mbale,cereals and tubers,Cassava,KG,UGX,Retail,1509.6,0.408,-1.2663,34.3481
2020-10-01,Uganda,Mbale,cereals and tubers,Cassava,KG,UGX,Retail,1342.23,0.3628,2.7303,30.2475
2020-11-01,Uganda,Mbale,cereals and tubers,Cassava,KG,UGX,Retail,1253.71,0.3388,2.1907,31.4297
2020-12-01,Uganda,Mbale,cereals and tubers,Cassava,KG,UGX,Retail,1106.51,0.2991,1.7237,34.2058
2021-01-01,Uganda,Mbale,cereals and tubers,Cassava,KG,UGX,Retail,966.13,0.2611,0.1445,34.8651
2021-02-01,Uganda,Mbale,cereals and tubers,Cassava,KG,UGX,Retail,866.0,0.2341,1.4455,31.779
2021-03-01,Uganda,Mbale,cereals and tubers,Cassava,KG,UGX,Retail,877.11,0.2371,2.4114,31.9263
2021-04-01,Uganda,Mbale,cereals and tubers,Cassava,KG,UGX,Retail,964.23,0.2606,4.0011,33.7453
2021-05-01,Uganda,Mbale,cereals and tubers,Cassava,KG,UGX,Retail,1125.49,0.3042,2.5811,29.7103
2021-06-01,Uganda,Mbale,cereals and tubers,Cassava,KG,UGX,Retail,1313.47,0.355,1.3136,34.6584
2021-07-01,Uganda,Mbale,cereals and tubers,Cassava,KG,UGX,Retail,1456.56,0.3937,0.0001,34.9733
2021-08-01,Uganda,Mbale,cereals and tubers,Cassava,KG,UGX,Retail,1511.98,0.4086,3.4201,34.5197
2021-09-01,Uganda,Mbale,cereals and tubers,Cassava,KG,UGX,Retail,1504.47,0.4066,1.0976,32.5856
2021-10-01,Uganda,Mbale,cereals and tubers,Cassava,KG,UGX,Retail,1535.33,0.415,3.9986,31.3729
2021-11-01,Uganda,Mbale,cereals and tubers,Cassava,KG,UGX,Retail,1191.42,0.322,0.1266,32.8991
2021-12-01,Uganda,Mbale,cereals and tubers,Cassava,KG,UGX,Retail,1036.14,0.28,3.553,32.0231
2022-01-01,Uganda,Mbale,cereals and tubers,Cassava,KG,UGX,Retail,846.22,0.2287,-0.0553,30.3205
2022-02-01,Uganda,Mbale,cereals and tubers,Cassava,KG,UGX,Retail,882.56,0.2385,3.4703,31.8616
2022-03-01,Uganda,Mbale,cereals and tubers,Cassava,KG,UGX,Retail,842.89,0.2278,2.7131,30.7642
2022-04-01,Uganda,Mbale,cereals and tubers,Cassava,KG,UGX,Retail,900.53,0.2434,3.8347,30.0406
2022-05-01,Uganda,Mbale,cereals and tubers,Cassava,KG,UGX,Retail,969.51,0.262,1.7875,30.8434
2022-06-01,Uganda,Mbale,cereals and tubers,Cassava,KG,UGX,Retail,1077.29,0.2912,-0.2355,31.464
2022-07-01,Uganda,Mbale,cereals and tubers,Cassava,KG,UGX,Retail,1207.1,0.3262,0.96,31.8563
2022-08-01,Uganda,Mbale,cereals and tubers,Cassava,KG,UGX,Retail,1277.55,0.3453,3.9955,30.2334
2022-09-01,Uganda,Mbale,cereals and tubers,Cassava,KG,UGX,Retail,1211.23,0.3274,0.3648,34.7652
2022-10-01,Uganda,Mbale,cereals and tubers,Cassava,KG,UGX,Retail,1212.5,0.3277,-1.0276,32.4082
2022-11-01,Uganda,Mbale,cereals and tubers,Cassava,KG,UGX,Retail,1213.59,0.328,2.792,33.1495
2022-12-01,Uganda,Mbale,cereals and tubers,Cassava,KG,UGX,Retail,1105.59,0.2988,-0.3971,33.4266
2023-01-01,Uganda,Mbale,cereals and tubers,Cassava,KG,UGX,Retail,950.47,0.2569,4.1924,33.5515
2023-02-01,Uganda,Mbale,cereals and tubers,Cassava,KG,UGX,Retail,875.56,0.2366,3.4426,32.7823
2023-03-01,Uganda,Mbale,cereals and tubers,Cassava,KG,UGX,Retail,860.51,0.2326,-0.1473,33.2618
2023-04-01,Uganda,Mbale,cereals and tubers,Cassava,KG,UGX,Retail,892.36,0.2412,3.1516,29.8801
2023-05-01,Uganda,Mbale,cereals and tubers,Cassava,KG,UGX,Retail,952.85,0.2575,-0.6067,31.9359
2023-06-01,Uganda,Mbale,cereals and tubers,Cassava,KG,UGX,Retail,1161.83,0.314,-0.9618,33.2026
2023-07-01,Uganda,Mbale,cereals and tubers,Cassava,KG,UGX,Retail,1210.7,0.3272,3.4449,30.5328
2023-08-01,Uganda,Mbale,cereals and tubers,Cassava,KG,UGX,Retail,1306.02,0.353,1.0657,31.9147
2023-09-01,Uganda,Mbale,cereals and tubers,Cassava,KG,UGX,Retail,1487.71,0.4021,0.6978,32.4078
2023-10-01,Uganda,Mbale,cereals and tubers,Cassava,KG,UGX,Retail,1306.8,0.3532,0.9229,33.1207
2023-11-01,Uganda,Mbale,cereals and tubers,Cassava,KG,UGX,Retail,1220.74,0.3299,0.5694,31.992
2023-12-01,Uganda,Mbale,cereals and tubers,Cassava,KG,UGX,Retail,1093.36,0.2955,3.6344,32.572
2024-01-01,Uganda,Mbale,cereals and tubers,Cassava,KG,UGX,Retail,1050.54,0.2839,-1.06,34.7541
2024-02-01,Uganda,Mbale,cereals and tubers,Cassava,KG,UGX,Retail,1033.24,0.2793,0.5195,30.8034
2024-03-01,Uganda,Mbale,cereals and tubers,Cassava,KG,UGX,Retail,932.93,0.2521,3.0033,30.8986
2024-04-01,Uganda,Mbale,cereals and tubers,Cassava,KG,UGX,Retail,983.47,0.2658,-0.4638,34.8644
2024-05-01,Uganda,Mbale,cereals and tubers,Cassava,KG,UGX,Retail,1071.05,0.2895,3.8004,34.2533
2024-06-01,Uganda,Mbale,cereals and tubers,Cassava,KG,UGX,Retail,1235.97,0.334,1.2305,30.5209
2024-07-01,Uganda,Mbale,cereals and tubers,Cassava,KG,UGX,Retail,1490.72,0.4029,0.167,33.4725
2024-08-01,Uganda,Mbale,cereals and tubers,Cassava,KG,UGX,Retail,1566.97,0.4235,-0.6904,33.2876
2024-09-01,Uganda,Mbale,cereals and tubers,Cassava,KG,UGX,Retail,1428.71,0.3861,-1.2247,30.1898
2024-10-01,Uganda,Mbale,cereals and tubers,Cassava,KG,UGX,Retail,1323.29,0.3576,-0.7058,30.39
2024-11-01,Uganda,Mbale,cereals and tubers,Cassava,KG,UGX,Retail,1338.99,0.3619,2.7802,30.6819
2024-12-01,Uganda,Mbale,cereals and tubers,Cassava,KG,UGX,Retail,1146.88,0.31,3.6634,34.3321
2025-01-01,Uganda,Mbale,cereals and tubers,Cassava,KG,UGX,Retail,990.27,0.2676,0.0125,30.6182
2025-02-01,Uganda,Mbale,cereals and tubers,Cassava,KG,UGX,Retail,895.6,0.2421,-0.0749,34.6298
2025-03-01,Uganda,Mbale,cereals and tubers,Cassava,KG,UGX,Retail,860.49,0.2326,1.8539,29.6483
2025-04-01,Uganda,Mbale,cereals and tubers,Cassava,KG,UGX,Retail,909.65,0.2459,2.6482,33.8547
2025-05-01,Uganda,Mbale,cereals and tubers,Cassava,KG,UGX,Retail,1031.3,0.2787,2.5388,33.9448
2025-06-01,Uganda,Mbale,cereals and tubers,Cassava,KG,UGX,Retail,1234.5,0.3336,1.8087,32.3434
2025-07-01,Uganda,Mbale,cereals and tubers,Cassava,KG,UGX,Retail,1463.64,0.3956,2.4973,34.5724
2025-08-01,Uganda,Mbale,cereals and tubers,Cassava,KG,UGX,Retail,1624.42,0.439,-0.2045,29.6949
2025-09-01,Uganda,Mbale,cereals and tubers,Cassava,KG,UGX,Retail,1546.19,0.4179,3.4282,29.9563
2025-10-01,Uganda,Mbale,cereals and tubers,Cassava,KG,UGX,Retail,1490.17,0.4027,3.8583,32.3091
2025-11-01,Uganda,Mbale,cereals and tubers,Cassava,KG,UGX,Retail,1356.07,0.3665,0.8264,30.2334
2025-12-01,Uganda,Mbale,cereals and tubers,Cassava,KG,UGX,Retail,1149.34,0.3106,1.8753,33.0977
2026-01-01,Uganda,Mbale,cereals and tubers,Cassava,KG,UGX,Retail,936.91,0.2532,-1.405,30.5421
2026-02-01,Uganda,Mbale,cereals and tubers,Cassava,KG,UGX,Retail,910.34,0.246,-0.9417,33.5716
2026-03-01,Uganda,Mbale,cereals and tubers,Cassava,KG,UGX,Retail,1030.79,0.2786,2.3087,30.5633
2026-04-01,Uganda,Mbale,cereals and tubers,Cassava,KG,UGX,Retail,1014.1,0.2741,-0.5736,32.3454
2026-05-01,Uganda,Mbale,cereals and tubers,Cassava,KG,UGX,Retail,1122.88,0.3035,3.128,30.2942
2026-06-01,Uganda,Mbale,cereals and tubers,Cassava,KG,UGX,Retail,1324.6,0.358,2.9109,31.287
2026-07-01,Uganda,Mbale,cereals and tubers,Cassava,KG,UGX,Retail,1563.36,0.4225,-0.6111,30.0944
2018-01-01,Uganda,Mbale,cereals and tubers,Sorghum,KG,UGX,Retail,993.94,0.2686,0.6472,32.4261
2018-02-01,Uganda,Mbale,cereals and tubers,Sorghum,KG,UGX,Retail,943.08,0.2549,0.6175,33.1052
2018-03-01,Uganda,Mbale,cereals and tubers,Sorghum,KG,UGX,Retail,894.13,0.2417,1.2412,30.1212
2018-04-01,Uganda,Mbale,cereals and tubers,Sorghum,KG,UGX,Retail,988.41,0.2671,0.172,33.475
2018-05-01,Uganda,Mbale,cereals and tubers,Sorghum,KG,UGX,Retail,1067.46,0.2885,2.7584,29.9335
2018-06-01,Uganda,Mbale,cereals and tubers,Sorghum,KG,UGX,Retail,1082.79,0.2926,-1.1898,34.059
2018-07-01,Uganda,Mbale,cereals and tubers,Sorghum,KG,UGX,Retail,1287.84,0.3481,1.873,31.9698
2018-08-01,Uganda,Mbale,cereals and tubers,Sorghum,KG,UGX,Retail,1376.98,0.3722,2.7172,30.3408
2018-09-01,Uganda,Mbale,cereals and tubers,Sorghum,KG,UGX,Retail,1422.45,0.3844,-1.0522,32.3029
2018-10-01,Uganda,Mbale,cereals and tubers,Sorghum,KG,UGX,Retail,1335.36,0.3609,3.1836,32.1008
2018-11-01,Uganda,Mbale,cereals and tubers,Sorghum,KG,UGX,Retail,1298.37,0.3509,1.2968,30.9511
2018-12-01,Uganda,Mbale,cereals and tubers,Sorghum,KG,UGX,Retail,1163.67,0.3145,1.1363,33.8147
2019-01-01,Uganda,Mbale,cereals and tubers,Sorghum,KG,UGX,Retail,1127.93,0.3048,-0.3601,32.1606
2019-02-01,Uganda,Mbale,cereals and tubers,Sorghum,KG,UGX,Retail,1091.52,0.295,-0.1928,31.51
2019-03-01,Uganda,Mbale,cereals and tubers,Sorghum,KG,UGX,Retail,1193.61,0.3226,0.0358,32.6274
2019-04-01,Uganda,Mbale,cereals and tubers,Sorghum,KG,UGX,Retail,1277.92,0.3454,1.5992,31.1489
2019-05-01,Uganda,Mbale,cereals and tubers,Sorghum,KG,UGX,Retail,1460.32,0.3947,-0.721,32.6306
2019-06-01,Uganda,Mbale,cereals and tubers,Sorghum,KG,UGX,Retail,1613.65,0.4361,-1.2169,30.602
2019-07-01,Uganda,Mbale,cereals and tubers,Sorghum,KG,UGX,Retail,1816.7,0.491,0.3227,34.7754
2019-08-01,Uganda,Mbale,cereals and tubers,Sorghum,KG,UGX,Retail,1867.45,0.5047,-1.1436,31.5063
2019-09-01,Uganda,Mbale,cereals and tubers,Sorghum,KG,UGX,Retail,1866.33,0.5044,-0.7785,31.8002
2019-10-01,Uganda,Mbale,cereals and tubers,Sorghum,KG,UGX,Retail,1850.66,0.5002,-0.9772,32.8632
2019-11-01,Uganda,Mbale,cereals and tubers,Sorghum,KG,UGX,Retail,1670.89,0.4516,-1.0605,34.2588
2019-12-01,Uganda,Mbale,cereals and tubers,Sorghum,KG,UGX,Retail,1533.7,0.4145,3.9799,34.6303
2020-01-01,Uganda,Mbale,cereals and tubers,Sorghum,KG,UGX,Retail,1351.67,0.3653,-0.1972,34.1082
2020-02-01,Uganda,Mbale,cereals and tubers,Sorghum,KG,UGX,Retail,1228.66,0.3321,-0.5678,32.5787
2020-03-01,Uganda,Mbale,cereals and tubers,Sorghum,KG,UGX,Retail,1373.99,0.3713,3.3451,33.5381
2020-04-01,Uganda,Mbale,cereals and tubers,Sorghum,KG,UGX,Retail,1466.88,0.3965,2.6878,33.0677
2020-05-01,Uganda,Mbale,cereals and tubers,Sorghum,KG,UGX,Retail,1629.92,0.4405,4.1291,34.7795
2020-06-01,Uganda,Mbale,cereals and tubers,Sorghum,KG,UGX,Retail,1912.04,0.5168,2.9193,32.7188
2020-07-01,Uganda,Mbale,cereals and tubers,Sorghum,KG,UGX,Retail,2110.92,0.5705,3.49,29.6584
2020-08-01,Uganda,Mbale,cereals and tubers,Sorghum,KG,UGX,Retail,2358.19,0.6373,0.8013,32.7652
2020-09-01,Uganda,Mbale,cereals and tubers,Sorghum,KG,UGX,Retail,2316.65,0.6261,-0.4978,30.1659
2020-10-01,Uganda,Mbale,cereals and tubers,Sorghum,KG,UGX,Retail,2312.55,0.625,0.4876,29.6759
2020-11-01,Uganda,Mbale,cereals and tubers,Sorghum,KG,UGX,Retail,2153.21,0.5819,-0.088,31.4976
2020-12-01,Uganda,Mbale,cereals and tubers,Sorghum,KG,UGX,Retail,1819.87,0.4919,1.4174,34.2429
2021-01-01,Uganda,Mbale,cereals and tubers,Sorghum,KG,UGX,Retail,1662.41,0.4493,0.4421,33.337
2021-02-01,Uganda,Mbale,cereals and tubers,Sorghum,KG,UGX,Retail,1538.15,0.4157,3.2309,34.7939
2021-03-01,Uganda,Mbale,cereals and tubers,Sorghum,KG,UGX,Retail,1618.24,0.4374,3.9521,31.8305
2021-04-01,Uganda,Mbale,cereals and tubers,Sorghum,KG,UGX,Retail,1703.57,0.4604,-0.8944,29.7914
2021-05-01,Uganda,Mbale,cereals and tubers,Sorghum,KG,UGX,Retail,1644.73,0.4445,1.2253,32.3415
2021-06-01,Uganda,Mbale,cereals and tubers,Sorghum,KG,UGX,Retail,1881.0,0.5084,1.993,30.5785
2021-07-01,Uganda,Mbale,cereals and tubers,Sorghum,KG,UGX,Retail,2156.18,0.5828,-0.3845,33.362
2021-08-01,Uganda,Mbale,cereals and tubers,Sorghum,KG,UGX,Retail,2327.65,0.6291,2.6958,29.9091
2021-09-01,Uganda,Mbale,cereals and tubers,Sorghum,KG,UGX,Retail,2270.14,0.6136,4.0117,29.8895
2021-10-01,Uganda,Mbale,cereals and tubers,Sorghum,KG,UGX,Retail,2110.19,0.5703,-1.2697,30.3919
2021-11-01,Uganda,Mbale,cereals and tubers,Sorghum,KG,UGX,Retail,1775.78,0.4799,-0.6022,32.4013
2021-12-01,Uganda,Mbale,cereals and tubers,Sorghum,KG,UGX,Retail,1587.67,0.4291,-0.3577,30.1788
2022-01-01,Uganda,Mbale,cereals and tubers,Sorghum,KG,UGX,Retail,1523.86,0.4119,1.1235,34.3661
2022-02-01,Uganda,Mbale,cereals and tubers,Sorghum,KG,UGX,Retail,1403.47,0.3793,2.0769,34.5859
2022-03-01,Uganda,Mbale,cereals and tubers,Sorghum,KG,UGX,Retail,1461.84,0.3951,3.0642,33.0102
2022-04-01,Uganda,Mbale,cereals and tubers,Sorghum,KG,UGX,Retail,1611.68,0.4356,-0.527,31.9441
2022-05-01,Uganda,Mbale,cereals and tubers,Sorghum,KG,UGX,Retail,1788.18,0.4833,3.9725,29.9385
2022-06-01,Uganda,Mbale,cereals and tubers,Sorghum,KG,UGX,Retail,1957.29,0.529,3.6195,31.2241
2022-07-01,Uganda,Mbale,cereals and tubers,Sorghum,KG,UGX,Retail,2043.87,0.5524,0.1386,33.1033
2022-08-01,Uganda,Mbale,cereals and tubers,Sorghum,KG,UGX,Retail,2097.07,0.5668,1.1156,32.4809
2022-09-01,Uganda,Mbale,cereals and tubers,Sorghum,KG,UGX,Retail,2045.67,0.5529,-0.0653,30.3571
2022-10-01,Uganda,Mbale,cereals and tubers,Sorghum,KG,UGX,Retail,1865.51,0.5042,-0.5408,31.1775
2022-11-01,Uganda,Mbale,cereals and tubers,Sorghum,KG,UGX,Retail,1627.9,0.44,1.0899,33.3939
2022-12-01,Uganda,Mbale,cereals and tubers,Sorghum,KG,UGX,Retail,1416.16,0.3827,3.4652,33.2708
2023-01-01,Uganda,Mbale,cereals and tubers,Sorghum,KG,UGX,Retail,1367.52,0.3696,2.5832,30.4026
2023-02-01,Uganda,Mbale,cereals and tubers,Sorghum,KG,UGX,Retail,1410.98,0.3813,2.9835,32.6927
2023-03-01,Uganda,Mbale,cereals and tubers,Sorghum,KG,UGX,Retail,1410.59,0.3812,-0.5157,32.9174
2023-04-01,Uganda,Mbale,cereals and tubers,Sorghum,KG,UGX,Retail,1470.9,0.3975,2.3524,31.6111
2023-05-01,Uganda,Mbale,cereals and tubers,Sorghum,KG,UGX,Retail,1641.37,0.4436,-0.4286,30.4381
2023-06-01,Uganda,Mbale,cereals and tubers,Sorghum,KG,UGX,Retail,1778.71,0.4807,3.1719,32.5991
2023-07-01,Uganda,Mbale,cereals and tubers,Sorghum,KG,UGX,Retail,2009.53,0.5431,2.7721,33.7513
2023-08-01,Uganda,Mbale,cereals and tubers,Sorghum,KG,UGX,Retail,2155.78,0.5826,3.1481,34.6871
2023-09-01,Uganda,Mbale,cereals and tubers,Sorghum,KG,UGX,Retail,2373.55,0.6415,-0.8981,33.1155
2023-10-01,Uganda,Mbale,cereals and tubers,Sorghum,KG,UGX,Retail,2550.78,0.6894,-1.0598,33.3417
2023-11-01,Uganda,Mbale,cereals and tubers,Sorghum,KG,UGX,Retail,2150.55,0.5812,-0.5946,30.0004
2023-12-01,Uganda,Mbale,cereals and tubers,Sorghum,KG,UGX,Retail,1925.49,0.5204,-0.7464,29.7895
2024-01-01,Uganda,Mbale,cereals and tubers,Sorghum,KG,UGX,Retail,1817.08,0.4911,3.332,32.3782
2024-02-01,Uganda,Mbale,cereals and tubers,Sorghum,KG,UGX,Retail,1779.0,0.4808,0.4201,30.8877
2024-03-01,Uganda,Mbale,cereals and tubers,Sorghum,KG,UGX,Retail,1794.54,0.485,3.3409,31.3347
2024-04-01,Uganda,Mbale,cereals and tubers,Sorghum,KG,UGX,Retail,1896.89,0.5127,0.0264,29.8732
2024-05-01,Uganda,Mbale,cereals and tubers,Sorghum,KG,UGX,Retail,2137.05,0.5776,-1.3538,33.8574
2024-06-01,Uganda,Mbale,cereals and tubers,Sorghum,KG,UGX,Retail,2399.28,0.6485,2.4339,32.5332
2024-07-01,Uganda,Mbale,cereals and tubers,Sorghum,KG,UGX,Retail,2578.19,0.6968,3.9742,31.5834
2024-08-01,Uganda,Mbale,cereals and tubers,Sorghum,KG,UGX,Retail,2679.89,0.7243,2.773,29.715
2024-09-01,Uganda,Mbale,cereals and tubers,Sorghum,KG,UGX,Retail,2835.06,0.7662,-1.1965,34.45
2024-10-01,Uganda,Mbale,cereals and tubers,Sorghum,KG,UGX,Retail,2676.56,0.7234,1.3086,31.8896
2024-11-01,Uganda,Mbale,cereals and tubers,Sorghum,KG,UGX,Retail,2423.8,0.6551,0.1515,34.318
2024-12-01,Uganda,Mbale,cereals and tubers,Sorghum,KG,UGX,Retail,2247.19,0.6073,0.9641,31.5333
2025-01-01,Uganda,Mbale,cereals and tubers,Sorghum,KG,UGX,Retail,1927.23,0.5209,2.8152,31.7546
2025-02-01,Uganda,Mbale,cereals and tubers,Sorghum,KG,UGX,Retail,1712.59,0.4629,-1.2783,30.0412
2025-03-01,Uganda,Mbale,cereals and tubers,Sorghum,KG,UGX,Retail,1795.01,0.4851,-1.3608,30.4255
2025-04-01,Uganda,Mbale,cereals and tubers,Sorghum,KG,UGX,Retail,2092.78,0.5656,3.0495,34.1661
2025-05-01,Uganda,Mbale,cereals and tubers,Sorghum,KG,UGX,Retail,2173.54,0.5874,2.0572,30.2692
2025-06-01,Uganda,Mbale,cereals and tubers,Sorghum,KG,UGX,Retail,2353.75,0.6361,0.0962,32.404
2025-07-01,Uganda,Mbale,cereals and tubers,Sorghum,KG,UGX,Retail,2751.14,0.7436,3.4625,30.8592
2025-08-01,Uganda,Mbale,cereals and tubers,Sorghum,KG,UGX,Retail,3205.34,0.8663,-0.9067,29.7444
2025-09-01,Uganda,Mbale,cereals and tubers,Sorghum,KG,UGX,Retail,3197.84,0.8643,-0.5296,33.3527
2025-10-01,Uganda,Mbale,cereals and tubers,Sorghum,KG,UGX,Retail,2917.19,0.7884,-1.4091,34.9353
2025-11-01,Uganda,Mbale,cereals and tubers,Sorghum,KG,UGX,Retail,2597.02,0.7019,0.7451,32.4018
2025-12-01,Uganda,Mbale,cereals and tubers,Sorghum,KG,UGX,Retail,2246.21,0.6071,1.1803,32.9099
2026-01-01,Uganda,Mbale,cereals and tubers,Sorghum,KG,UGX,Retail,2038.19,0.5509,0.2198,32.2296
2026-02-01,Uganda,Mbale,cereals and tubers,Sorghum,KG,UGX,Retail,1933.35,0.5225,3.4009,31.2519
2026-03-01,Uganda,Mbale,cereals and tubers,Sorghum,KG,UGX,Retail,1907.67,0.5156,4.186,32.7557
2026-04-01,Uganda,Mbale,cereals and tubers,Sorghum,KG,UGX,Retail,1928.49,0.5212,0.0135,31.5074
2026-05-01,Uganda,Mbale,cereals and tubers,Sorghum,KG,UGX,Retail,2107.2,0.5695,0.9545,30.8427
2026-06-01,Uganda,Mbale,cereals and tubers,Sorghum,KG,UGX,Retail,2489.32,0.6728,0.8071,29.8968
2026-07-01,Uganda,Mbale,cereals and tubers,Sorghum,KG,UGX,Retail,2556.34,0.6909,-1.4106,34.4518
2018-01-01,Uganda,Mbale,cereals and tubers,Sweet Potato,KG,UGX,Retail,873.73,0.2361,-1.0678,33.5075
2018-02-01,Uganda,Mbale,cereals and tubers,Sweet Potato,KG,UGX,Retail,838.26,0.2266,1.9332,32.7194
2018-03-01,Uganda,Mbale,cereals and tubers,Sweet Potato,KG,UGX,Retail,867.09,0.2343,-1.1609,33.5274
2018-04-01,Uganda,Mbale,cereals and tubers,Sweet Potato,KG,UGX,Retail,831.71,0.2248,-0.1215,32.2937
2018-05-01,Uganda,Mbale,cereals and tubers,Sweet Potato,KG,UGX,Retail,899.92,0.2432,3.0021,33.9598
2018-06-01,Uganda,Mbale,cereals and tubers,Sweet Potato,KG,UGX,Retail,971.45,0.2626,-1.2175,31.9105
2018-07-01,Uganda,Mbale,cereals and tubers,Sweet Potato,KG,UGX,Retail,1176.69,0.318,0.5704,33.3574
2018-08-01,Uganda,Mbale,cereals and tubers,Sweet Potato,KG,UGX,Retail,1281.29,0.3463,0.4791,31.0926
2018-09-01,Uganda,Mbale,cereals and tubers,Sweet Potato,KG,UGX,Retail,1258.02,0.34,-0.7383,34.2447
2018-10-01,Uganda,Mbale,cereals and tubers,Sweet Potato,KG,UGX,Retail,1177.13,0.3181,-0.8644,33.399
2018-11-01,Uganda,Mbale,cereals and tubers,Sweet Potato,KG,UGX,Retail,1097.66,0.2967,-0.3367,34.7898
2018-12-01,Uganda,Mbale,cereals and tubers,Sweet Potato,KG,UGX,Retail,1087.7,0.294,1.8801,34.1839
2019-01-01,Uganda,Mbale,cereals and tubers,Sweet Potato,KG,UGX,Retail,942.87,0.2548,1.0164,30.623
2019-02-01,Uganda,Mbale,cereals and tubers,Sweet Potato,KG,UGX,Retail,878.41,0.2374,0.9622,32.0623
2019-03-01,Uganda,Mbale,cereals and tubers,Sweet Potato,KG,UGX,Retail,946.64,0.2558,1.0199,32.8031
2019-04-01,Uganda,Mbale,cereals and tubers,Sweet Potato,KG,UGX,Retail,1034.95,0.2797,4.162,31.3416
2019-05-01,Uganda,Mbale,cereals and tubers,Sweet Potato,KG,UGX,Retail,1183.26,0.3198,3.0945,29.9672
2019-06-01,Uganda,Mbale,cereals and tubers,Sweet Potato,KG,UGX,Retail,1241.81,0.3356,-0.2515,33.1877
2019-07-01,Uganda,Mbale,cereals and tubers,Sweet Potato,KG,UGX,Retail,1422.9,0.3846,1.3207,33.7232
2019-08-01,Uganda,Mbale,cereals and tubers,Sweet Potato,KG,UGX,Retail,1391.06,0.376,0.6817,34.2744
2019-09-01,Uganda,Mbale,cereals and tubers,Sweet Potato,KG,UGX,Retail,1262.8,0.3413,2.9252,30.7722
2019-10-01,Uganda,Mbale,cereals and tubers,Sweet Potato,KG,UGX,Retail,1060.21,0.2865,-0.3075,31.8829
2019-11-01,Uganda,Mbale,cereals and tubers,Sweet Potato,KG,UGX,Retail,1061.88,0.287,3.6359,33.2219
2019-12-01,Uganda,Mbale,cereals and tubers,Sweet Potato,KG,UGX,Retail,920.63,0.2488,0.0607,31.6556
2020-01-01,Uganda,Mbale,cereals and tubers,Sweet Potato,KG,UGX,Retail,796.1,0.2152,2.5688,30.0824
2020-02-01,Uganda,Mbale,cereals and tubers,Sweet Potato,KG,UGX,Retail,795.04,0.2149,-0.7729,31.0172
2020-03-01,Uganda,Mbale,cereals and tubers,Sweet Potato,KG,UGX,Retail,717.99,0.1941,-0.4158,30.1462
2020-04-01,Uganda,Mbale,cereals and tubers,Sweet Potato,KG,UGX,Retail,755.98,0.2043,0.7408,30.0959
2020-05-01,Uganda,Mbale,cereals and tubers,Sweet Potato,KG,UGX,Retail,838.39,0.2266,-1.0488,32.4228
2020-06-01,Uganda,Mbale,cereals and tubers,Sweet Potato,KG,UGX,Retail,966.93,0.2613,2.932,34.2305
2020-07-01,Uganda,Mbale,cereals and tubers,Sweet Potato,KG,UGX,Retail,1051.32,0.2841,0.421,30.3915
2020-08-01,Uganda,Mbale,cereals and tubers,Sweet Potato,KG,UGX,Retail,1101.43,0.2977,-0.1365,33.8491
2020-09-01,Uganda,Mbale,cereals and tubers,Sweet Potato,KG,UGX,Retail,1183.37,0.3198,1.3247,33.239
2020-10-01,Uganda,Mbale,cereals and tubers,Sweet Potato,KG,UGX,Retail,1169.07,0.316,0.2169,30.7298
2020-11-01,Uganda,Mbale,cereals and tubers,Sweet Potato,KG,UGX,Retail,924.48,0.2499,0.3248,33.2238
2020-12-01,Uganda,Mbale,cereals and tubers,Sweet Potato,KG,UGX,Retail,763.63,0.2064,1.43,30.8336
2021-01-01,Uganda,Mbale,cereals and tubers,Sweet Potato,KG,UGX,Retail,678.61,0.1834,1.276,32.359
2021-02-01,Uganda,Mbale,cereals and tubers,Sweet Potato,KG,UGX,Retail,621.89,0.1681,2.5461,34.525
2021-03-01,Uganda,Mbale,cereals and tubers,Sweet Potato,KG,UGX,Retail,589.35,0.1593,2.6488,30.0132
2021-04-01,Uganda,Mbale,cereals and tubers,Sweet Potato,KG,UGX,Retail,614.57,0.1661,1.9702,32.7871
2021-05-01,Uganda,Mbale,cereals and tubers,Sweet Potato,KG,UGX,Retail,721.84,0.1951,1.8228,31.4883
2021-06-01,Uganda,Mbale,cereals and tubers,Sweet Potato,KG,UGX,Retail,770.1,0.2081,3.2538,31.8784
2021-07-01,Uganda,Mbale,cereals and tubers,Sweet Potato,KG,UGX,Retail,879.68,0.2378,1.7084,32.6402
2021-08-01,Uganda,Mbale,cereals and tubers,Sweet Potato,KG,UGX,Retail,1007.09,0.2722,1.9169,31.407
2021-09-01,Uganda,Mbale,cereals and tubers,Sweet Potato,KG,UGX,Retail,986.31,0.2666,-0.6695,34.9682
2021-10-01,Uganda,Mbale,cereals and tubers,Sweet Potato,KG,UGX,Retail,897.62,0.2426,0.8783,31.2273
2021-11-01,Uganda,Mbale,cereals and tubers,Sweet Potato,KG,UGX,Retail,814.23,0.2201,2.6109,33.1392
2021-12-01,Uganda,Mbale,cereals and tubers,Sweet Potato,KG,UGX,Retail,679.21,0.1836,3.5673,32.064
2022-01-01,Uganda,Mbale,cereals and tubers,Sweet Potato,KG,UGX,Retail,653.82,0.1767,1.0166,33.0457
2022-02-01,Uganda,Mbale,cereals and tubers,Sweet Potato,KG,UGX,Retail,605.94,0.1638,2.927,29.6284
2022-03-01,Uganda,Mbale,cereals and tubers,Sweet Potato,KG,UGX,Retail,546.64,0.1477,0.1897,34.7051
2022-04-01,Uganda,Mbale,cereals and tubers,Sweet Potato,KG,UGX,Retail,586.22,0.1584,0.5768,31.7833
2022-05-01,Uganda,Mbale,cereals and tubers,Sweet Potato,KG,UGX,Retail,628.55,0.1699,3.4466,34.7966
2022-06-01,Uganda,Mbale,cereals and tubers,Sweet Potato,KG,UGX,Retail,752.78,0.2035,3.2974,30.6747
2022-07-01,Uganda,Mbale,cereals and tubers,Sweet Potato,KG,UGX,Retail,842.64,0.2277,1.8975,33.1431
2022-08-01,Uganda,Mbale,cereals and tubers,Sweet Potato,KG,UGX,Retail,851.41,0.2301,2.7538,30.6798
2022-09-01,Uganda,Mbale,cereals and tubers,Sweet Potato,KG,UGX,Retail,871.1,0.2354,0.2487,34.1684
2022-10-01,Uganda,Mbale,cereals and tubers,Sweet Potato,KG,UGX,Retail,860.03,0.2324,1.5249,34.0266
2022-11-01,Uganda,Mbale,cereals and tubers,Sweet Potato,KG,UGX,Retail,686.43,0.1855,0.722,33.8198
2022-12-01,Uganda,Mbale,cereals and tubers,Sweet Potato,KG,UGX,Retail,651.63,0.1761,1.3684,30.2385
2023-01-01,Uganda,Mbale,cereals and tubers,Sweet Potato,KG,UGX,Retail,606.32,0.1639,1.4661,30.0316
2023-02-01,Uganda,Mbale,cereals and tubers,Sweet Potato,KG,UGX,Retail,602.07,0.1627,2.2145,32.9161
2023-03-01,Uganda,Mbale,cereals and tubers,Sweet Potato,KG,UGX,Retail,568.73,0.1537,-0.9566,31.4973
2023-04-01,Uganda,Mbale,cereals and tubers,Sweet Potato,KG,UGX,Retail,640.2,0.173,3.4576,31.2719
2023-05-01,Uganda,Mbale,cereals and tubers,Sweet Potato,KG,UGX,Retail,622.58,0.1683,1.7911,34.9105
2023-06-01,Uganda,Mbale,cereals and tubers,Sweet Potato,KG,UGX,Retail,663.91,0.1794,1.6229,32.7997
2023-07-01,Uganda,Mbale,cereals and tubers,Sweet Potato,KG,UGX,Retail,793.63,0.2145,-1.2324,29.8814
2023-08-01,Uganda,Mbale,cereals and tubers,Sweet Potato,KG,UGX,Retail,921.45,0.249,2.4471,33.3809
2023-09-01,Uganda,Mbale,cereals and tubers,Sweet Potato,KG,UGX,Retail,856.46,0.2315,3.3904,31.6367
2023-10-01,Uganda,Mbale,cereals and tubers,Sweet Potato,KG,UGX,Retail,731.81,0.1978,-0.8265,34.1169
2023-11-01,Uganda,Mbale,cereals and tubers,Sweet Potato,KG,UGX,Retail,673.22,0.182,3.1893,33.9677
2023-12-01,Uganda,Mbale,cereals and tubers,Sweet Potato,KG,UGX,Retail,571.27,0.1544,2.5661,32.7285
2024-01-01,Uganda,Mbale,cereals and tubers,Sweet Potato,KG,UGX,Retail,574.95,0.1554,4.1607,31.1685
2024-02-01,Uganda,Mbale,cereals and tubers,Sweet Potato,KG,UGX,Retail,578.65,0.1564,3.6463,31.1606
2024-03-01,Uganda,Mbale,cereals and tubers,Sweet Potato,KG,UGX,Retail,596.94,0.1613,0.267,33.7003
2024-04-01,Uganda,Mbale,cereals and tubers,Sweet Potato,KG,UGX,Retail,746.93,0.2019,-0.8477,32.9572
2024-05-01,Uganda,Mbale,cereals and tubers,Sweet Potato,KG,UGX,Retail,849.07,0.2295,2.3121,33.2237
2024-06-01,Uganda,Mbale,cereals and tubers,Sweet Potato,KG,UGX,Retail,874.81,0.2364,0.4752,31.2187
2024-07-01,Uganda,Mbale,cereals and tubers,Sweet Potato,KG,UGX,Retail,1032.54,0.2791,0.9477,32.1583
2024-08-01,Uganda,Mbale,cereals and tubers,Sweet Potato,KG,UGX,Retail,1127.27,0.3047,-0.655,34.651
2024-09-01,Uganda,Mbale,cereals and tubers,Sweet Potato,KG,UGX,Retail,1192.18,0.3222,1.8638,33.6747
2024-10-01,Uganda,Mbale,cereals and tubers,Sweet Potato,KG,UGX,Retail,1119.61,0.3026,-0.2303,31.6362
2024-11-01,Uganda,Mbale,cereals and tubers,Sweet Potato,KG,UGX,Retail,1014.49,0.2742,0.4471,33.1046
2024-12-01,Uganda,Mbale,cereals and tubers,Sweet Potato,KG,UGX,Retail,852.43,0.2304,-1.3547,29.6085
2025-01-01,Uganda,Mbale,cereals and tubers,Sweet Potato,KG,UGX,Retail,857.27,0.2317,0.5615,34.7225
2025-02-01,Uganda,Mbale,cereals and tubers,Sweet Potato,KG,UGX,Retail,847.98,0.2292,1.5214,32.7202
2025-03-01,Uganda,Mbale,cereals and tubers,Sweet Potato,KG,UGX,Retail,825.46,0.2231,2.1408,29.644
2025-04-01,Uganda,Mbale,cereals and tubers,Sweet Potato,KG,UGX,Retail,883.83,0.2389,0.3376,33.7735
2025-05-01,Uganda,Mbale,cereals and tubers,Sweet Potato,KG,UGX,Retail,1007.61,0.2723,2.5824,32.9777
2025-06-01,Uganda,Mbale,cereals and tubers,Sweet Potato,KG,UGX,Retail,1106.55,0.2991,-0.4971,33.2135
2025-07-01,Uganda,Mbale,cereals and tubers,Sweet Potato,KG,UGX,Retail,1312.78,0.3548,1.2896,31.438
2025-08-01,Uganda,Mbale,cereals and tubers,Sweet Potato,KG,UGX,Retail,1433.46,0.3874,0.1528,33.7247
2025-09-01,Uganda,Mbale,cereals and tubers,Sweet Potato,KG,UGX,Retail,1476.95,0.3992,2.5055,33.5965
2025-10-01,Uganda,Mbale,cereals and tubers,Sweet Potato,KG,UGX,Retail,1447.93,0.3913,2.3392,32.8984
2025-11-01,Uganda,Mbale,cereals and tubers,Sweet Potato,KG,UGX,Retail,1313.75,0.3551,-0.3724,34.1511
2025-12-01,Uganda,Mbale,cereals and tubers,Sweet Potato,KG,UGX,Retail,1271.73,0.3437,1.159,34.6395
2026-01-01,Uganda,Mbale,cereals and tubers,Sweet Potato,KG,UGX,Retail,1241.47,0.3355,1.2713,33.5115
2026-02-01,Uganda,Mbale,cereals and tubers,Sweet Potato,KG,UGX,Retail,1198.65,0.324,-0.1476,29.8543
2026-03-01,Uganda,Mbale,cereals and tubers,Sweet Potato,KG,UGX,Retail,1150.44,0.3109,2.9871,31.3557
2026-04-01,Uganda,Mbale,cereals and tubers,Sweet Potato,KG,UGX,Retail,1211.49,0.3274,2.2324,33.3559
2026-05-01,Uganda,Mbale,cereals and tubers,Sweet Potato,KG,UGX,Retail,1291.34,0.349,1.1793,30.5812
2026-06-01,Uganda,Mbale,cereals and tubers,Sweet Potato,KG,UGX,Retail,1414.58,0.3823,-0.7774,30.7368
2026-07-01,Uganda,Mbale,cereals and tubers,Sweet Potato,KG,UGX,Retail,1697.05,0.4587,1.0149,31.0415
2018-01-01,Uganda,Mbale,cereals and tubers,Groundnuts,KG,UGX,Retail,4256.49,1.1504,1.4933,34.5848
2018-02-01,Uganda,Mbale,cereals and tubers,Groundnuts,KG,UGX,Retail,4062.93,1.0981,-1.41,34.5328
2018-03-01,Uganda,Mbale,cereals and tubers,Groundnuts,KG,UGX,Retail,4236.45,1.145,2.121,32.4878
2018-04-01,Uganda,Mbale,cereals and tubers,Groundnuts,KG,UGX,Retail,4307.66,1.1642,1.2484,33.7538
2018-05-01,Uganda,Mbale,cereals and tubers,Groundnuts,KG,UGX,Retail,4832.2,1.306,-0.4967,29.9142
2018-06-01,Uganda,Mbale,cereals and tubers,Groundnuts,KG,UGX,Retail,5448.91,1.4727,-0.0668,31.5858
2018-07-01,Uganda,Mbale,cereals and tubers,Groundnuts,KG,UGX,Retail,6180.01,1.6703,-0.1372,31.3258
2018-08-01,Uganda,Mbale,cereals and tubers,Groundnuts,KG,UGX,Retail,6841.28,1.849,1.6107,32.9323
2018-09-01,Uganda,Mbale,cereals and tubers,Groundnuts,KG,UGX,Retail,6626.1,1.7908,3.9256,34.975
2018-10-01,Uganda,Mbale,cereals and tubers,Groundnuts,KG,UGX,Retail,6490.52,1.7542,3.0902,31.5767
2018-11-01,Uganda,Mbale,cereals and tubers,Groundnuts,KG,UGX,Retail,6141.74,1.6599,0.5034,33.8355
2018-12-01,Uganda,Mbale,cereals and tubers,Groundnuts,KG,UGX,Retail,5696.63,1.5396,-0.265,29.8089
2019-01-01,Uganda,Mbale,cereals and tubers,Groundnuts,KG,UGX,Retail,4826.69,1.3045,2.4247,29.6182
2019-02-01,Uganda,Mbale,cereals and tubers,Groundnuts,KG,UGX,Retail,4588.15,1.24,0.6482,33.8789
2019-03-01,Uganda,Mbale,cereals and tubers,Groundnuts,KG,UGX,Retail,4470.56,1.2083,-1.2232,32.9491
2019-04-01,Uganda,Mbale,cereals and tubers,Groundnuts,KG,UGX,Retail,4655.06,1.2581,3.2372,32.7982
2019-05-01,Uganda,Mbale,cereals and tubers,Groundnuts,KG,UGX,Retail,5334.26,1.4417,0.292,31.7488
2019-06-01,Uganda,Mbale,cereals and tubers,Groundnuts,KG,UGX,Retail,6542.92,1.7684,-0.8871,33.8979
2019-07-01,Uganda,Mbale,cereals and tubers,Groundnuts,KG,UGX,Retail,7305.79,1.9745,1.2731,30.4284
2019-08-01,Uganda,Mbale,cereals and tubers,Groundnuts,KG,UGX,Retail,7634.29,2.0633,-0.5665,31.4501
2019-09-01,Uganda,Mbale,cereals and tubers,Groundnuts,KG,UGX,Retail,7713.11,2.0846,0.6844,34.7401
2019-10-01,Uganda,Mbale,cereals and tubers,Groundnuts,KG,UGX,Retail,7727.83,2.0886,0.9127,32.0683
2019-11-01,Uganda,Mbale,cereals and tubers,Groundnuts,KG,UGX,Retail,6869.73,1.8567,0.0875,33.4597
2019-12-01,Uganda,Mbale,cereals and tubers,Groundnuts,KG,UGX,Retail,5544.75,1.4986,3.1331,31.7874
2020-01-01,Uganda,Mbale,cereals and tubers,Groundnuts,KG,UGX,Retail,4658.17,1.259,3.5935,34.1972
2020-02-01,Uganda,Mbale,cereals and tubers,Groundnuts,KG,UGX,Retail,4583.13,1.2387,0.0332,34.9213
2020-03-01,Uganda,Mbale,cereals and tubers,Groundnuts,KG,UGX,Retail,4769.42,1.289,3.0304,33.2049
2020-04-01,Uganda,Mbale,cereals and tubers,Groundnuts,KG,UGX,Retail,5556.04,1.5016,1.0169,33.6043
2020-05-01,Uganda,Mbale,cereals and tubers,Groundnuts,KG,UGX,Retail,5864.02,1.5849,2.6729,33.6579
2020-06-01,Uganda,Mbale,cereals and tubers,Groundnuts,KG,UGX,Retail,6228.28,1.6833,0.4896,31.7182
2020-07-01,Uganda,Mbale,cereals and tubers,Groundnuts,KG,UGX,Retail,6510.2,1.7595,2.5826,34.1002
2020-08-01,Uganda,Mbale,cereals and tubers,Groundnuts,KG,UGX,Retail,6738.33,1.8212,1.8974,30.3557
2020-09-01,Uganda,Mbale,cereals and tubers,Groundnuts,KG,UGX,Retail,6795.41,1.8366,3.5562,33.0731
2020-10-01,Uganda,Mbale,cereals and tubers,Groundnuts,KG,UGX,Retail,6406.74,1.7316,4.1946,31.5397
2020-11-01,Uganda,Mbale,cereals and tubers,Groundnuts,KG,UGX,Retail,5494.33,1.485,1.5778,32.0568
2020-12-01,Uganda,Mbale,cereals and tubers,Groundnuts,KG,UGX,Retail,5343.47,1.4442,-0.0983,30.5989
2021-01-01,Uganda,Mbale,cereals and tubers,Groundnuts,KG,UGX,Retail,4841.46,1.3085,-0.6903,31.9295
2021-02-01,Uganda,Mbale,cereals and tubers,Groundnuts,KG,UGX,Retail,4513.14,1.2198,0.9979,34.2166
2021-03-01,Uganda,Mbale,cereals and tubers,Groundnuts,KG,UGX,Retail,4932.84,1.3332,-1.0279,34.9579
2021-04-01,Uganda,Mbale,cereals and tubers,Groundnuts,KG,UGX,Retail,5198.68,1.405,2.2622,33.6841
2021-05-01,Uganda,Mbale,cereals and tubers,Groundnuts,KG,UGX,Retail,5788.69,1.5645,2.8657,30.7218
2021-06-01,Uganda,Mbale,cereals and tubers,Groundnuts,KG,UGX,Retail,6815.33,1.842,-0.4855,33.6704
2021-07-01,Uganda,Mbale,cereals and tubers,Groundnuts,KG,UGX,Retail,7114.81,1.9229,-0.0567,30.1898
2021-08-01,Uganda,Mbale,cereals and tubers,Groundnuts,KG,UGX,Retail,7380.52,1.9947,0.1863,32.3987
2021-09-01,Uganda,Mbale,cereals and tubers,Groundnuts,KG,UGX,Retail,8091.28,2.1868,2.9158,30.823
2021-10-01,Uganda,Mbale,cereals and tubers,Groundnuts,KG,UGX,Retail,7889.33,2.1323,0.3316,30.1608
2021-11-01,Uganda,Mbale,cereals and tubers,Groundnuts,KG,UGX,Retail,6867.6,1.8561,-1.0785,32.1312
2021-12-01,Uganda,Mbale,cereals and tubers,Groundnuts,KG,UGX,Retail,6081.31,1.6436,3.5505,32.3925
2022-01-01,Uganda,Mbale,cereals and tubers,Groundnuts,KG,UGX,Retail,5329.06,1.4403,1.0722,30.6584
2022-02-01,Uganda,Mbale,cereals and tubers,Groundnuts,KG,UGX,Retail,5205.91,1.407,0.2137,30.1848
2022-03-01,Uganda,Mbale,cereals and tubers,Groundnuts,KG,UGX,Retail,5032.65,1.3602,3.8469,33.2007
2022-04-01,Uganda,Mbale,cereals and tubers,Groundnuts,KG,UGX,Retail,5275.33,1.4258,-0.036,34.2279
2022-05-01,Uganda,Mbale,cereals and tubers,Groundnuts,KG,UGX,Retail,6508.56,1.7591,-0.6781,33.9454
2022-06-01,Uganda,Mbale,cereals and tubers,Groundnuts,KG,UGX,Retail,7148.09,1.9319,0.8077,34.0243
2022-07-01,Uganda,Mbale,cereals and tubers,Groundnuts,KG,UGX,Retail,7218.66,1.951,1.453,31.5096
2022-08-01,Uganda,Mbale,cereals and tubers,Groundnuts,KG,UGX,Retail,7552.87,2.0413,4.1485,30.5438
2022-09-01,Uganda,Mbale,cereals and tubers,Groundnuts,KG,UGX,Retail,7614.26,2.0579,-0.1553,34.5029
2022-10-01,Uganda,Mbale,cereals and tubers,Groundnuts,KG,UGX,Retail,7172.56,1.9385,1.1068,34.7593
2022-11-01,Uganda,Mbale,cereals and tubers,Groundnuts,KG,UGX,Retail,6285.87,1.6989,3.5939,29.9263
2022-12-01,Uganda,Mbale,cereals and tubers,Groundnuts,KG,UGX,Retail,5545.59,1.4988,-1.1922,34.9944
2023-01-01,Uganda,Mbale,cereals and tubers,Groundnuts,KG,UGX,Retail,5178.38,1.3996,1.8334,30.7764
2023-02-01,Uganda,Mbale,cereals and tubers,Groundnuts,KG,UGX,Retail,4956.91,1.3397,1.0624,31.343
2023-03-01,Uganda,Mbale,cereals and tubers,Groundnuts,KG,UGX,Retail,5022.92,1.3575,2.2407,32.9125
2023-04-01,Uganda,Mbale,cereals and tubers,Groundnuts,KG,UGX,Retail,5432.9,1.4684,1.2181,31.4614
2023-05-01,Uganda,Mbale,cereals and tubers,Groundnuts,KG,UGX,Retail,6091.4,1.6463,-0.3902,32.9779
2023-06-01,Uganda,Mbale,cereals and tubers,Groundnuts,KG,UGX,Retail,6911.41,1.8679,-0.6253,31.3193
2023-07-01,Uganda,Mbale,cereals and tubers,Groundnuts,KG,UGX,Retail,8006.54,2.1639,1.3815,32.4719
2023-08-01,Uganda,Mbale,cereals and tubers,Groundnuts,KG,UGX,Retail,8056.12,2.1773,1.794,29.9757
2023-09-01,Uganda,Mbale,cereals and tubers,Groundnuts,KG,UGX,Retail,8481.59,2.2923,3.7602,29.8877
2023-10-01,Uganda,Mbale,cereals and tubers,Groundnuts,KG,UGX,Retail,7647.16,2.0668,2.5013,32.8642
2023-11-01,Uganda,Mbale,cereals and tubers,Groundnuts,KG,UGX,Retail,6851.27,1.8517,1.5737,33.398
2023-12-01,Uganda,Mbale,cereals and tubers,Groundnuts,KG,UGX,Retail,6041.8,1.6329,-0.7009,30.083
2024-01-01,Uganda,Mbale,cereals and tubers,Groundnuts,KG,UGX,Retail,5290.46,1.4299,3.7604,32.612
2024-02-01,Uganda,Mbale,cereals and tubers,Groundnuts,KG,UGX,Retail,4734.6,1.2796,3.6796,31.6986
2024-03-01,Uganda,Mbale,cereals and tubers,Groundnuts,KG,UGX,Retail,4777.47,1.2912,-0.836,33.582
2024-04-01,Uganda,Mbale,cereals and tubers,Groundnuts,KG,UGX,Retail,4698.15,1.2698,3.0272,31.356
2024-05-01,Uganda,Mbale,cereals and tubers,Groundnuts,KG,UGX,Retail,5105.32,1.3798,-0.5405,34.8083
2024-06-01,Uganda,Mbale,cereals and tubers,Groundnuts,KG,UGX,Retail,6154.57,1.6634,2.1994,33.4084
2024-07-01,Uganda,Mbale,cereals and tubers,Groundnuts,KG,UGX,Retail,6647.74,1.7967,0.5823,29.8329
2024-08-01,Uganda,Mbale,cereals and tubers,Groundnuts,KG,UGX,Retail,6929.33,1.8728,4.1711,31.9214
2024-09-01,Uganda,Mbale,cereals and tubers,Groundnuts,KG,UGX,Retail,7396.86,1.9992,-0.7805,31.7193
2024-10-01,Uganda,Mbale,cereals and tubers,Groundnuts,KG,UGX,Retail,7142.37,1.9304,3.4972,31.3474
2024-11-01,Uganda,Mbale,cereals and tubers,Groundnuts,KG,UGX,Retail,6241.6,1.6869,3.5511,33.7411
2024-12-01,Uganda,Mbale,cereals and tubers,Groundnuts,KG,UGX,Retail,5530.4,1.4947,-0.6303,29.9942
2025-01-01,Uganda,Mbale,cereals and tubers,Groundnuts,KG,UGX,Retail,5145.14,1.3906,1.3516,30.8854
2025-02-01,Uganda,Mbale,cereals and tubers,Groundnuts,KG,UGX,Retail,4777.93,1.2913,0.7349,32.2758
2025-03-01,Uganda,Mbale,cereals and tubers,Groundnuts,KG,UGX,Retail,4853.0,1.3116,0.7076,30.225
2025-04-01,Uganda,Mbale,cereals and tubers,Groundnuts,KG,UGX,Retail,5553.11,1.5008,1.9722,30.389
2025-05-01,Uganda,Mbale,cereals and tubers,Groundnuts,KG,UGX,Retail,6030.87,1.63,0.8753,32.8434
2025-06-01,Uganda,Mbale,cereals and tubers,Groundnuts,KG,UGX,Retail,7231.74,1.9545,2.1778,33.3687
2025-07-01,Uganda,Mbale,cereals and tubers,Groundnuts,KG,UGX,Retail,8512.74,2.3007,0.2381,29.6937
2025-08-01,Uganda,Mbale,cereals and tubers,Groundnuts,KG,UGX,Retail,9444.52,2.5526,0.9478,33.5654
2025-09-01,Uganda,Mbale,cereals and tubers,Groundnuts,KG,UGX,Retail,9819.24,2.6538,2.0995,31.2561
2025-10-01,Uganda,Mbale,cereals and tubers,Groundnuts,KG,UGX,Retail,9241.35,2.4977,2.5999,29.9864
2025-11-01,Uganda,Mbale,cereals and tubers,Groundnuts,KG,UGX,Retail,7794.11,2.1065,0.7305,33.465
2025-12-01,Uganda,Mbale,cereals and tubers,Groundnuts,KG,UGX,Retail,7164.0,1.9362,3.9003,34.9879
2026-01-01,Uganda,Mbale,cereals and tubers,Groundnuts,KG,UGX,Retail,6906.27,1.8666,0.2084,33.1849
2026-02-01,Uganda,Mbale,cereals and tubers,Groundnuts,KG,UGX,Retail,6189.57,1.6729,3.4663,32.3864
2026-03-01,Uganda,Mbale,cereals and tubers,Groundnuts,KG,UGX,Retail,6011.23,1.6247,0.3663,33.924
2026-04-01,Uganda,Mbale,cereals and tubers,Groundnuts,KG,UGX,Retail,6138.55,1.6591,1.4624,32.1937
2026-05-01,Uganda,Mbale,cereals and tubers,Groundnuts,KG,UGX,Retail,6822.85,1.844,3.2093,33.7302
2026-06-01,Uganda,Mbale,cereals and tubers,Groundnuts,KG,UGX,Retail,7734.95,2.0905,2.159,34.2297
2026-07-01,Uganda,Mbale,cereals and tubers,Groundnuts,KG,UGX,Retail,8753.68,2.3659,0.7124,29.9057
2018-01-01,Uganda,Mbale,cereals and tubers,Millet,KG,UGX,Retail,1395.79,0.3772,2.902,30.664
2018-02-01,Uganda,Mbale,cereals and tubers,Millet,KG,UGX,Retail,1300.2,0.3514,-1.2915,34.4473
2018-03-01,Uganda,Mbale,cereals and tubers,Millet,KG,UGX,Retail,1340.28,0.3622,1.4891,33.4112
2018-04-01,Uganda,Mbale,cereals and tubers,Millet,KG,UGX,Retail,1581.28,0.4274,3.3177,33.4624
2018-05-01,Uganda,Mbale,cereals and tubers,Millet,KG,UGX,Retail,1614.87,0.4365,4.0899,29.7217
2018-06-01,Uganda,Mbale,cereals and tubers,Millet,KG,UGX,Retail,1824.23,0.493,-0.521,33.484
2018-07-01,Uganda,Mbale,cereals and tubers,Millet,KG,UGX,Retail,2149.31,0.5809,-1.0377,32.118
2018-08-01,Uganda,Mbale,cereals and tubers,Millet,KG,UGX,Retail,2423.6,0.655,0.0761,32.9077
2018-09-01,Uganda,Mbale,cereals and tubers,Millet,KG,UGX,Retail,2448.48,0.6618,3.3001,31.1584
2018-10-01,Uganda,Mbale,cereals and tubers,Millet,KG,UGX,Retail,2261.05,0.6111,3.9186,31.396
2018-11-01,Uganda,Mbale,cereals and tubers,Millet,KG,UGX,Retail,1948.34,0.5266,3.5662,31.3955
2018-12-01,Uganda,Mbale,cereals and tubers,Millet,KG,UGX,Retail,1731.89,0.4681,0.2335,33.9715
2019-01-01,Uganda,Mbale,cereals and tubers,Millet,KG,UGX,Retail,1651.24,0.4463,2.0973,32.9676
2019-02-01,Uganda,Mbale,cereals and tubers,Millet,KG,UGX,Retail,1588.3,0.4293,-1.4288,30.5393
2019-03-01,Uganda,Mbale,cereals and tubers,Millet,KG,UGX,Retail,1570.22,0.4244,-0.8395,33.1319
2019-04-01,Uganda,Mbale,cereals and tubers,Millet,KG,UGX,Retail,1652.61,0.4467,-1.0119,31.6659
2019-05-01,Uganda,Mbale,cereals and tubers,Millet,KG,UGX,Retail,1636.83,0.4424,-0.6686,30.3891
2019-06-01,Uganda,Mbale,cereals and tubers,Millet,KG,UGX,Retail,1854.44,0.5012,1.56,33.6937
2019-07-01,Uganda,Mbale,cereals and tubers,Millet,KG,UGX,Retail,1975.52,0.5339,2.7831,32.9924
2019-08-01,Uganda,Mbale,cereals and tubers,Millet,KG,UGX,Retail,2007.92,0.5427,1.4625,33.0201
2019-09-01,Uganda,Mbale,cereals and tubers,Millet,KG,UGX,Retail,2003.2,0.5414,0.3661,31.3912
2019-10-01,Uganda,Mbale,cereals and tubers,Millet,KG,UGX,Retail,1867.76,0.5048,3.0406,29.899
2019-11-01,Uganda,Mbale,cereals and tubers,Millet,KG,UGX,Retail,1598.56,0.432,3.4274,32.2861
2019-12-01,Uganda,Mbale,cereals and tubers,Millet,KG,UGX,Retail,1373.57,0.3712,0.942,31.4534
2020-01-01,Uganda,Mbale,cereals and tubers,Millet,KG,UGX,Retail,1124.86,0.304,2.4402,33.4953
2020-02-01,Uganda,Mbale,cereals and tubers,Millet,KG,UGX,Retail,1075.18,0.2906,2.5437,33.5019
2020-03-01,Uganda,Mbale,cereals and tubers,Millet,KG,UGX,Retail,1111.86,0.3005,-0.2311,29.67
2020-04-01,Uganda,Mbale,cereals and tubers,Millet,KG,UGX,Retail,1190.09,0.3216,3.4921,32.8916
2020-05-01,Uganda,Mbale,cereals and tubers,Millet,KG,UGX,Retail,1322.39,0.3574,3.778,30.53
2020-06-01,Uganda,Mbale,cereals and tubers,Millet,KG,UGX,Retail,1426.73,0.3856,3.7286,34.475
2020-07-01,Uganda,Mbale,cereals and tubers,Millet,KG,UGX,Retail,1569.37,0.4242,-0.0979,34.8367
2020-08-01,Uganda,Mbale,cereals and tubers,Millet,KG,UGX,Retail,1688.56,0.4564,2.3412,30.8037
2020-09-01,Uganda,Mbale,cereals and tubers,Millet,KG,UGX,Retail,1713.33,0.4631,3.1887,34.2454
2020-10-01,Uganda,Mbale,cereals and tubers,Millet,KG,UGX,Retail,1731.98,0.4681,1.4799,33.3675
2020-11-01,Uganda,Mbale,cereals and tubers,Millet,KG,UGX,Retail,1589.55,0.4296,0.8808,30.0613
2020-12-01,Uganda,Mbale,cereals and tubers,Millet,KG,UGX,Retail,1409.26,0.3809,2.8336,29.7332
2021-01-01,Uganda,Mbale,cereals and tubers,Millet,KG,UGX,Retail,1293.38,0.3496,3.6565,33.4016
2021-02-01,Uganda,Mbale,cereals and tubers,Millet,KG,UGX,Retail,1227.22,0.3317,0.2786,33.7219
2021-03-01,Uganda,Mbale,cereals and tubers,Millet,KG,UGX,Retail,1283.99,0.347,1.1721,32.0775
2021-04-01,Uganda,Mbale,cereals and tubers,Millet,KG,UGX,Retail,1435.83,0.3881,2.6119,30.1562
2021-05-01,Uganda,Mbale,cereals and tubers,Millet,KG,UGX,Retail,1603.65,0.4334,-0.5313,29.8513
2021-06-01,Uganda,Mbale,cereals and tubers,Millet,KG,UGX,Retail,1836.65,0.4964,3.4552,30.5512
2021-07-01,Uganda,Mbale,cereals and tubers,Millet,KG,UGX,Retail,2008.29,0.5428,-0.7129,33.5719
2021-08-01,Uganda,Mbale,cereals and tubers,Millet,KG,UGX,Retail,2231.3,0.6031,3.8787,33.1874
2021-09-01,Uganda,Mbale,cereals and tubers,Millet,KG,UGX,Retail,2278.98,0.6159,2.2428,29.8183
2021-10-01,Uganda,Mbale,cereals and tubers,Millet,KG,UGX,Retail,2050.37,0.5542,3.9516,31.0912
2021-11-01,Uganda,Mbale,cereals and tubers,Millet,KG,UGX,Retail,1854.96,0.5013,-0.3491,32.5563
2021-12-01,Uganda,Mbale,cereals and tubers,Millet,KG,UGX,Retail,1658.59,0.4483,3.857,31.4318
2022-01-01,Uganda,Mbale,cereals and tubers,Millet,KG,UGX,Retail,1571.59,0.4248,2.5836,30.7942
2022-02-01,Uganda,Mbale,cereals and tubers,Millet,KG,UGX,Retail,1489.03,0.4024,2.2359,33.726
2022-03-01,Uganda,Mbale,cereals and tubers,Millet,KG,UGX,Retail,1289.71,0.3486,-0.3469,30.3834
2022-04-01,Uganda,Mbale,cereals and tubers,Millet,KG,UGX,Retail,1402.23,0.379,1.0892,34.3441
2022-05-01,Uganda,Mbale,cereals and tubers,Millet,KG,UGX,Retail,1466.12,0.3962,2.3103,31.6331
2022-06-01,Uganda,Mbale,cereals and tubers,Millet,KG,UGX,Retail,1717.13,0.4641,3.2551,33.14
2022-07-01,Uganda,Mbale,cereals and tubers,Millet,KG,UGX,Retail,1993.95,0.5389,3.7107,32.292
2022-08-01,Uganda,Mbale,cereals and tubers,Millet,KG,UGX,Retail,2187.45,0.5912,1.2544,33.2434
2022-09-01,Uganda,Mbale,cereals and tubers,Millet,KG,UGX,Retail,2305.7,0.6232,3.3096,32.479
2022-10-01,Uganda,Mbale,cereals and tubers,Millet,KG,UGX,Retail,2258.64,0.6104,3.3947,32.0998
2022-11-01,Uganda,Mbale,cereals and tubers,Millet,KG,UGX,Retail,2015.13,0.5446,-0.9088,31.5575
2022-12-01,Uganda,Mbale,cereals and tubers,Millet,KG,UGX,Retail,1808.77,0.4889,-0.4705,32.7742
2023-01-01,Uganda,Mbale,cereals and tubers,Millet,KG,UGX,Retail,1658.38,0.4482,-0.225,32.6299
2023-02-01,Uganda,Mbale,cereals and tubers,Millet,KG,UGX,Retail,1564.21,0.4228,2.1461,33.3288
2023-03-01,Uganda,Mbale,cereals and tubers,Millet,KG,UGX,Retail,1656.04,0.4476,-1.0019,32.243
2023-04-01,Uganda,Mbale,cereals and tubers,Millet,KG,UGX,Retail,1648.33,0.4455,1.4368,33.5216
2023-05-01,Uganda,Mbale,cereals and tubers,Millet,KG,UGX,Retail,1989.59,0.5377,1.0551,34.7076
2023-06-01,Uganda,Mbale,cereals and tubers,Millet,KG,UGX,Retail,1892.47,0.5115,3.516,33.9207
2023-07-01,Uganda,Mbale,cereals and tubers,Millet,KG,UGX,Retail,2082.46,0.5628,-0.6287,30.4417
2023-08-01,Uganda,Mbale,cereals and tubers,Millet,KG,UGX,Retail,2286.01,0.6178,-0.1679,34.3202
2023-09-01,Uganda,Mbale,cereals and tubers,Millet,KG,UGX,Retail,2293.96,0.62,1.1319,32.9454
2023-10-01,Uganda,Mbale,cereals and tubers,Millet,KG,UGX,Retail,1994.15,0.539,0.9417,34.6678
2023-11-01,Uganda,Mbale,cereals and tubers,Millet,KG,UGX,Retail,2000.83,0.5408,3.753,34.9687
2023-12-01,Uganda,Mbale,cereals and tubers,Millet,KG,UGX,Retail,1717.93,0.4643,1.5289,30.5278
2024-01-01,Uganda,Mbale,cereals and tubers,Millet,KG,UGX,Retail,1734.47,0.4688,4.1404,34.4432
2024-02-01,Uganda,Mbale,cereals and tubers,Millet,KG,UGX,Retail,1564.1,0.4227,-0.2839,32.5285
2024-03-01,Uganda,Mbale,cereals and tubers,Millet,KG,UGX,Retail,1519.77,0.4107,3.6267,30.6322
2024-04-01,Uganda,Mbale,cereals and tubers,Millet,KG,UGX,Retail,1581.74,0.4275,-1.4307,30.5825
2024-05-01,Uganda,Mbale,cereals and tubers,Millet,KG,UGX,Retail,1721.55,0.4653,-1.0583,34.2858
2024-06-01,Uganda,Mbale,cereals and tubers,Millet,KG,UGX,Retail,1961.9,0.5302,-0.0495,33.8296
2024-07-01,Uganda,Mbale,cereals and tubers,Millet,KG,UGX,Retail,2126.22,0.5747,2.9205,31.3442
2024-08-01,Uganda,Mbale,cereals and tubers,Millet,KG,UGX,Retail,2175.39,0.5879,0.6752,30.6134
2024-09-01,Uganda,Mbale,cereals and tubers,Millet,KG,UGX,Retail,2100.18,0.5676,2.7797,33.6668
2024-10-01,Uganda,Mbale,cereals and tubers,Millet,KG,UGX,Retail,1850.09,0.5,1.4567,33.7244
2024-11-01,Uganda,Mbale,cereals and tubers,Millet,KG,UGX,Retail,1717.11,0.4641,-1.0902,31.6316
2024-12-01,Uganda,Mbale,cereals and tubers,Millet,KG,UGX,Retail,1631.1,0.4408,0.6355,30.1063
2025-01-01,Uganda,Mbale,cereals and tubers,Millet,KG,UGX,Retail,1569.86,0.4243,2.3289,33.8759
2025-02-01,Uganda,Mbale,cereals and tubers,Millet,KG,UGX,Retail,1447.49,0.3912,0.7594,34.6486
2025-03-01,Uganda,Mbale,cereals and tubers,Millet,KG,UGX,Retail,1325.75,0.3583,1.5078,30.717
2025-04-01,Uganda,Mbale,cereals and tubers,Millet,KG,UGX,Retail,1435.72,0.388,1.8728,33.29
2025-05-01,Uganda,Mbale,cereals and tubers,Millet,KG,UGX,Retail,1629.0,0.4403,3.7158,34.7249
2025-06-01,Uganda,Mbale,cereals and tubers,Millet,KG,UGX,Retail,1844.21,0.4984,4.0059,34.5217
2025-07-01,Uganda,Mbale,cereals and tubers,Millet,KG,UGX,Retail,2053.54,0.555,2.1344,30.5637
2025-08-01,Uganda,Mbale,cereals and tubers,Millet,KG,UGX,Retail,2140.69,0.5786,0.1958,32.2089
2025-09-01,Uganda,Mbale,cereals and tubers,Millet,KG,UGX,Retail,2138.0,0.5778,-0.156,29.7573
2025-10-01,Uganda,Mbale,cereals and tubers,Millet,KG,UGX,Retail,2084.69,0.5634,3.5689,34.9881
2025-11-01,Uganda,Mbale,cereals and tubers,Millet,KG,UGX,Retail,1938.33,0.5239,-0.0172,34.2068
2025-12-01,Uganda,Mbale,cereals and tubers,Millet,KG,UGX,Retail,1786.4,0.4828,4.0532,33.4601
2026-01-01,Uganda,Mbale,cereals and tubers,Millet,KG,UGX,Retail,1606.2,0.4341,-0.9491,29.6983
2026-02-01,Uganda,Mbale,cereals and tubers,Millet,KG,UGX,Retail,1487.14,0.4019,0.8589,34.1504
2026-03-01,Uganda,Mbale,cereals and tubers,Millet,KG,UGX,Retail,1486.71,0.4018,0.9618,30.8204
2026-04-01,Uganda,Mbale,cereals and tubers,Millet,KG,UGX,Retail,1691.97,0.4573,-0.5709,33.2019
2026-05-01,Uganda,Mbale,cereals and tubers,Millet,KG,UGX,Retail,1768.46,0.478,3.1174,32.0275
2026-06-01,Uganda,Mbale,cereals and tubers,Millet,KG,UGX,Retail,2007.44,0.5426,3.2675,33.3314
2026-07-01,Uganda,Mbale,cereals and tubers,Millet,KG,UGX,Retail,2101.1,0.5679,1.5101,34.3303
2018-01-01,Uganda,Lira,cereals and tubers,Maize,KG,UGX,Retail,1093.67,0.2956,3.0385,30.318
2018-02-01,Uganda,Lira,cereals and tubers,Maize,KG,UGX,Retail,1076.03,0.2908,0.5098,30.2777
2018-03-01,Uganda,Lira,cereals and tubers,Maize,KG,UGX,Retail,1036.62,0.2802,3.3053,33.8045
2018-04-01,Uganda,Lira,cereals and tubers,Maize,KG,UGX,Retail,1078.75,0.2916,-0.8367,30.9351
2018-05-01,Uganda,Lira,cereals and tubers,Maize,KG,UGX,Retail,1248.15,0.3373,2.6784,30.764
2018-06-01,Uganda,Lira,cereals and tubers,Maize,KG,UGX,Retail,1444.49,0.3904,-1.3161,32.823
2018-07-01,Uganda,Lira,cereals and tubers,Maize,KG,UGX,Retail,1649.38,0.4458,2.2249,32.6704
2018-08-01,Uganda,Lira,cereals and tubers,Maize,KG,UGX,Retail,1798.5,0.4861,1.1946,34.2447
2018-09-01,Uganda,Lira,cereals and tubers,Maize,KG,UGX,Retail,1844.46,0.4985,-1.0203,33.9745
2018-10-01,Uganda,Lira,cereals and tubers,Maize,KG,UGX,Retail,1920.95,0.5192,2.2251,30.5732
2018-11-01,Uganda,Lira,cereals and tubers,Maize,KG,UGX,Retail,1698.73,0.4591,3.5193,30.7633
2018-12-01,Uganda,Lira,cereals and tubers,Maize,KG,UGX,Retail,1504.47,0.4066,-0.0322,32.2327
2019-01-01,Uganda,Lira,cereals and tubers,Maize,KG,UGX,Retail,1247.2,0.3371,2.1668,34.5629
2019-02-01,Uganda,Lira,cereals and tubers,Maize,KG,UGX,Retail,1167.07,0.3154,0.7276,30.8497
2019-03-01,Uganda,Lira,cereals and tubers,Maize,KG,UGX,Retail,1125.29,0.3041,2.6958,30.0339
2019-04-01,Uganda,Lira,cereals and tubers,Maize,KG,UGX,Retail,1147.03,0.31,3.5496,32.7154
2019-05-01,Uganda,Lira,cereals and tubers,Maize,KG,UGX,Retail,1246.88,0.337,2.5143,32.3361
2019-06-01,Uganda,Lira,cereals and tubers,Maize,KG,UGX,Retail,1372.06,0.3708,2.3899,29.624
2019-07-01,Uganda,Lira,cereals and tubers,Maize,KG,UGX,Retail,1597.62,0.4318,-0.0296,33.3921
2019-08-01,Uganda,Lira,cereals and tubers,Maize,KG,UGX,Retail,1694.93,0.4581,2.7605,32.3695
2019-09-01,Uganda,Lira,cereals and tubers,Maize,KG,UGX,Retail,1675.1,0.4527,-0.9091,30.6942
2019-10-01,Uganda,Lira,cereals and tubers,Maize,KG,UGX,Retail,1555.47,0.4204,1.6433,34.6686
2019-11-01,Uganda,Lira,cereals and tubers,Maize,KG,UGX,Retail,1344.2,0.3633,2.2967,30.4237
2019-12-01,Uganda,Lira,cereals and tubers,Maize,KG,UGX,Retail,1233.88,0.3335,-1.4354,33.142
2020-01-01,Uganda,Lira,cereals and tubers,Maize,KG,UGX,Retail,1139.62,0.308,-0.4722,32.6181
2020-02-01,Uganda,Lira,cereals and tubers,Maize,KG,UGX,Retail,1078.05,0.2914,1.1864,31.268
2020-03-01,Uganda,Lira,cereals and tubers,Maize,KG,UGX,Retail,1145.13,0.3095,0.1567,32.5271
2020-04-01,Uganda,Lira,cereals and tubers,Maize,KG,UGX,Retail,1187.27,0.3209,2.2858,31.343
2020-05-01,Uganda,Lira,cereals and tubers,Maize,KG,UGX,Retail,1267.21,0.3425,-1.027,32.5467
2020-06-01,Uganda,Lira,cereals and tubers,Maize,KG,UGX,Retail,1372.26,0.3709,2.8202,34.1787
2020-07-01,Uganda,Lira,cereals and tubers,Maize,KG,UGX,Retail,1548.56,0.4185,-1.0352,31.709
2020-08-01,Uganda,Lira,cereals and tubers,Maize,KG,UGX,Retail,1691.71,0.4572,0.6478,32.9942
2020-09-01,Uganda,Lira,cereals and tubers,Maize,KG,UGX,Retail,1689.94,0.4567,3.8388,31.8107
2020-10-01,Uganda,Lira,cereals and tubers,Maize,KG,UGX,Retail,1577.99,0.4265,0.221,32.8718
2020-11-01,Uganda,Lira,cereals and tubers,Maize,KG,UGX,Retail,1429.44,0.3863,0.0332,31.4337
2020-12-01,Uganda,Lira,cereals and tubers,Maize,KG,UGX,Retail,1161.4,0.3139,3.8588,31.492
2021-01-01,Uganda,Lira,cereals and tubers,Maize,KG,UGX,Retail,1057.37,0.2858,0.8976,31.4999
2021-02-01,Uganda,Lira,cereals and tubers,Maize,KG,UGX,Retail,1059.46,0.2863,1.144,33.2681
2021-03-01,Uganda,Lira,cereals and tubers,Maize,KG,UGX,Retail,1082.38,0.2925,2.0857,30.9466
2021-04-01,Uganda,Lira,cereals and tubers,Maize,KG,UGX,Retail,1044.9,0.2824,0.7907,31.8807
2021-05-01,Uganda,Lira,cereals and tubers,Maize,KG,UGX,Retail,1037.83,0.2805,0.088,32.1322
2021-06-01,Uganda,Lira,cereals and tubers,Maize,KG,UGX,Retail,1135.31,0.3068,-0.4823,32.8588
2021-07-01,Uganda,Lira,cereals and tubers,Maize,KG,UGX,Retail,1260.64,0.3407,2.1278,31.3781
2021-08-01,Uganda,Lira,cereals and tubers,Maize,KG,UGX,Retail,1301.54,0.3518,1.1805,32.3231
2021-09-01,Uganda,Lira,cereals and tubers,Maize,KG,UGX,Retail,1331.57,0.3599,2.1497,34.3048
2021-10-01,Uganda,Lira,cereals and tubers,Maize,KG,UGX,Retail,1235.32,0.3339,0.5855,33.014
2021-11-01,Uganda,Lira,cereals and tubers,Maize,KG,UGX,Retail,1199.0,0.3241,3.9542,31.8807
2021-12-01,Uganda,Lira,cereals and tubers,Maize,KG,UGX,Retail,1043.09,0.2819,0.7382,33.5843
2022-01-01,Uganda,Lira,cereals and tubers,Maize,KG,UGX,Retail,956.74,0.2586,3.7396,30.4483
2022-02-01,Uganda,Lira,cereals and tubers,Maize,KG,UGX,Retail,871.61,0.2356,2.8031,33.0075
2022-03-01,Uganda,Lira,cereals and tubers,Maize,KG,UGX,Retail,869.88,0.2351,0.2887,34.1793
2022-04-01,Uganda,Lira,cereals and tubers,Maize,KG,UGX,Retail,912.85,0.2467,-0.3859,30.2831
2022-05-01,Uganda,Lira,cereals and tubers,Maize,KG,UGX,Retail,1043.8,0.2821,-0.5968,33.8894
2022-06-01,Uganda,Lira,cereals and tubers,Maize,KG,UGX,Retail,1196.02,0.3232,1.2181,31.0879
2022-07-01,Uganda,Lira,cereals and tubers,Maize,KG,UGX,Retail,1382.7,0.3737,2.6164,33.8015
2022-08-01,Uganda,Lira,cereals and tubers,Maize,KG,UGX,Retail,1487.47,0.402,1.8289,34.6744
2022-09-01,Uganda,Lira,cereals and tubers,Maize,KG,UGX,Retail,1405.95,0.38,1.4643,31.078
2022-10-01,Uganda,Lira,cereals and tubers,Maize,KG,UGX,Retail,1306.66,0.3532,2.7002,31.4077
2022-11-01,Uganda,Lira,cereals and tubers,Maize,KG,UGX,Retail,1104.44,0.2985,3.9304,31.9723
2022-12-01,Uganda,Lira,cereals and tubers,Maize,KG,UGX,Retail,893.3,0.2414,2.2993,29.6514
2023-01-01,Uganda,Lira,cereals and tubers,Maize,KG,UGX,Retail,822.75,0.2224,1.4962,32.2446
2023-02-01,Uganda,Lira,cereals and tubers,Maize,KG,UGX,Retail,736.83,0.1991,1.4435,31.3484
2023-03-01,Uganda,Lira,cereals and tubers,Maize,KG,UGX,Retail,751.82,0.2032,0.8672,34.4325
2023-04-01,Uganda,Lira,cereals and tubers,Maize,KG,UGX,Retail,807.65,0.2183,0.3512,30.6384
2023-05-01,Uganda,Lira,cereals and tubers,Maize,KG,UGX,Retail,883.44,0.2388,-0.7391,33.7083
2023-06-01,Uganda,Lira,cereals and tubers,Maize,KG,UGX,Retail,886.97,0.2397,2.292,31.0456
2023-07-01,Uganda,Lira,cereals and tubers,Maize,KG,UGX,Retail,1010.46,0.2731,-0.3601,33.5432
2023-08-01,Uganda,Lira,cereals and tubers,Maize,KG,UGX,Retail,1025.03,0.277,-0.2361,34.747
2023-09-01,Uganda,Lira,cereals and tubers,Maize,KG,UGX,Retail,988.51,0.2672,1.6797,33.3886
2023-10-01,Uganda,Lira,cereals and tubers,Maize,KG,UGX,Retail,896.11,0.2422,1.0352,29.9663
2023-11-01,Uganda,Lira,cereals and tubers,Maize,KG,UGX,Retail,834.41,0.2255,0.8747,34.4149
2023-12-01,Uganda,Lira,cereals and tubers,Maize,KG,UGX,Retail,761.7,0.2059,3.7645,30.3616
2024-01-01,Uganda,Lira,cereals and tubers,Maize,KG,UGX,Retail,766.6,0.2072,0.2545,30.5816
2024-02-01,Uganda,Lira,cereals and tubers,Maize,KG,UGX,Retail,771.53,0.2085,2.2372,30.8591
2024-03-01,Uganda,Lira,cereals and tubers,Maize,KG,UGX,Retail,776.5,0.2099,4.0827,31.3062
2024-04-01,Uganda,Lira,cereals and tubers,Maize,KG,UGX,Retail,799.61,0.2161,-0.6859,30.2443
2024-05-01,Uganda,Lira,cereals and tubers,Maize,KG,UGX,Retail,852.44,0.2304,2.7445,31.2008
2024-06-01,Uganda,Lira,cereals and tubers,Maize,KG,UGX,Retail,943.82,0.2551,2.1524,31.2264
2024-07-01,Uganda,Lira,cereals and tubers,Maize,KG,UGX,Retail,1080.54,0.292,3.8226,31.1733
2024-08-01,Uganda,Lira,cereals and tubers,Maize,KG,UGX,Retail,1158.54,0.3131,3.0988,33.3353
2024-09-01,Uganda,Lira,cereals and tubers,Maize,KG,UGX,Retail,1164.81,0.3148,2.9036,32.5155
2024-10-01,Uganda,Lira,cereals and tubers,Maize,KG,UGX,Retail,1092.92,0.2954,2.5977,33.3673
2024-11-01,Uganda,Lira,cereals and tubers,Maize,KG,UGX,Retail,939.96,0.254,0.6782,34.0741
2024-12-01,Uganda,Lira,cereals and tubers,Maize,KG,UGX,Retail,822.64,0.2223,-0.6123,31.4639
2025-01-01,Uganda,Lira,cereals and tubers,Maize,KG,UGX,Retail,827.93,0.2238,2.2801,30.8475
2025-02-01,Uganda,Lira,cereals and tubers,Maize,KG,UGX,Retail,833.26,0.2252,1.4254,30.4232
2025-03-01,Uganda,Lira,cereals and tubers,Maize,KG,UGX,Retail,845.41,0.2285,1.4738,33.5588
2025-04-01,Uganda,Lira,cereals and tubers,Maize,KG,UGX,Retail,915.37,0.2474,-0.1729,31.1934
2025-05-01,Uganda,Lira,cereals and tubers,Maize,KG,UGX,Retail,977.29,0.2641,-1.3566,34.8549
2025-06-01,Uganda,Lira,cereals and tubers,Maize,KG,UGX,Retail,1040.82,0.2813,-0.7881,34.3032
2025-07-01,Uganda,Lira,cereals and tubers,Maize,KG,UGX,Retail,1186.48,0.3207,0.9856,33.1047
2025-08-01,Uganda,Lira,cereals and tubers,Maize,KG,UGX,Retail,1233.62,0.3334,-0.9335,30.916
2025-09-01,Uganda,Lira,cereals and tubers,Maize,KG,UGX,Retail,1162.83,0.3143,2.9496,34.969
2025-10-01,Uganda,Lira,cereals and tubers,Maize,KG,UGX,Retail,1134.03,0.3065,3.8859,31.4559
2025-11-01,Uganda,Lira,cereals and tubers,Maize,KG,UGX,Retail,988.13,0.2671,3.5316,30.5222
2025-12-01,Uganda,Lira,cereals and tubers,Maize,KG,UGX,Retail,888.45,0.2401,1.8115,34.1567
2026-01-01,Uganda,Lira,cereals and tubers,Maize,KG,UGX,Retail,894.16,0.2417,3.35,31.4529
2026-02-01,Uganda,Lira,cereals and tubers,Maize,KG,UGX,Retail,899.92,0.2432,0.4372,34.522
2026-03-01,Uganda,Lira,cereals and tubers,Maize,KG,UGX,Retail,905.71,0.2448,1.7734,30.3998
2026-04-01,Uganda,Lira,cereals and tubers,Maize,KG,UGX,Retail,931.81,0.2518,3.0482,30.8626
2026-05-01,Uganda,Lira,cereals and tubers,Maize,KG,UGX,Retail,1060.93,0.2867,0.6746,31.7893
2026-06-01,Uganda,Lira,cereals and tubers,Maize,KG,UGX,Retail,1123.59,0.3037,1.7178,31.9109
2026-07-01,Uganda,Lira,cereals and tubers,Maize,KG,UGX,Retail,1222.15,0.3303,1.1098,30.2925
2018-01-01,Uganda,Lira,cereals and tubers,Beans,KG,UGX,Retail,3278.72,0.8861,0.358,32.8555
2018-02-01,Uganda,Lira,cereals and tubers,Beans,KG,UGX,Retail,3077.43,0.8317,1.6358,31.0559
2018-03-01,Uganda,Lira,cereals and tubers,Beans,KG,UGX,Retail,3227.63,0.8723,-1.3389,32.1327
2018-04-01,Uganda,Lira,cereals and tubers,Beans,KG,UGX,Retail,3256.89,0.8802,0.3839,29.6841
2018-05-01,Uganda,Lira,cereals and tubers,Beans,KG,UGX,Retail,3401.0,0.9192,2.872,30.1412
2018-06-01,Uganda,Lira,cereals and tubers,Beans,KG,UGX,Retail,3592.3,0.9709,1.8299,32.3249
2018-07-01,Uganda,Lira,cereals and tubers,Beans,KG,UGX,Retail,4416.85,1.1937,0.4146,33.4358
2018-08-01,Uganda,Lira,cereals and tubers,Beans,KG,UGX,Retail,4773.28,1.2901,2.9359,31.0551
2018-09-01,Uganda,Lira,cereals and tubers,Beans,KG,UGX,Retail,4696.42,1.2693,-0.6559,32.2753
2018-10-01,Uganda,Lira,cereals and tubers,Beans,KG,UGX,Retail,4437.61,1.1994,-0.3966,33.0114
2018-11-01,Uganda,Lira,cereals and tubers,Beans,KG,UGX,Retail,4220.23,1.1406,1.6838,33.0386
2018-12-01,Uganda,Lira,cereals and tubers,Beans,KG,UGX,Retail,3620.35,0.9785,2.2343,30.1564
2019-01-01,Uganda,Lira,cereals and tubers,Beans,KG,UGX,Retail,3221.39,0.8706,2.1239,30.7643
2019-02-01,Uganda,Lira,cereals and tubers,Beans,KG,UGX,Retail,3128.09,0.8454,3.7479,34.7227
2019-03-01,Uganda,Lira,cereals and tubers,Beans,KG,UGX,Retail,3115.7,0.8421,2.5866,33.1803
2019-04-01,Uganda,Lira,cereals and tubers,Beans,KG,UGX,Retail,3413.97,0.9227,0.0137,30.7165
2019-05-01,Uganda,Lira,cereals and tubers,Beans,KG,UGX,Retail,3490.09,0.9433,3.9324,34.1662
2019-06-01,Uganda,Lira,cereals and tubers,Beans,KG,UGX,Retail,4090.18,1.1055,1.5212,30.6382
2019-07-01,Uganda,Lira,cereals and tubers,Beans,KG,UGX,Retail,4423.28,1.1955,-1.1295,33.0701
2019-08-01,Uganda,Lira,cereals and tubers,Beans,KG,UGX,Retail,4826.79,1.3045,3.2795,34.3064
2019-09-01,Uganda,Lira,cereals and tubers,Beans,KG,UGX,Retail,4938.45,1.3347,2.7353,30.3274
2019-10-01,Uganda,Lira,cereals and tubers,Beans,KG,UGX,Retail,4923.7,1.3307,1.4386,29.8671
2019-11-01,Uganda,Lira,cereals and tubers,Beans,KG,UGX,Retail,4480.64,1.211,0.0454,30.2887
2019-12-01,Uganda,Lira,cereals and tubers,Beans,KG,UGX,Retail,4050.25,1.0947,0.1434,32.3063
2020-01-01,Uganda,Lira,cereals and tubers,Beans,KG,UGX,Retail,3115.03,0.8419,1.7299,31.8221
2020-02-01,Uganda,Lira,cereals and tubers,Beans,KG,UGX,Retail,2825.66,0.7637,-0.2318,30.5693
2020-03-01,Uganda,Lira,cereals and tubers,Beans,KG,UGX,Retail,2763.82,0.747,0.9356,33.9037
2020-04-01,Uganda,Lira,cereals and tubers,Beans,KG,UGX,Retail,3026.6,0.818,2.021,33.4377
2020-05-01,Uganda,Lira,cereals and tubers,Beans,KG,UGX,Retail,3551.37,0.9598,-0.6691,30.9297
2020-06-01,Uganda,Lira,cereals and tubers,Beans,KG,UGX,Retail,3976.8,1.0748,2.0946,29.8055
2020-07-01,Uganda,Lira,cereals and tubers,Beans,KG,UGX,Retail,4272.62,1.1548,2.977,32.6644
2020-08-01,Uganda,Lira,cereals and tubers,Beans,KG,UGX,Retail,4806.61,1.2991,3.5152,30.9019
2020-09-01,Uganda,Lira,cereals and tubers,Beans,KG,UGX,Retail,4766.04,1.2881,1.9987,34.3651
2020-10-01,Uganda,Lira,cereals and tubers,Beans,KG,UGX,Retail,4566.48,1.2342,2.3834,30.4228
2020-11-01,Uganda,Lira,cereals and tubers,Beans,KG,UGX,Retail,4204.09,1.1362,3.6386,30.237
2020-12-01,Uganda,Lira,cereals and tubers,Beans,KG,UGX,Retail,3676.25,0.9936,2.9172,31.5576
2021-01-01,Uganda,Lira,cereals and tubers,Beans,KG,UGX,Retail,3270.32,0.8839,3.0592,30.5717
2021-02-01,Uganda,Lira,cereals and tubers,Beans,KG,UGX,Retail,3063.46,0.828,0.2871,30.163
2021-03-01,Uganda,Lira,cereals and tubers,Beans,KG,UGX,Retail,3295.97,0.8908,0.3164,34.2797
2021-04-01,Uganda,Lira,cereals and tubers,Beans,KG,UGX,Retail,3408.04,0.9211,3.3396,31.3407
2021-05-01,Uganda,Lira,cereals and tubers,Beans,KG,UGX,Retail,4040.18,1.0919,3.589,32.0459
2021-06-01,Uganda,Lira,cereals and tubers,Beans,KG,UGX,Retail,4879.04,1.3187,3.2148,31.0995
2021-07-01,Uganda,Lira,cereals and tubers,Beans,KG,UGX,Retail,4840.38,1.3082,2.0615,32.787
2021-08-01,Uganda,Lira,cereals and tubers,Beans,KG,UGX,Retail,5117.78,1.3832,1.8328,33.8679
2021-09-01,Uganda,Lira,cereals and tubers,Beans,KG,UGX,Retail,5903.64,1.5956,-0.1188,33.515
2021-10-01,Uganda,Lira,cereals and tubers,Beans,KG,UGX,Retail,5740.32,1.5514,3.9394,30.397
2021-11-01,Uganda,Lira,cereals and tubers,Beans,KG,UGX,Retail,5223.02,1.4116,2.8611,33.3903
2021-12-01,Uganda,Lira,cereals and tubers,Beans,KG,UGX,Retail,4387.29,1.1858,-1.3735,32.3408
2022-01-01,Uganda,Lira,cereals and tubers,Beans,KG,UGX,Retail,3816.47,1.0315,0.152,34.6065
2022-02-01,Uganda,Lira,cereals and tubers,Beans,KG,UGX,Retail,3547.45,0.9588,3.8251,32.3206
2022-03-01,Uganda,Lira,cereals and tubers,Beans,KG,UGX,Retail,3859.95,1.0432,0.1164,33.0232
2022-04-01,Uganda,Lira,cereals and tubers,Beans,KG,UGX,Retail,4044.93,1.0932,3.7677,30.5682
2022-05-01,Uganda,Lira,cereals and tubers,Beans,KG,UGX,Retail,4927.11,1.3317,3.9091,30.129
2022-06-01,Uganda,Lira,cereals and tubers,Beans,KG,UGX,Retail,5578.85,1.5078,-1.1548,30.0158
2022-07-01,Uganda,Lira,cereals and tubers,Beans,KG,UGX,Retail,6464.05,1.747,1.6428,32.6943
2022-08-01,Uganda,Lira,cereals and tubers,Beans,KG,UGX,Retail,7539.88,2.0378,2.7314,34.9578
2022-09-01,Uganda,Lira,cereals and tubers,Beans,KG,UGX,Retail,7734.73,2.0905,0.3436,31.3445
2022-10-01,Uganda,Lira,cereals and tubers,Beans,KG,UGX,Retail,7235.74,1.9556,0.4837,33.2544
2022-11-01,Uganda,Lira,cereals and tubers,Beans,KG,UGX,Retail,6439.71,1.7405,1.9645,34.0767
2022-12-01,Uganda,Lira,cereals and tubers,Beans,KG,UGX,Retail,5641.02,1.5246,1.2085,31.0417
2023-01-01,Uganda,Lira,cereals and tubers,Beans,KG,UGX,Retail,5177.63,1.3994,-0.0043,34.1553
2023-02-01,Uganda,Lira,cereals and tubers,Beans,KG,UGX,Retail,4929.07,1.3322,-0.7641,30.8958
2023-03-01,Uganda,Lira,cereals and tubers,Beans,KG,UGX,Retail,4889.22,1.3214,3.7228,31.223
2023-04-01,Uganda,Lira,cereals and tubers,Beans,KG,UGX,Retail,5155.94,1.3935,0.8174,34.8259
2023-05-01,Uganda,Lira,cereals and tubers,Beans,KG,UGX,Retail,5456.58,1.4748,-0.6469,32.9143
2023-06-01,Uganda,Lira,cereals and tubers,Beans,KG,UGX,Retail,6200.89,1.6759,2.8777,32.2398
2023-07-01,Uganda,Lira,cereals and tubers,Beans,KG,UGX,Retail,6790.51,1.8353,-0.3518,29.9027
2023-08-01,Uganda,Lira,cereals and tubers,Beans,KG,UGX,Retail,6877.79,1.8589,-1.1469,31.7331
2023-09-01,Uganda,Lira,cereals and tubers,Beans,KG,UGX,Retail,6642.49,1.7953,3.3125,29.784
2023-10-01,Uganda,Lira,cereals and tubers,Beans,KG,UGX,Retail,6429.98,1.7378,2.3182,32.3
2023-11-01,Uganda,Lira,cereals and tubers,Beans,KG,UGX,Retail,5741.24,1.5517,3.0915,30.7691
2023-12-01,Uganda,Lira,cereals and tubers,Beans,KG,UGX,Retail,4658.73,1.2591,2.7722,32.8839
2024-01-01,Uganda,Lira,cereals and tubers,Beans,KG,UGX,Retail,4149.49,1.1215,2.4485,34.5215
2024-02-01,Uganda,Lira,cereals and tubers,Beans,KG,UGX,Retail,4007.3,1.0831,2.0778,30.7781
2024-03-01,Uganda,Lira,cereals and tubers,Beans,KG,UGX,Retail,3713.52,1.0037,0.9167,31.7059
2024-04-01,Uganda,Lira,cereals and tubers,Beans,KG,UGX,Retail,4144.86,1.1202,3.0751,31.6494
2024-05-01,Uganda,Lira,cereals and tubers,Beans,KG,UGX,Retail,4581.44,1.2382,0.5216,34.1345
2024-06-01,Uganda,Lira,cereals and tubers,Beans,KG,UGX,Retail,5014.36,1.3552,0.6981,33.4018
2024-07-01,Uganda,Lira,cereals and tubers,Beans,KG,UGX,Retail,5479.14,1.4808,1.2513,31.8973
2024-08-01,Uganda,Lira,cereals and tubers,Beans,KG,UGX,Retail,6144.41,1.6607,1.8354,31.8976
2024-09-01,Uganda,Lira,cereals and tubers,Beans,KG,UGX,Retail,6201.86,1.6762,0.7784,32.0462
2024-10-01,Uganda,Lira,cereals and tubers,Beans,KG,UGX,Retail,6343.81,1.7145,4.125,31.0077
2024-11-01,Uganda,Lira,cereals and tubers,Beans,KG,UGX,Retail,6462.19,1.7465,-0.4917,33.323
2024-12-01,Uganda,Lira,cereals and tubers,Beans,KG,UGX,Retail,5520.25,1.492,0.7151,30.7021
2025-01-01,Uganda,Lira,cereals and tubers,Beans,KG,UGX,Retail,4908.41,1.3266,1.0261,32.8815
2025-02-01,Uganda,Lira,cereals and tubers,Beans,KG,UGX,Retail,4908.28,1.3266,-0.8846,29.9637
2025-03-01,Uganda,Lira,cereals and tubers,Beans,KG,UGX,Retail,4476.55,1.2099,1.1955,30.9207
2025-04-01,Uganda,Lira,cereals and tubers,Beans,KG,UGX,Retail,4940.15,1.3352,-1.4643,31.4959
2025-05-01,Uganda,Lira,cereals and tubers,Beans,KG,UGX,Retail,6026.07,1.6287,-0.7682,29.6243
2025-06-01,Uganda,Lira,cereals and tubers,Beans,KG,UGX,Retail,6594.94,1.7824,3.8083,32.9563
2025-07-01,Uganda,Lira,cereals and tubers,Beans,KG,UGX,Retail,6781.13,1.8327,4.141,34.8682
2025-08-01,Uganda,Lira,cereals and tubers,Beans,KG,UGX,Retail,6669.47,1.8026,-0.8851,33.492
2025-09-01,Uganda,Lira,cereals and tubers,Beans,KG,UGX,Retail,7295.47,1.9717,2.9386,32.9707
2025-10-01,Uganda,Lira,cereals and tubers,Beans,KG,UGX,Retail,7344.89,1.9851,4.0741,29.9948
2025-11-01,Uganda,Lira,cereals and tubers,Beans,KG,UGX,Retail,6514.09,1.7606,3.2356,30.3836
2025-12-01,Uganda,Lira,cereals and tubers,Beans,KG,UGX,Retail,5800.38,1.5677,0.1045,30.9146
2026-01-01,Uganda,Lira,cereals and tubers,Beans,KG,UGX,Retail,5079.1,1.3727,1.7276,31.7667
2026-02-01,Uganda,Lira,cereals and tubers,Beans,KG,UGX,Retail,4726.4,1.2774,0.2357,34.6839
2026-03-01,Uganda,Lira,cereals and tubers,Beans,KG,UGX,Retail,5091.92,1.3762,3.9789,31.49
2026-04-01,Uganda,Lira,cereals and tubers,Beans,KG,UGX,Retail,5444.94,1.4716,2.9532,34.0678
2026-05-01,Uganda,Lira,cereals and tubers,Beans,KG,UGX,Retail,5943.07,1.6062,2.0646,33.1695
2026-06-01,Uganda,Lira,cereals and tubers,Beans,KG,UGX,Retail,6810.08,1.8406,1.6494,30.9133
2026-07-01,Uganda,Lira,cereals and tubers,Beans,KG,UGX,Retail,7671.41,2.0734,3.4414,32.2552
2018-01-01,Uganda,Lira,cereals and tubers,Rice,KG,UGX,Retail,3758.78,1.0159,2.6205,34.966
2018-02-01,Uganda,Lira,cereals and tubers,Rice,KG,UGX,Retail,3488.61,0.9429,0.937,31.1215
2018-03-01,Uganda,Lira,cereals and tubers,Rice,KG,UGX,Retail,3511.41,0.949,1.2708,33.5353
2018-04-01,Uganda,Lira,cereals and tubers,Rice,KG,UGX,Retail,3871.8,1.0464,-0.7542,34.2572
2018-05-01,Uganda,Lira,cereals and tubers,Rice,KG,UGX,Retail,4242.78,1.1467,0.5007,33.3279
2018-06-01,Uganda,Lira,cereals and tubers,Rice,KG,UGX,Retail,5046.85,1.364,2.8375,31.7067
2018-07-01,Uganda,Lira,cereals and tubers,Rice,KG,UGX,Retail,5493.1,1.4846,-1.1704,30.5445
2018-08-01,Uganda,Lira,cereals and tubers,Rice,KG,UGX,Retail,5963.69,1.6118,0.6749,29.7896
2018-09-01,Uganda,Lira,cereals and tubers,Rice,KG,UGX,Retail,6078.46,1.6428,0.8461,33.4767
2018-10-01,Uganda,Lira,cereals and tubers,Rice,KG,UGX,Retail,5417.17,1.4641,2.7476,34.2335
2018-11-01,Uganda,Lira,cereals and tubers,Rice,KG,UGX,Retail,5130.96,1.3867,3.0621,30.2852
2018-12-01,Uganda,Lira,cereals and tubers,Rice,KG,UGX,Retail,4405.35,1.1906,-0.9439,29.8837
2019-01-01,Uganda,Lira,cereals and tubers,Rice,KG,UGX,Retail,4170.51,1.1272,-0.9029,34.1129
2019-02-01,Uganda,Lira,cereals and tubers,Rice,KG,UGX,Retail,3898.92,1.0538,3.9001,32.5052
2019-03-01,Uganda,Lira,cereals and tubers,Rice,KG,UGX,Retail,3935.72,1.0637,-0.4484,32.5191
2019-04-01,Uganda,Lira,cereals and tubers,Rice,KG,UGX,Retail,4238.72,1.1456,3.8092,34.6432
2019-05-01,Uganda,Lira,cereals and tubers,Rice,KG,UGX,Retail,4509.13,1.2187,2.0347,33.0461
2019-06-01,Uganda,Lira,cereals and tubers,Rice,KG,UGX,Retail,5238.3,1.4158,-0.7913,33.1317
2019-07-01,Uganda,Lira,cereals and tubers,Rice,KG,UGX,Retail,5991.12,1.6192,0.4678,32.3786
2019-08-01,Uganda,Lira,cereals and tubers,Rice,KG,UGX,Retail,6786.01,1.8341,3.8049,30.1915
2019-09-01,Uganda,Lira,cereals and tubers,Rice,KG,UGX,Retail,6998.28,1.8914,0.2013,34.0593
2019-10-01,Uganda,Lira,cereals and tubers,Rice,KG,UGX,Retail,6449.38,1.7431,-1.46,30.5912
2019-11-01,Uganda,Lira,cereals and tubers,Rice,KG,UGX,Retail,5817.01,1.5722,0.8019,29.7416
2019-12-01,Uganda,Lira,cereals and tubers,Rice,KG,UGX,Retail,4924.79,1.331,-0.638,32.3565
2020-01-01,Uganda,Lira,cereals and tubers,Rice,KG,UGX,Retail,4172.14,1.1276,2.7036,33.7943
2020-02-01,Uganda,Lira,cereals and tubers,Rice,KG,UGX,Retail,3970.99,1.0732,2.2532,34.509
2020-03-01,Uganda,Lira,cereals and tubers,Rice,KG,UGX,Retail,4171.17,1.1273,0.8649,31.984
2020-04-01,Uganda,Lira,cereals and tubers,Rice,KG,UGX,Retail,4470.4,1.2082,-1.3041,29.7232
2020-05-01,Uganda,Lira,cereals and tubers,Rice,KG,UGX,Retail,5197.82,1.4048,3.2174,30.4274
2020-06-01,Uganda,Lira,cereals and tubers,Rice,KG,UGX,Retail,5718.12,1.5454,2.0857,30.5949
2020-07-01,Uganda,Lira,cereals and tubers,Rice,KG,UGX,Retail,6102.31,1.6493,1.1614,30.8318
2020-08-01,Uganda,Lira,cereals and tubers,Rice,KG,UGX,Retail,6994.75,1.8905,-0.5684,34.1897
2020-09-01,Uganda,Lira,cereals and tubers,Rice,KG,UGX,Retail,7146.19,1.9314,-0.764,30.2398
2020-10-01,Uganda,Lira,cereals and tubers,Rice,KG,UGX,Retail,6761.82,1.8275,0.5151,30.8669
2020-11-01,Uganda,Lira,cereals and tubers,Rice,KG,UGX,Retail,6160.81,1.6651,1.1413,34.6156
2020-12-01,Uganda,Lira,cereals and tubers,Rice,KG,UGX,Retail,5281.94,1.4276,-0.4542,32.8185
2021-01-01,Uganda,Lira,cereals and tubers,Rice,KG,UGX,Retail,4798.47,1.2969,-0.4459,30.1113
2021-02-01,Uganda,Lira,cereals and tubers,Rice,KG,UGX,Retail,4373.0,1.1819,2.7931,31.1237
2021-03-01,Uganda,Lira,cereals and tubers,Rice,KG,UGX,Retail,4258.73,1.151,-0.4562,31.514
2021-04-01,Uganda,Lira,cereals and tubers,Rice,KG,UGX,Retail,4784.68,1.2932,3.2582,29.6538
2021-05-01,Uganda,Lira,cereals and tubers,Rice,KG,UGX,Retail,5262.43,1.4223,3.2192,29.6011
2021-06-01,Uganda,Lira,cereals and tubers,Rice,KG,UGX,Retail,5809.45,1.5701,-0.021,31.829
2021-07-01,Uganda,Lira,cereals and tubers,Rice,KG,UGX,Retail,6356.35,1.7179,0.733,34.4165
2021-08-01,Uganda,Lira,cereals and tubers,Rice,KG,UGX,Retail,6700.32,1.8109,3.6514,33.5244
2021-09-01,Uganda,Lira,cereals and tubers,Rice,KG,UGX,Retail,6295.65,1.7015,1.3133,31.7052
2021-10-01,Uganda,Lira,cereals and tubers,Rice,KG,UGX,Retail,6092.24,1.6466,-0.4307,34.6566
2021-11-01,Uganda,Lira,cereals and tubers,Rice,KG,UGX,Retail,5305.85,1.434,1.987,32.3907
2021-12-01,Uganda,Lira,cereals and tubers,Rice,KG,UGX,Retail,4822.4,1.3034,2.3057,33.1372
2022-01-01,Uganda,Lira,cereals and tubers,Rice,KG,UGX,Retail,3962.86,1.071,1.8199,31.515
2022-02-01,Uganda,Lira,cereals and tubers,Rice,KG,UGX,Retail,3725.02,1.0068,1.6227,30.5703
2022-03-01,Uganda,Lira,cereals and tubers,Rice,KG,UGX,Retail,3323.29,0.8982,1.105,32.5778
2022-04-01,Uganda,Lira,cereals and tubers,Rice,KG,UGX,Retail,3467.89,0.9373,2.2214,33.6442
2022-05-01,Uganda,Lira,cereals and tubers,Rice,KG,UGX,Retail,3617.29,0.9776,-0.8708,33.2136
2022-06-01,Uganda,Lira,cereals and tubers,Rice,KG,UGX,Retail,3879.05,1.0484,-0.8468,30.3087
2022-07-01,Uganda,Lira,cereals and tubers,Rice,KG,UGX,Retail,4116.41,1.1125,4.1532,30.4492
2022-08-01,Uganda,Lira,cereals and tubers,Rice,KG,UGX,Retail,4485.76,1.2124,3.7482,34.8019
2022-09-01,Uganda,Lira,cereals and tubers,Rice,KG,UGX,Retail,4251.61,1.1491,3.5186,30.3502
2022-10-01,Uganda,Lira,cereals and tubers,Rice,KG,UGX,Retail,4009.07,1.0835,-1.4259,31.7957
2022-11-01,Uganda,Lira,cereals and tubers,Rice,KG,UGX,Retail,3206.39,0.8666,2.5128,29.6867
2022-12-01,Uganda,Lira,cereals and tubers,Rice,KG,UGX,Retail,2681.71,0.7248,2.4714,29.8522
2023-01-01,Uganda,Lira,cereals and tubers,Rice,KG,UGX,Retail,2484.35,0.6714,0.5588,30.4924
2023-02-01,Uganda,Lira,cereals and tubers,Rice,KG,UGX,Retail,2500.34,0.6758,0.4318,30.6712
2023-03-01,Uganda,Lira,cereals and tubers,Rice,KG,UGX,Retail,2516.43,0.6801,2.1077,31.9405
2023-04-01,Uganda,Lira,cereals and tubers,Rice,KG,UGX,Retail,2617.37,0.7074,2.9557,31.2255
2023-05-01,Uganda,Lira,cereals and tubers,Rice,KG,UGX,Retail,2739.88,0.7405,3.5897,30.7962
2023-06-01,Uganda,Lira,cereals and tubers,Rice,KG,UGX,Retail,3187.48,0.8615,3.9034,32.4609
2023-07-01,Uganda,Lira,cereals and tubers,Rice,KG,UGX,Retail,3327.97,0.8995,0.2673,32.6472
2023-08-01,Uganda,Lira,cereals and tubers,Rice,KG,UGX,Retail,3393.6,0.9172,-1.4788,34.9855
2023-09-01,Uganda,Lira,cereals and tubers,Rice,KG,UGX,Retail,3218.09,0.8698,4.0467,33.1264
2023-10-01,Uganda,Lira,cereals and tubers,Rice,KG,UGX,Retail,3004.07,0.8119,4.0131,32.6663
2023-11-01,Uganda,Lira,cereals and tubers,Rice,KG,UGX,Retail,2729.54,0.7377,2.2332,30.6491
2023-12-01,Uganda,Lira,cereals and tubers,Rice,KG,UGX,Retail,2665.95,0.7205,-0.0363,31.9488
2024-01-01,Uganda,Lira,cereals and tubers,Rice,KG,UGX,Retail,2683.1,0.7252,1.43,33.1529
2024-02-01,Uganda,Lira,cereals and tubers,Rice,KG,UGX,Retail,2700.36,0.7298,3.5945,34.8181
2024-03-01,Uganda,Lira,cereals and tubers,Rice,KG,UGX,Retail,2732.51,0.7385,2.035,30.7111
2024-04-01,Uganda,Lira,cereals and tubers,Rice,KG,UGX,Retail,3033.64,0.8199,-0.5033,30.4177
2024-05-01,Uganda,Lira,cereals and tubers,Rice,KG,UGX,Retail,3344.82,0.904,1.7696,33.28
2024-06-01,Uganda,Lira,cereals and tubers,Rice,KG,UGX,Retail,3787.98,1.0238,2.9347,30.5451
2024-07-01,Uganda,Lira,cereals and tubers,Rice,KG,UGX,Retail,4348.28,1.1752,0.3359,31.3952
2024-08-01,Uganda,Lira,cereals and tubers,Rice,KG,UGX,Retail,4662.17,1.26,-1.2666,30.6612
2024-09-01,Uganda,Lira,cereals and tubers,Rice,KG,UGX,Retail,4727.07,1.2776,2.9363,34.9121
2024-10-01,Uganda,Lira,cereals and tubers,Rice,KG,UGX,Retail,4551.62,1.2302,1.8638,34.5036
2024-11-01,Uganda,Lira,cereals and tubers,Rice,KG,UGX,Retail,4110.97,1.1111,-1.1212,32.3538
2024-12-01,Uganda,Lira,cereals and tubers,Rice,KG,UGX,Retail,3650.01,0.9865,1.0712,32.064
2025-01-01,Uganda,Lira,cereals and tubers,Rice,KG,UGX,Retail,3197.41,0.8642,1.2721,31.6528
2025-02-01,Uganda,Lira,cereals and tubers,Rice,KG,UGX,Retail,2916.39,0.7882,-1.2645,30.2252
2025-03-01,Uganda,Lira,cereals and tubers,Rice,KG,UGX,Retail,2935.16,0.7933,-1.1481,29.9189
2025-04-01,Uganda,Lira,cereals and tubers,Rice,KG,UGX,Retail,3082.49,0.8331,3.3329,34.0725
2025-05-01,Uganda,Lira,cereals and tubers,Rice,KG,UGX,Retail,3459.97,0.9351,2.0038,33.5069
2025-06-01,Uganda,Lira,cereals and tubers,Rice,KG,UGX,Retail,3780.47,1.0217,3.5691,33.5547
2025-07-01,Uganda,Lira,cereals and tubers,Rice,KG,UGX,Retail,4483.4,1.2117,3.0833,32.6043
2025-08-01,Uganda,Lira,cereals and tubers,Rice,KG,UGX,Retail,4661.46,1.2599,-1.0181,31.8628
2025-09-01,Uganda,Lira,cereals and tubers,Rice,KG,UGX,Retail,4954.07,1.3389,-0.535,29.7287
2025-10-01,Uganda,Lira,cereals and tubers,Rice,KG,UGX,Retail,4822.89,1.3035,4.029,31.6462
2025-11-01,Uganda,Lira,cereals and tubers,Rice,KG,UGX,Retail,4170.58,1.1272,0.7997,31.2272
2025-12-01,Uganda,Lira,cereals and tubers,Rice,KG,UGX,Retail,3605.35,0.9744,2.1165,29.7477
2026-01-01,Uganda,Lira,cereals and tubers,Rice,KG,UGX,Retail,3224.66,0.8715,-1.2937,33.2578
2026-02-01,Uganda,Lira,cereals and tubers,Rice,KG,UGX,Retail,3149.71,0.8513,3.6727,30.7108
2026-03-01,Uganda,Lira,cereals and tubers,Rice,KG,UGX,Retail,3169.97,0.8567,3.0205,34.2676
2026-04-01,Uganda,Lira,cereals and tubers,Rice,KG,UGX,Retail,3373.76,0.9118,1.0698,30.7961
2026-05-01,Uganda,Lira,cereals and tubers,Rice,KG,UGX,Retail,3682.0,0.9951,2.2564,31.9299
2026-06-01,Uganda,Lira,cereals and tubers,Rice,KG,UGX,Retail,4349.71,1.1756,3.3285,32.2767
2026-07-01,Uganda,Lira,cereals and tubers,Rice,KG,UGX,Retail,4642.49,1.2547,3.0221,34.2937
2018-01-01,Uganda,Lira,cereals and tubers,Cassava,KG,UGX,Retail,728.15,0.1968,-0.8962,29.9512
2018-02-01,Uganda,Lira,cereals and tubers,Cassava,KG,UGX,Retail,702.0,0.1897,-0.7123,31.7126
2018-03-01,Uganda,Lira,cereals and tubers,Cassava,KG,UGX,Retail,780.54,0.211,-0.2922,30.8165
2018-04-01,Uganda,Lira,cereals and tubers,Cassava,KG,UGX,Retail,895.49,0.242,0.5571,33.2535
2018-05-01,Uganda,Lira,cereals and tubers,Cassava,KG,UGX,Retail,1039.42,0.2809,1.2859,30.541
2018-06-01,Uganda,Lira,cereals and tubers,Cassava,KG,UGX,Retail,1205.58,0.3258,-0.8376,30.6672
2018-07-01,Uganda,Lira,cereals and tubers,Cassava,KG,UGX,Retail,1366.25,0.3693,-0.1595,33.5802
2018-08-01,Uganda,Lira,cereals and tubers,Cassava,KG,UGX,Retail,1420.66,0.384,-0.1603,31.2154
2018-09-01,Uganda,Lira,cereals and tubers,Cassava,KG,UGX,Retail,1426.65,0.3856,0.7638,30.9163
2018-10-01,Uganda,Lira,cereals and tubers,Cassava,KG,UGX,Retail,1333.38,0.3604,0.6982,33.8671
2018-11-01,Uganda,Lira,cereals and tubers,Cassava,KG,UGX,Retail,1310.09,0.3541,1.5015,32.0394
2018-12-01,Uganda,Lira,cereals and tubers,Cassava,KG,UGX,Retail,1044.27,0.2822,4.048,32.2097
2019-01-01,Uganda,Lira,cereals and tubers,Cassava,KG,UGX,Retail,986.67,0.2667,4.0245,34.7888
2019-02-01,Uganda,Lira,cereals and tubers,Cassava,KG,UGX,Retail,961.87,0.26,0.4847,33.2744
2019-03-01,Uganda,Lira,cereals and tubers,Cassava,KG,UGX,Retail,856.44,0.2315,1.3416,31.3864
2019-04-01,Uganda,Lira,cereals and tubers,Cassava,KG,UGX,Retail,939.98,0.254,0.3616,30.2374
2019-05-01,Uganda,Lira,cereals and tubers,Cassava,KG,UGX,Retail,1027.06,0.2776,-0.9017,31.7509
2019-06-01,Uganda,Lira,cereals and tubers,Cassava,KG,UGX,Retail,1167.02,0.3154,0.1801,34.7206
2019-07-01,Uganda,Lira,cereals and tubers,Cassava,KG,UGX,Retail,1295.37,0.3501,3.5437,29.9352
2019-08-01,Uganda,Lira,cereals and tubers,Cassava,KG,UGX,Retail,1434.87,0.3878,2.1008,31.5982
2019-09-01,Uganda,Lira,cereals and tubers,Cassava,KG,UGX,Retail,1414.32,0.3822,-0.3372,32.6728
2019-10-01,Uganda,Lira,cereals and tubers,Cassava,KG,UGX,Retail,1347.32,0.3641,3.0377,32.7525
2019-11-01,Uganda,Lira,cereals and tubers,Cassava,KG,UGX,Retail,1334.74,0.3607,-1.1884,32.2988
2019-12-01,Uganda,Lira,cereals and tubers,Cassava,KG,UGX,Retail,1245.88,0.3367,0.0143,33.259
2020-01-01,Uganda,Lira,cereals and tubers,Cassava,KG,UGX,Retail,1190.15,0.3217,-0.3105,33.5828
2020-02-01,Uganda,Lira,cereals and tubers,Cassava,KG,UGX,Retail,1087.97,0.294,-0.1004,33.1146
2020-03-01,Uganda,Lira,cereals and tubers,Cassava,KG,UGX,Retail,1190.17,0.3217,-1.2065,30.2836
2020-04-01,Uganda,Lira,cereals and tubers,Cassava,KG,UGX,Retail,1325.89,0.3583,1.8789,32.0504
2020-05-01,Uganda,Lira,cereals and tubers,Cassava,KG,UGX,Retail,1433.6,0.3875,2.8092,34.7275
2020-06-01,Uganda,Lira,cereals and tubers,Cassava,KG,UGX,Retail,1553.28,0.4198,-0.5703,31.0261
2020-07-01,Uganda,Lira,cereals and tubers,Cassava,KG,UGX,Retail,1745.28,0.4717,0.7472,34.3119
2020-08-01,Uganda,Lira,cereals and tubers,Cassava,KG,UGX,Retail,1835.2,0.496,-0.6517,32.4222
2020-09-01,Uganda,Lira,cereals and tubers,Cassava,KG,UGX,Retail,2006.78,0.5424,-0.4274,33.8005
2020-10-01,Uganda,Lira,cereals and tubers,Cassava,KG,UGX,Retail,1818.82,0.4916,0.7876,32.9456
2020-11-01,Uganda,Lira,cereals and tubers,Cassava,KG,UGX,Retail,1549.18,0.4187,-0.0047,31.901
2020-12-01,Uganda,Lira,cereals and tubers,Cassava,KG,UGX,Retail,1348.56,0.3645,2.5296,34.0776
2021-01-01,Uganda,Lira,cereals and tubers,Cassava,KG,UGX,Retail,1179.63,0.3188,1.7289,30.8536
2021-02-01,Uganda,Lira,cereals and tubers,Cassava,KG,UGX,Retail,1115.43,0.3015,2.2826,30.3242
2021-03-01,Uganda,Lira,cereals and tubers,Cassava,KG,UGX,Retail,1163.85,0.3146,0.049,34.02
2021-04-01,Uganda,Lira,cereals and tubers,Cassava,KG,UGX,Retail,1154.81,0.3121,0.6024,33.6531
2021-05-01,Uganda,Lira,cereals and tubers,Cassava,KG,UGX,Retail,1279.64,0.3458,-0.3544,34.1922
2021-06-01,Uganda,Lira,cereals and tubers,Cassava,KG,UGX,Retail,1310.19,0.3541,-0.9142,31.8464
2021-07-01,Uganda,Lira,cereals and tubers,Cassava,KG,UGX,Retail,1378.69,0.3726,1.9763,34.1123
2021-08-01,Uganda,Lira,cereals and tubers,Cassava,KG,UGX,Retail,1439.69,0.3891,-0.2249,31.013
2021-09-01,Uganda,Lira,cereals and tubers,Cassava,KG,UGX,Retail,1531.24,0.4138,2.6948,30.1721
2021-10-01,Uganda,Lira,cereals and tubers,Cassava,KG,UGX,Retail,1319.16,0.3565,1.9026,33.8417
2021-11-01,Uganda,Lira,cereals and tubers,Cassava,KG,UGX,Retail,1159.97,0.3135,-0.3434,34.5116
2021-12-01,Uganda,Lira,cereals and tubers,Cassava,KG,UGX,Retail,1116.57,0.3018,1.1088,33.6375
2022-01-01,Uganda,Lira,cereals and tubers,Cassava,KG,UGX,Retail,984.16,0.266,-0.0008,34.468
2022-02-01,Uganda,Lira,cereals and tubers,Cassava,KG,UGX,Retail,853.95,0.2308,4.0728,30.4902
2022-03-01,Uganda,Lira,cereals and tubers,Cassava,KG,UGX,Retail,843.13,0.2279,-0.9494,33.9399
2022-04-01,Uganda,Lira,cereals and tubers,Cassava,KG,UGX,Retail,808.54,0.2185,0.1928,31.3583
2022-05-01,Uganda,Lira,cereals and tubers,Cassava,KG,UGX,Retail,888.63,0.2402,-0.6175,33.8522
2022-06-01,Uganda,Lira,cereals and tubers,Cassava,KG,UGX,Retail,1048.41,0.2834,4.0163,34.6075
2022-07-01,Uganda,Lira,cereals and tubers,Cassava,KG,UGX,Retail,1114.16,0.3011,1.5183,34.9614
2022-08-01,Uganda,Lira,cereals and tubers,Cassava,KG,UGX,Retail,1290.73,0.3488,2.5763,29.7213
2022-09-01,Uganda,Lira,cereals and tubers,Cassava,KG,UGX,Retail,1204.8,0.3256,3.0259,31.6328
2022-10-01,Uganda,Lira,cereals and tubers,Cassava,KG,UGX,Retail,1106.65,0.2991,2.7133,31.8798
2022-11-01,Uganda,Lira,cereals and tubers,Cassava,KG,UGX,Retail,972.62,0.2629,0.7042,34.3037
2022-12-01,Uganda,Lira,cereals and tubers,Cassava,KG,UGX,Retail,904.47,0.2445,-1.1429,34.7793
2023-01-01,Uganda,Lira,cereals and tubers,Cassava,KG,UGX,Retail,836.99,0.2262,1.5829,34.0772
2023-02-01,Uganda,Lira,cereals and tubers,Cassava,KG,UGX,Retail,824.46,0.2228,4.1152,34.2309
2023-03-01,Uganda,Lira,cereals and tubers,Cassava,KG,UGX,Retail,853.92,0.2308,0.615,31.089
2023-04-01,Uganda,Lira,cereals and tubers,Cassava,KG,UGX,Retail,883.6,0.2388,2.1442,32.4215
2023-05-01,Uganda,Lira,cereals and tubers,Cassava,KG,UGX,Retail,919.86,0.2486,1.192,33.8321
2023-06-01,Uganda,Lira,cereals and tubers,Cassava,KG,UGX,Retail,1053.19,0.2846,1.4537,29.8273
2023-07-01,Uganda,Lira,cereals and tubers,Cassava,KG,UGX,Retail,1130.29,0.3055,2.1628,30.2743
2023-08-01,Uganda,Lira,cereals and tubers,Cassava,KG,UGX,Retail,1188.44,0.3212,1.1619,31.3504
2023-09-01,Uganda,Lira,cereals and tubers,Cassava,KG,UGX,Retail,1177.12,0.3181,0.4572,32.958
2023-10-01,Uganda,Lira,cereals and tubers,Cassava,KG,UGX,Retail,1179.06,0.3187,-1.199,31.8833
2023-11-01,Uganda,Lira,cereals and tubers,Cassava,KG,UGX,Retail,979.6,0.2648,-0.3624,33.1368
2023-12-01,Uganda,Lira,cereals and tubers,Cassava,KG,UGX,Retail,863.33,0.2333,4.0238,31.7351
2024-01-01,Uganda,Lira,cereals and tubers,Cassava,KG,UGX,Retail,819.99,0.2216,3.7439,32.228
2024-02-01,Uganda,Lira,cereals and tubers,Cassava,KG,UGX,Retail,686.59,0.1856,2.4663,34.3056
2024-03-01,Uganda,Lira,cereals and tubers,Cassava,KG,UGX,Retail,690.59,0.1866,-1.0346,34.966
2024-04-01,Uganda,Lira,cereals and tubers,Cassava,KG,UGX,Retail,730.08,0.1973,2.5367,32.8998
2024-05-01,Uganda,Lira,cereals and tubers,Cassava,KG,UGX,Retail,849.67,0.2296,2.9792,34.9594
2024-06-01,Uganda,Lira,cereals and tubers,Cassava,KG,UGX,Retail,918.8,0.2483,2.0028,33.4706
2024-07-01,Uganda,Lira,cereals and tubers,Cassava,KG,UGX,Retail,963.08,0.2603,3.5893,32.0678
2024-08-01,Uganda,Lira,cereals and tubers,Cassava,KG,UGX,Retail,1014.71,0.2742,3.3701,34.6918
2024-09-01,Uganda,Lira,cereals and tubers,Cassava,KG,UGX,Retail,1054.73,0.2851,2.7846,30.7611
2024-10-01,Uganda,Lira,cereals and tubers,Cassava,KG,UGX,Retail,993.61,0.2685,-0.0145,34.2165
2024-11-01,Uganda,Lira,cereals and tubers,Cassava,KG,UGX,Retail,904.42,0.2444,-0.7552,33.5909
2024-12-01,Uganda,Lira,cereals and tubers,Cassava,KG,UGX,Retail,786.34,0.2125,-0.6536,30.842
2025-01-01,Uganda,Lira,cereals and tubers,Cassava,KG,UGX,Retail,717.74,0.194,2.0526,33.709
2025-02-01,Uganda,Lira,cereals and tubers,Cassava,KG,UGX,Retail,609.03,0.1646,1.1112,33.9044
2025-03-01,Uganda,Lira,cereals and tubers,Cassava,KG,UGX,Retail,601.64,0.1626,-0.5356,31.6616
2025-04-01,Uganda,Lira,cereals and tubers,Cassava,KG,UGX,Retail,679.44,0.1836,-0.4428,34.7513
2025-05-01,Uganda,Lira,cereals and tubers,Cassava,KG,UGX,Retail,826.62,0.2234,1.966,30.254
2025-06-01,Uganda,Lira,cereals and tubers,Cassava,KG,UGX,Retail,839.11,0.2268,1.6653,34.6324
2025-07-01,Uganda,Lira,cereals and tubers,Cassava,KG,UGX,Retail,907.19,0.2452,2.9578,31.2426
2025-08-01,Uganda,Lira,cereals and tubers,Cassava,KG,UGX,Retail,888.74,0.2402,3.7837,32.9754
2025-09-01,Uganda,Lira,cereals and tubers,Cassava,KG,UGX,Retail,953.43,0.2577,3.4931,34.5973
2025-10-01,Uganda,Lira,cereals and tubers,Cassava,KG,UGX,Retail,795.42,0.215,-0.3837,32.5726
2025-11-01,Uganda,Lira,cereals and tubers,Cassava,KG,UGX,Retail,672.07,0.1816,1.2939,31.3869
2025-12-01,Uganda,Lira,cereals and tubers,Cassava,KG,UGX,Retail,592.3,0.1601,-1.1329,30.5569
2026-01-01,Uganda,Lira,cereals and tubers,Cassava,KG,UGX,Retail,596.11,0.1611,-1.3409,33.4999
2026-02-01,Uganda,Lira,cereals and tubers,Cassava,KG,UGX,Retail,599.94,0.1621,-0.5393,32.3661
2026-03-01,Uganda,Lira,cereals and tubers,Cassava,KG,UGX,Retail,603.8,0.1632,0.7402,31.3039
2026-04-01,Uganda,Lira,cereals and tubers,Cassava,KG,UGX,Retail,647.57,0.175,2.4235,30.1977
2026-05-01,Uganda,Lira,cereals and tubers,Cassava,KG,UGX,Retail,686.14,0.1854,-0.4152,31.3894
2026-06-01,Uganda,Lira,cereals and tubers,Cassava,KG,UGX,Retail,796.41,0.2152,0.4776,30.9136
2026-07-01,Uganda,Lira,cereals and tubers,Cassava,KG,UGX,Retail,923.55,0.2496,3.4622,31.2501
2018-01-01,Uganda,Lira,cereals and tubers,Sorghum,KG,UGX,Retail,1102.88,0.2981,1.4727,30.2657
2018-02-01,Uganda,Lira,cereals and tubers,Sorghum,KG,UGX,Retail,1060.28,0.2866,-1.149,32.109
2018-03-01,Uganda,Lira,cereals and tubers,Sorghum,KG,UGX,Retail,1091.95,0.2951,-0.5939,30.6874
2018-04-01,Uganda,Lira,cereals and tubers,Sorghum,KG,UGX,Retail,1211.43,0.3274,4.0852,31.6835
2018-05-01,Uganda,Lira,cereals and tubers,Sorghum,KG,UGX,Retail,1375.5,0.3718,-0.6318,33.0635
2018-06-01,Uganda,Lira,cereals and tubers,Sorghum,KG,UGX,Retail,1552.89,0.4197,1.9957,30.0788
2018-07-01,Uganda,Lira,cereals and tubers,Sorghum,KG,UGX,Retail,1742.84,0.471,-0.1468,33.2812
2018-08-01,Uganda,Lira,cereals and tubers,Sorghum,KG,UGX,Retail,1719.3,0.4647,1.1183,33.2212
2018-09-01,Uganda,Lira,cereals and tubers,Sorghum,KG,UGX,Retail,1714.02,0.4632,3.659,32.925
2018-10-01,Uganda,Lira,cereals and tubers,Sorghum,KG,UGX,Retail,1576.34,0.426,0.9756,33.6932
2018-11-01,Uganda,Lira,cereals and tubers,Sorghum,KG,UGX,Retail,1471.32,0.3977,3.1051,32.3572
2018-12-01,Uganda,Lira,cereals and tubers,Sorghum,KG,UGX,Retail,1200.51,0.3245,3.8896,33.0247
2019-01-01,Uganda,Lira,cereals and tubers,Sorghum,KG,UGX,Retail,1046.94,0.283,1.9104,33.0013
2019-02-01,Uganda,Lira,cereals and tubers,Sorghum,KG,UGX,Retail,1092.76,0.2953,1.6532,34.3269
2019-03-01,Uganda,Lira,cereals and tubers,Sorghum,KG,UGX,Retail,1038.46,0.2807,1.0209,30.5101
2019-04-01,Uganda,Lira,cereals and tubers,Sorghum,KG,UGX,Retail,1145.79,0.3097,2.0382,32.4262
2019-05-01,Uganda,Lira,cereals and tubers,Sorghum,KG,UGX,Retail,1256.64,0.3396,-0.9698,31.1521
2019-06-01,Uganda,Lira,cereals and tubers,Sorghum,KG,UGX,Retail,1282.9,0.3467,3.8547,31.9
2019-07-01,Uganda,Lira,cereals and tubers,Sorghum,KG,UGX,Retail,1479.74,0.3999,0.8959,32.0633
2019-08-01,Uganda,Lira,cereals and tubers,Sorghum,KG,UGX,Retail,1596.65,0.4315,0.0638,31.2882
2019-09-01,Uganda,Lira,cereals and tubers,Sorghum,KG,UGX,Retail,1646.23,0.4449,2.0442,33.1754
2019-10-01,Uganda,Lira,cereals and tubers,Sorghum,KG,UGX,Retail,1558.93,0.4213,0.4178,31.4983
2019-11-01,Uganda,Lira,cereals and tubers,Sorghum,KG,UGX,Retail,1460.58,0.3948,0.7529,32.8731
2019-12-01,Uganda,Lira,cereals and tubers,Sorghum,KG,UGX,Retail,1307.66,0.3534,3.4945,31.5932
2020-01-01,Uganda,Lira,cereals and tubers,Sorghum,KG,UGX,Retail,1141.76,0.3086,3.3039,30.4692
2020-02-01,Uganda,Lira,cereals and tubers,Sorghum,KG,UGX,Retail,1012.2,0.2736,0.7795,34.9233
2020-03-01,Uganda,Lira,cereals and tubers,Sorghum,KG,UGX,Retail,1043.72,0.2821,-1.4398,34.1332
2020-04-01,Uganda,Lira,cereals and tubers,Sorghum,KG,UGX,Retail,1183.07,0.3197,1.6975,30.8751
2020-05-01,Uganda,Lira,cereals and tubers,Sorghum,KG,UGX,Retail,1327.66,0.3588,2.0819,31.9757
2020-06-01,Uganda,Lira,cereals and tubers,Sorghum,KG,UGX,Retail,1459.82,0.3945,-0.0045,33.0426
2020-07-01,Uganda,Lira,cereals and tubers,Sorghum,KG,UGX,Retail,1521.18,0.4111,2.127,29.8611
2020-08-01,Uganda,Lira,cereals and tubers,Sorghum,KG,UGX,Retail,1606.1,0.4341,-0.5157,32.872
2020-09-01,Uganda,Lira,cereals and tubers,Sorghum,KG,UGX,Retail,1558.12,0.4211,2.8977,30.2188
2020-10-01,Uganda,Lira,cereals and tubers,Sorghum,KG,UGX,Retail,1422.05,0.3843,1.884,29.7194
2020-11-01,Uganda,Lira,cereals and tubers,Sorghum,KG,UGX,Retail,1314.4,0.3552,0.257,32.889
2020-12-01,Uganda,Lira,cereals and tubers,Sorghum,KG,UGX,Retail,1228.14,0.3319,-0.9825,33.3971
2021-01-01,Uganda,Lira,cereals and tubers,Sorghum,KG,UGX,Retail,1165.21,0.3149,2.316,32.3872
2021-02-01,Uganda,Lira,cereals and tubers,Sorghum,KG,UGX,Retail,1119.12,0.3025,1.3601,34.1268
2021-03-01,Uganda,Lira,cereals and tubers,Sorghum,KG,UGX,Retail,1135.29,0.3068,3.096,34.9813
2021-04-01,Uganda,Lira,cereals and tubers,Sorghum,KG,UGX,Retail,1238.29,0.3347,0.2332,34.1693
2021-05-01,Uganda,Lira,cereals and tubers,Sorghum,KG,UGX,Retail,1403.93,0.3794,2.3629,31.4476
2021-06-01,Uganda,Lira,cereals and tubers,Sorghum,KG,UGX,Retail,1596.3,0.4314,0.8498,29.6488
2021-07-01,Uganda,Lira,cereals and tubers,Sorghum,KG,UGX,Retail,1900.42,0.5136,-1.2584,31.9073
2021-08-01,Uganda,Lira,cereals and tubers,Sorghum,KG,UGX,Retail,1920.8,0.5191,2.7066,33.8601
2021-09-01,Uganda,Lira,cereals and tubers,Sorghum,KG,UGX,Retail,1894.54,0.512,0.6201,32.3325
2021-10-01,Uganda,Lira,cereals and tubers,Sorghum,KG,UGX,Retail,1797.1,0.4857,-0.8547,32.83
2021-11-01,Uganda,Lira,cereals and tubers,Sorghum,KG,UGX,Retail,1652.23,0.4465,1.9825,33.6282
2021-12-01,Uganda,Lira,cereals and tubers,Sorghum,KG,UGX,Retail,1560.24,0.4217,2.84,30.724
2022-01-01,Uganda,Lira,cereals and tubers,Sorghum,KG,UGX,Retail,1405.64,0.3799,-0.1039,32.2568
2022-02-01,Uganda,Lira,cereals and tubers,Sorghum,KG,UGX,Retail,1196.15,0.3233,0.0324,31.5532
2022-03-01,Uganda,Lira,cereals and tubers,Sorghum,KG,UGX,Retail,1231.22,0.3328,1.7496,34.5304
2022-04-01,Uganda,Lira,cereals and tubers,Sorghum,KG,UGX,Retail,1367.7,0.3696,1.396,34.2542
2022-05-01,Uganda,Lira,cereals and tubers,Sorghum,KG,UGX,Retail,1486.13,0.4017,3.2382,32.0105
2022-06-01,Uganda,Lira,cereals and tubers,Sorghum,KG,UGX,Retail,1625.35,0.4393,-0.6037,30.2749
2022-07-01,Uganda,Lira,cereals and tubers,Sorghum,KG,UGX,Retail,1714.94,0.4635,3.2158,30.3312
2022-08-01,Uganda,Lira,cereals and tubers,Sorghum,KG,UGX,Retail,1855.82,0.5016,0.5456,31.8964
2022-09-01,Uganda,Lira,cereals and tubers,Sorghum,KG,UGX,Retail,1890.57,0.511,3.6089,32.4342
2022-10-01,Uganda,Lira,cereals and tubers,Sorghum,KG,UGX,Retail,1757.46,0.475,-0.5199,31.0665
2022-11-01,Uganda,Lira,cereals and tubers,Sorghum,KG,UGX,Retail,1553.68,0.4199,0.3502,33.3506
2022-12-01,Uganda,Lira,cereals and tubers,Sorghum,KG,UGX,Retail,1319.4,0.3566,1.2275,31.5014
2023-01-01,Uganda,Lira,cereals and tubers,Sorghum,KG,UGX,Retail,1191.38,0.322,1.7487,34.951
2023-02-01,Uganda,Lira,cereals and tubers,Sorghum,KG,UGX,Retail,1115.75,0.3016,2.4664,30.4302
2023-03-01,Uganda,Lira,cereals and tubers,Sorghum,KG,UGX,Retail,1140.59,0.3083,3.5877,34.3882
2023-04-01,Uganda,Lira,cereals and tubers,Sorghum,KG,UGX,Retail,1271.88,0.3438,-0.527,33.6738
2023-05-01,Uganda,Lira,cereals and tubers,Sorghum,KG,UGX,Retail,1421.98,0.3843,0.464,31.7102
2023-06-01,Uganda,Lira,cereals and tubers,Sorghum,KG,UGX,Retail,1567.82,0.4237,0.4011,33.3256
2023-07-01,Uganda,Lira,cereals and tubers,Sorghum,KG,UGX,Retail,1707.31,0.4614,1.4005,29.8915
2023-08-01,Uganda,Lira,cereals and tubers,Sorghum,KG,UGX,Retail,1848.57,0.4996,0.8467,32.027
2023-09-01,Uganda,Lira,cereals and tubers,Sorghum,KG,UGX,Retail,1908.91,0.5159,0.5807,33.2428
2023-10-01,Uganda,Lira,cereals and tubers,Sorghum,KG,UGX,Retail,1824.63,0.4931,3.479,30.1532
2023-11-01,Uganda,Lira,cereals and tubers,Sorghum,KG,UGX,Retail,1604.35,0.4336,1.7059,31.3891
2023-12-01,Uganda,Lira,cereals and tubers,Sorghum,KG,UGX,Retail,1371.63,0.3707,2.8062,32.3379
2024-01-01,Uganda,Lira,cereals and tubers,Sorghum,KG,UGX,Retail,1195.72,0.3232,4.1765,33.2039
2024-02-01,Uganda,Lira,cereals and tubers,Sorghum,KG,UGX,Retail,1136.67,0.3072,0.7683,31.3527
2024-03-01,Uganda,Lira,cereals and tubers,Sorghum,KG,UGX,Retail,1204.02,0.3254,1.8509,34.1802
2024-04-01,Uganda,Lira,cereals and tubers,Sorghum,KG,UGX,Retail,1344.57,0.3634,1.8193,32.1777
2024-05-01,Uganda,Lira,cereals and tubers,Sorghum,KG,UGX,Retail,1488.02,0.4022,0.8655,34.2005
2024-06-01,Uganda,Lira,cereals and tubers,Sorghum,KG,UGX,Retail,1745.36,0.4717,2.448,34.422
2024-07-01,Uganda,Lira,cereals and tubers,Sorghum,KG,UGX,Retail,1930.32,0.5217,0.4529,33.4142
2024-08-01,Uganda,Lira,cereals and tubers,Sorghum,KG,UGX,Retail,2024.8,0.5472,-1.1685,33.8735
2024-09-01,Uganda,Lira,cereals and tubers,Sorghum,KG,UGX,Retail,1924.37,0.5201,-1.3693,34.7181
2024-10-01,Uganda,Lira,cereals and tubers,Sorghum,KG,UGX,Retail,1913.76,0.5172,3.6601,33.8561
2024-11-01,Uganda,Lira,cereals and tubers,Sorghum,KG,UGX,Retail,1740.27,0.4703,3.2502,34.8596
2024-12-01,Uganda,Lira,cereals and tubers,Sorghum,KG,UGX,Retail,1539.1,0.416,-0.2046,31.7036
2025-01-01,Uganda,Lira,cereals and tubers,Sorghum,KG,UGX,Retail,1386.85,0.3748,-0.6053,34.6211
2025-02-01,Uganda,Lira,cereals and tubers,Sorghum,KG,UGX,Retail,1375.64,0.3718,3.4931,32.2121
2025-03-01,Uganda,Lira,cereals and tubers,Sorghum,KG,UGX,Retail,1357.53,0.3669,3.9623,31.8796
2025-04-01,Uganda,Lira,cereals and tubers,Sorghum,KG,UGX,Retail,1512.77,0.4089,-0.2077,33.9242
2025-05-01,Uganda,Lira,cereals and tubers,Sorghum,KG,UGX,Retail,1632.06,0.4411,0.1829,29.7304
2025-06-01,Uganda,Lira,cereals and tubers,Sorghum,KG,UGX,Retail,1801.39,0.4869,-0.531,34.0202
2025-07-01,Uganda,Lira,cereals and tubers,Sorghum,KG,UGX,Retail,1986.1,0.5368,3.879,34.8478
2025-08-01,Uganda,Lira,cereals and tubers,Sorghum,KG,UGX,Retail,2150.01,0.5811,1.9178,31.0441
2025-09-01,Uganda,Lira,cereals and tubers,Sorghum,KG,UGX,Retail,2115.2,0.5717,2.4991,34.8767
2025-10-01,Uganda,Lira,cereals and tubers,Sorghum,KG,UGX,Retail,1999.15,0.5403,-1.165,34.9913
2025-11-01,Uganda,Lira,cereals and tubers,Sorghum,KG,UGX,Retail,1791.28,0.4841,2.6361,29.6037
2025-12-01,Uganda,Lira,cereals and tubers,Sorghum,KG,UGX,Retail,1661.65,0.4491,0.5682,31.6592
2026-01-01,Uganda,Lira,cereals and tubers,Sorghum,KG,UGX,Retail,1563.45,0.4226,0.0666,32.0552
2026-02-01,Uganda,Lira,cereals and tubers,Sorghum,KG,UGX,Retail,1358.11,0.3671,1.1587,32.7177
2026-03-01,Uganda,Lira,cereals and tubers,Sorghum,KG,UGX,Retail,1447.17,0.3911,2.3597,30.9067
2026-04-01,Uganda,Lira,cereals and tubers,Sorghum,KG,UGX,Retail,1564.34,0.4228,3.2463,34.3105
2026-05-01,Uganda,Lira,cereals and tubers,Sorghum,KG,UGX,Retail,1700.15,0.4595,3.9704,33.0226
2026-06-01,Uganda,Lira,cereals and tubers,Sorghum,KG,UGX,Retail,1902.94,0.5143,1.0536,33.8516
2026-07-01,Uganda,Lira,cereals and tubers,Sorghum,KG,UGX,Retail,1962.16,0.5303,3.0388,31.8451
2018-01-01,Uganda,Lira,cereals and tubers,Sweet Potato,KG,UGX,Retail,813.54,0.2199,0.1618,31.5821
2018-02-01,Uganda,Lira,cereals and tubers,Sweet Potato,KG,UGX,Retail,816.68,0.2207,2.4986,30.9493
2018-03-01,Uganda,Lira,cereals and tubers,Sweet Potato,KG,UGX,Retail,842.73,0.2278,0.6626,32.612
2018-04-01,Uganda,Lira,cereals and tubers,Sweet Potato,KG,UGX,Retail,804.54,0.2174,1.4733,33.5409
2018-05-01,Uganda,Lira,cereals and tubers,Sweet Potato,KG,UGX,Retail,798.22,0.2157,2.7931,31.7116
2018-06-01,Uganda,Lira,cereals and tubers,Sweet Potato,KG,UGX,Retail,915.93,0.2475,-0.1393,32.1781
2018-07-01,Uganda,Lira,cereals and tubers,Sweet Potato,KG,UGX,Retail,929.95,0.2513,2.4129,34.5248
2018-08-01,Uganda,Lira,cereals and tubers,Sweet Potato,KG,UGX,Retail,961.11,0.2598,3.3181,31.2801
2018-09-01,Uganda,Lira,cereals and tubers,Sweet Potato,KG,UGX,Retail,987.99,0.267,3.2202,33.505
2018-10-01,Uganda,Lira,cereals and tubers,Sweet Potato,KG,UGX,Retail,856.9,0.2316,3.1448,31.0923
2018-11-01,Uganda,Lira,cereals and tubers,Sweet Potato,KG,UGX,Retail,865.96,0.234,3.8409,31.9229
2018-12-01,Uganda,Lira,cereals and tubers,Sweet Potato,KG,UGX,Retail,787.06,0.2127,0.2299,34.1152
2019-01-01,Uganda,Lira,cereals and tubers,Sweet Potato,KG,UGX,Retail,672.26,0.1817,3.2405,31.7424
2019-02-01,Uganda,Lira,cereals and tubers,Sweet Potato,KG,UGX,Retail,686.16,0.1854,1.4502,31.6325
2019-03-01,Uganda,Lira,cereals and tubers,Sweet Potato,KG,UGX,Retail,646.3,0.1747,-0.8966,30.4264
2019-04-01,Uganda,Lira,cereals and tubers,Sweet Potato,KG,UGX,Retail,735.93,0.1989,2.7966,31.6612
2019-05-01,Uganda,Lira,cereals and tubers,Sweet Potato,KG,UGX,Retail,740.96,0.2003,1.9108,34.7847
2019-06-01,Uganda,Lira,cereals and tubers,Sweet Potato,KG,UGX,Retail,839.29,0.2268,2.1806,33.6167
2019-07-01,Uganda,Lira,cereals and tubers,Sweet Potato,KG,UGX,Retail,879.85,0.2378,2.4344,32.2806
2019-08-01,Uganda,Lira,cereals and tubers,Sweet Potato,KG,UGX,Retail,902.19,0.2438,1.1305,31.7328
2019-09-01,Uganda,Lira,cereals and tubers,Sweet Potato,KG,UGX,Retail,901.16,0.2436,0.5247,31.9141
2019-10-01,Uganda,Lira,cereals and tubers,Sweet Potato,KG,UGX,Retail,918.65,0.2483,1.3493,30.1829
2019-11-01,Uganda,Lira,cereals and tubers,Sweet Potato,KG,UGX,Retail,848.22,0.2292,0.6443,33.4174
2019-12-01,Uganda,Lira,cereals and tubers,Sweet Potato,KG,UGX,Retail,764.86,0.2067,-1.4547,30.0554
2020-01-01,Uganda,Lira,cereals and tubers,Sweet Potato,KG,UGX,Retail,743.64,0.201,-0.4256,32.271
2020-02-01,Uganda,Lira,cereals and tubers,Sweet Potato,KG,UGX,Retail,727.28,0.1966,3.8206,33.1401
2020-03-01,Uganda,Lira,cereals and tubers,Sweet Potato,KG,UGX,Retail,741.66,0.2004,0.6702,33.8847
2020-04-01,Uganda,Lira,cereals and tubers,Sweet Potato,KG,UGX,Retail,804.1,0.2173,3.7723,32.4567
2020-05-01,Uganda,Lira,cereals and tubers,Sweet Potato,KG,UGX,Retail,977.03,0.2641,-0.1225,34.494
2020-06-01,Uganda,Lira,cereals and tubers,Sweet Potato,KG,UGX,Retail,1135.3,0.3068,3.4192,31.3317
2020-07-01,Uganda,Lira,cereals and tubers,Sweet Potato,KG,UGX,Retail,1252.45,0.3385,-0.2333,31.6764
2020-08-01,Uganda,Lira,cereals and tubers,Sweet Potato,KG,UGX,Retail,1496.22,0.4044,4.0227,31.9717
2020-09-01,Uganda,Lira,cereals and tubers,Sweet Potato,KG,UGX,Retail,1725.2,0.4663,-0.245,31.7774
2020-10-01,Uganda,Lira,cereals and tubers,Sweet Potato,KG,UGX,Retail,1561.1,0.4219,3.3939,29.726
2020-11-01,Uganda,Lira,cereals and tubers,Sweet Potato,KG,UGX,Retail,1338.02,0.3616,0.0574,32.171
2020-12-01,Uganda,Lira,cereals and tubers,Sweet Potato,KG,UGX,Retail,1162.39,0.3142,0.7804,32.5526
2021-01-01,Uganda,Lira,cereals and tubers,Sweet Potato,KG,UGX,Retail,1065.98,0.2881,3.8596,31.3939
2021-02-01,Uganda,Lira,cereals and tubers,Sweet Potato,KG,UGX,Retail,903.95,0.2443,3.6398,31.1673
2021-03-01,Uganda,Lira,cereals and tubers,Sweet Potato,KG,UGX,Retail,951.29,0.2571,3.9581,34.1765
2021-04-01,Uganda,Lira,cereals and tubers,Sweet Potato,KG,UGX,Retail,1078.1,0.2914,2.6161,32.1978
2021-05-01,Uganda,Lira,cereals and tubers,Sweet Potato,KG,UGX,Retail,1066.18,0.2882,4.0545,30.9561
2021-06-01,Uganda,Lira,cereals and tubers,Sweet Potato,KG,UGX,Retail,1239.68,0.335,1.3855,30.5551
2021-07-01,Uganda,Lira,cereals and tubers,Sweet Potato,KG,UGX,Retail,1354.05,0.366,3.0168,32.6713
2021-08-01,Uganda,Lira,cereals and tubers,Sweet Potato,KG,UGX,Retail,1426.46,0.3855,0.5855,34.5343
2021-09-01,Uganda,Lira,cereals and tubers,Sweet Potato,KG,UGX,Retail,1409.71,0.381,3.078,31.0741
2021-10-01,Uganda,Lira,cereals and tubers,Sweet Potato,KG,UGX,Retail,1426.73,0.3856,3.6848,29.8748
2021-11-01,Uganda,Lira,cereals and tubers,Sweet Potato,KG,UGX,Retail,1311.18,0.3544,2.9478,33.6166
2021-12-01,Uganda,Lira,cereals and tubers,Sweet Potato,KG,UGX,Retail,1258.78,0.3402,2.7145,34.7143
2022-01-01,Uganda,Lira,cereals and tubers,Sweet Potato,KG,UGX,Retail,1240.75,0.3353,2.0585,34.1776
2022-02-01,Uganda,Lira,cereals and tubers,Sweet Potato,KG,UGX,Retail,1252.76,0.3386,-0.9183,31.5818
2022-03-01,Uganda,Lira,cereals and tubers,Sweet Potato,KG,UGX,Retail,1185.07,0.3203,2.8019,32.5353
2022-04-01,Uganda,Lira,cereals and tubers,Sweet Potato,KG,UGX,Retail,1247.35,0.3371,3.2744,31.0317
2022-05-01,Uganda,Lira,cereals and tubers,Sweet Potato,KG,UGX,Retail,1568.62,0.424,1.6755,30.8275
2022-06-01,Uganda,Lira,cereals and tubers,Sweet Potato,KG,UGX,Retail,1588.51,0.4293,1.6268,34.0136
2022-07-01,Uganda,Lira,cereals and tubers,Sweet Potato,KG,UGX,Retail,1934.49,0.5228,-1.0388,32.2314
2022-08-01,Uganda,Lira,cereals and tubers,Sweet Potato,KG,UGX,Retail,1894.76,0.5121,1.7562,31.3219
2022-09-01,Uganda,Lira,cereals and tubers,Sweet Potato,KG,UGX,Retail,2002.9,0.5413,-0.6128,31.3651
2022-10-01,Uganda,Lira,cereals and tubers,Sweet Potato,KG,UGX,Retail,1979.68,0.535,2.7065,34.113
2022-11-01,Uganda,Lira,cereals and tubers,Sweet Potato,KG,UGX,Retail,1659.32,0.4485,3.0146,33.4909
2022-12-01,Uganda,Lira,cereals and tubers,Sweet Potato,KG,UGX,Retail,1444.38,0.3904,3.6325,33.7986
2023-01-01,Uganda,Lira,cereals and tubers,Sweet Potato,KG,UGX,Retail,1343.1,0.363,0.2891,34.6561
2023-02-01,Uganda,Lira,cereals and tubers,Sweet Potato,KG,UGX,Retail,1352.16,0.3654,1.5709,34.5448
2023-03-01,Uganda,Lira,cereals and tubers,Sweet Potato,KG,UGX,Retail,1351.51,0.3653,-0.8511,33.6907
2023-04-01,Uganda,Lira,cereals and tubers,Sweet Potato,KG,UGX,Retail,1338.37,0.3617,-1.2208,30.8044
2023-05-01,Uganda,Lira,cereals and tubers,Sweet Potato,KG,UGX,Retail,1513.25,0.409,1.4643,30.0677
2023-06-01,Uganda,Lira,cereals and tubers,Sweet Potato,KG,UGX,Retail,1724.08,0.466,0.3471,31.3337
2023-07-01,Uganda,Lira,cereals and tubers,Sweet Potato,KG,UGX,Retail,1922.29,0.5195,2.2736,33.5686
2023-08-01,Uganda,Lira,cereals and tubers,Sweet Potato,KG,UGX,Retail,2076.99,0.5613,0.9368,31.3162
2023-09-01,Uganda,Lira,cereals and tubers,Sweet Potato,KG,UGX,Retail,2273.28,0.6144,3.9371,31.886
2023-10-01,Uganda,Lira,cereals and tubers,Sweet Potato,KG,UGX,Retail,1958.46,0.5293,-1.4182,31.3589
2023-11-01,Uganda,Lira,cereals and tubers,Sweet Potato,KG,UGX,Retail,1805.34,0.4879,0.5526,34.5732
2023-12-01,Uganda,Lira,cereals and tubers,Sweet Potato,KG,UGX,Retail,1692.0,0.4573,3.0353,30.6892
2024-01-01,Uganda,Lira,cereals and tubers,Sweet Potato,KG,UGX,Retail,1585.81,0.4286,1.0408,34.7027
2024-02-01,Uganda,Lira,cereals and tubers,Sweet Potato,KG,UGX,Retail,1381.41,0.3734,2.1197,29.6526
2024-03-01,Uganda,Lira,cereals and tubers,Sweet Potato,KG,UGX,Retail,1318.57,0.3564,-1.1185,34.0261
2024-04-01,Uganda,Lira,cereals and tubers,Sweet Potato,KG,UGX,Retail,1516.37,0.4098,0.3744,32.8937
2024-05-01,Uganda,Lira,cereals and tubers,Sweet Potato,KG,UGX,Retail,1544.06,0.4173,0.84,29.6232
2024-06-01,Uganda,Lira,cereals and tubers,Sweet Potato,KG,UGX,Retail,1686.29,0.4558,2.7116,30.8703
2024-07-01,Uganda,Lira,cereals and tubers,Sweet Potato,KG,UGX,Retail,2096.62,0.5667,-1.4136,34.5032
2024-08-01,Uganda,Lira,cereals and tubers,Sweet Potato,KG,UGX,Retail,2374.82,0.6418,-1.486,32.0722
2024-09-01,Uganda,Lira,cereals and tubers,Sweet Potato,KG,UGX,Retail,2249.62,0.608,3.2987,32.5199
2024-10-01,Uganda,Lira,cereals and tubers,Sweet Potato,KG,UGX,Retail,2336.11,0.6314,-0.3457,30.0161
2024-11-01,Uganda,Lira,cereals and tubers,Sweet Potato,KG,UGX,Retail,1993.05,0.5387,2.0379,34.0946
2024-12-01,Uganda,Lira,cereals and tubers,Sweet Potato,KG,UGX,Retail,1920.77,0.5191,2.0969,32.5072
2025-01-01,Uganda,Lira,cereals and tubers,Sweet Potato,KG,UGX,Retail,1764.74,0.477,3.0672,34.3651
2025-02-01,Uganda,Lira,cereals and tubers,Sweet Potato,KG,UGX,Retail,1545.95,0.4178,0.8,33.4714
2025-03-01,Uganda,Lira,cereals and tubers,Sweet Potato,KG,UGX,Retail,1652.18,0.4465,-0.5074,33.0374
2025-04-01,Uganda,Lira,cereals and tubers,Sweet Potato,KG,UGX,Retail,1933.55,0.5226,1.0686,30.5727
2025-05-01,Uganda,Lira,cereals and tubers,Sweet Potato,KG,UGX,Retail,2343.08,0.6333,2.4783,32.4744
2025-06-01,Uganda,Lira,cereals and tubers,Sweet Potato,KG,UGX,Retail,2705.16,0.7311,1.6741,30.1407
2025-07-01,Uganda,Lira,cereals and tubers,Sweet Potato,KG,UGX,Retail,2793.81,0.7551,0.6224,34.3705
2025-08-01,Uganda,Lira,cereals and tubers,Sweet Potato,KG,UGX,Retail,2918.4,0.7888,1.9113,34.3238
2025-09-01,Uganda,Lira,cereals and tubers,Sweet Potato,KG,UGX,Retail,2851.11,0.7706,3.5371,30.3369
2025-10-01,Uganda,Lira,cereals and tubers,Sweet Potato,KG,UGX,Retail,2896.59,0.7829,-0.9601,32.629
2025-11-01,Uganda,Lira,cereals and tubers,Sweet Potato,KG,UGX,Retail,2498.53,0.6753,2.2446,32.9808
2025-12-01,Uganda,Lira,cereals and tubers,Sweet Potato,KG,UGX,Retail,2179.64,0.5891,3.8073,32.1463
2026-01-01,Uganda,Lira,cereals and tubers,Sweet Potato,KG,UGX,Retail,1943.85,0.5254,4.1299,31.8849
2026-02-01,Uganda,Lira,cereals and tubers,Sweet Potato,KG,UGX,Retail,2048.8,0.5537,-1.3007,30.5628
2026-03-01,Uganda,Lira,cereals and tubers,Sweet Potato,KG,UGX,Retail,2022.52,0.5466,1.2514,34.7563
2026-04-01,Uganda,Lira,cereals and tubers,Sweet Potato,KG,UGX,Retail,2063.29,0.5576,2.0109,33.4879
2026-05-01,Uganda,Lira,cereals and tubers,Sweet Potato,KG,UGX,Retail,2521.92,0.6816,1.5203,32.7228
2026-06-01,Uganda,Lira,cereals and tubers,Sweet Potato,KG,UGX,Retail,2913.52,0.7874,3.4206,31.4163
2026-07-01,Uganda,Lira,cereals and tubers,Sweet Potato,KG,UGX,Retail,3495.45,0.9447,2.1247,31.2968
2018-01-01,Uganda,Lira,cereals and tubers,Groundnuts,KG,UGX,Retail,4420.55,1.1947,4.0072,30.6515
2018-02-01,Uganda,Lira,cereals and tubers,Groundnuts,KG,UGX,Retail,3900.31,1.0541,2.0265,30.0178
2018-03-01,Uganda,Lira,cereals and tubers,Groundnuts,KG,UGX,Retail,3880.11,1.0487,-1.1351,30.2656
2018-04-01,Uganda,Lira,cereals and tubers,Groundnuts,KG,UGX,Retail,4050.48,1.0947,3.2268,31.4466
2018-05-01,Uganda,Lira,cereals and tubers,Groundnuts,KG,UGX,Retail,4417.64,1.194,1.9214,31.2316
2018-06-01,Uganda,Lira,cereals and tubers,Groundnuts,KG,UGX,Retail,5099.74,1.3783,0.702,31.4462
2018-07-01,Uganda,Lira,cereals and tubers,Groundnuts,KG,UGX,Retail,5635.64,1.5231,-1.4366,34.3858
2018-08-01,Uganda,Lira,cereals and tubers,Groundnuts,KG,UGX,Retail,6317.86,1.7075,3.4162,29.631
2018-09-01,Uganda,Lira,cereals and tubers,Groundnuts,KG,UGX,Retail,6356.52,1.718,1.7667,30.1085
2018-10-01,Uganda,Lira,cereals and tubers,Groundnuts,KG,UGX,Retail,6232.09,1.6843,2.9244,30.3846
2018-11-01,Uganda,Lira,cereals and tubers,Groundnuts,KG,UGX,Retail,5861.18,1.5841,-0.7807,32.0553
2018-12-01,Uganda,Lira,cereals and tubers,Groundnuts,KG,UGX,Retail,5277.72,1.4264,-0.6439,34.8262
2019-01-01,Uganda,Lira,cereals and tubers,Groundnuts,KG,UGX,Retail,4947.67,1.3372,-0.0227,33.7926
2019-02-01,Uganda,Lira,cereals and tubers,Groundnuts,KG,UGX,Retail,4681.12,1.2652,3.7303,34.6381
2019-03-01,Uganda,Lira,cereals and tubers,Groundnuts,KG,UGX,Retail,4778.69,1.2915,2.1419,31.4493
2019-04-01,Uganda,Lira,cereals and tubers,Groundnuts,KG,UGX,Retail,4934.72,1.3337,-0.8018,30.5115
2019-05-01,Uganda,Lira,cereals and tubers,Groundnuts,KG,UGX,Retail,5188.98,1.4024,0.1169,32.925
2019-06-01,Uganda,Lira,cereals and tubers,Groundnuts,KG,UGX,Retail,5751.98,1.5546,1.2989,32.5909
2019-07-01,Uganda,Lira,cereals and tubers,Groundnuts,KG,UGX,Retail,6555.15,1.7717,2.5331,30.1437
2019-08-01,Uganda,Lira,cereals and tubers,Groundnuts,KG,UGX,Retail,7171.49,1.9382,2.1556,32.4883
2019-09-01,Uganda,Lira,cereals and tubers,Groundnuts,KG,UGX,Retail,7048.02,1.9049,0.4038,29.8798
2019-10-01,Uganda,Lira,cereals and tubers,Groundnuts,KG,UGX,Retail,6412.32,1.7331,0.9024,32.0044
2019-11-01,Uganda,Lira,cereals and tubers,Groundnuts,KG,UGX,Retail,5712.41,1.5439,2.704,30.785
2019-12-01,Uganda,Lira,cereals and tubers,Groundnuts,KG,UGX,Retail,5147.56,1.3912,-0.7461,30.6479
2020-01-01,Uganda,Lira,cereals and tubers,Groundnuts,KG,UGX,Retail,4413.53,1.1928,-0.7824,31.113
2020-02-01,Uganda,Lira,cereals and tubers,Groundnuts,KG,UGX,Retail,4194.8,1.1337,2.7084,34.6191
2020-03-01,Uganda,Lira,cereals and tubers,Groundnuts,KG,UGX,Retail,4200.28,1.1352,0.2817,33.0148
2020-04-01,Uganda,Lira,cereals and tubers,Groundnuts,KG,UGX,Retail,4490.56,1.2137,2.4735,31.4817
2020-05-01,Uganda,Lira,cereals and tubers,Groundnuts,KG,UGX,Retail,4994.65,1.3499,-0.9646,33.7635
2020-06-01,Uganda,Lira,cereals and tubers,Groundnuts,KG,UGX,Retail,5531.31,1.4949,1.9167,34.232
2020-07-01,Uganda,Lira,cereals and tubers,Groundnuts,KG,UGX,Retail,6751.48,1.8247,0.8566,30.7265
2020-08-01,Uganda,Lira,cereals and tubers,Groundnuts,KG,UGX,Retail,7322.17,1.979,1.7285,31.7893
2020-09-01,Uganda,Lira,cereals and tubers,Groundnuts,KG,UGX,Retail,7039.91,1.9027,-0.2744,31.9883
2020-10-01,Uganda,Lira,cereals and tubers,Groundnuts,KG,UGX,Retail,6154.67,1.6634,-0.7882,31.7524
2020-11-01,Uganda,Lira,cereals and tubers,Groundnuts,KG,UGX,Retail,5819.81,1.5729,0.4317,33.3238
2020-12-01,Uganda,Lira,cereals and tubers,Groundnuts,KG,UGX,Retail,5388.6,1.4564,3.5022,29.8415
2021-01-01,Uganda,Lira,cereals and tubers,Groundnuts,KG,UGX,Retail,4890.37,1.3217,-0.6613,33.3706
2021-02-01,Uganda,Lira,cereals and tubers,Groundnuts,KG,UGX,Retail,5038.91,1.3619,2.5344,30.7547
2021-03-01,Uganda,Lira,cereals and tubers,Groundnuts,KG,UGX,Retail,4966.06,1.3422,-0.7846,30.5166
2021-04-01,Uganda,Lira,cereals and tubers,Groundnuts,KG,UGX,Retail,4863.21,1.3144,0.4196,33.4004
2021-05-01,Uganda,Lira,cereals and tubers,Groundnuts,KG,UGX,Retail,5259.66,1.4215,2.0433,33.5449
2021-06-01,Uganda,Lira,cereals and tubers,Groundnuts,KG,UGX,Retail,6038.68,1.6321,3.6951,30.0348
2021-07-01,Uganda,Lira,cereals and tubers,Groundnuts,KG,UGX,Retail,6397.23,1.729,2.768,30.7715
2021-08-01,Uganda,Lira,cereals and tubers,Groundnuts,KG,UGX,Retail,6953.77,1.8794,0.0217,32.6906
2021-09-01,Uganda,Lira,cereals and tubers,Groundnuts,KG,UGX,Retail,7485.49,2.0231,2.2967,32.8953
2021-10-01,Uganda,Lira,cereals and tubers,Groundnuts,KG,UGX,Retail,6885.29,1.8609,-0.0618,33.7438
2021-11-01,Uganda,Lira,cereals and tubers,Groundnuts,KG,UGX,Retail,6047.2,1.6344,-0.7553,30.6809
2021-12-01,Uganda,Lira,cereals and tubers,Groundnuts,KG,UGX,Retail,5457.3,1.4749,3.8354,31.3623
2022-01-01,Uganda,Lira,cereals and tubers,Groundnuts,KG,UGX,Retail,4994.26,1.3498,-0.6927,29.7737
2022-02-01,Uganda,Lira,cereals and tubers,Groundnuts,KG,UGX,Retail,4642.91,1.2548,3.0438,32.0324
2022-03-01,Uganda,Lira,cereals and tubers,Groundnuts,KG,UGX,Retail,4803.07,1.2981,-1.2291,32.1365
2022-04-01,Uganda,Lira,cereals and tubers,Groundnuts,KG,UGX,Retail,5079.48,1.3728,2.3459,34.2053
2022-05-01,Uganda,Lira,cereals and tubers,Groundnuts,KG,UGX,Retail,5728.27,1.5482,1.3548,33.2551
2022-06-01,Uganda,Lira,cereals and tubers,Groundnuts,KG,UGX,Retail,6683.59,1.8064,3.1501,31.2819
2022-07-01,Uganda,Lira,cereals and tubers,Groundnuts,KG,UGX,Retail,7698.16,2.0806,2.8645,33.4071
2022-08-01,Uganda,Lira,cereals and tubers,Groundnuts,KG,UGX,Retail,8151.0,2.203,3.5848,31.104
2022-09-01,Uganda,Lira,cereals and tubers,Groundnuts,KG,UGX,Retail,8265.93,2.234,4.195,30.9166
2022-10-01,Uganda,Lira,cereals and tubers,Groundnuts,KG,UGX,Retail,7457.63,2.0156,3.6879,30.1566
2022-11-01,Uganda,Lira,cereals and tubers,Groundnuts,KG,UGX,Retail,6456.12,1.7449,1.2825,34.4224
2022-12-01,Uganda,Lira,cereals and tubers,Groundnuts,KG,UGX,Retail,6249.71,1.6891,2.3272,33.7741
2023-01-01,Uganda,Lira,cereals and tubers,Groundnuts,KG,UGX,Retail,5860.94,1.584,2.0783,34.5893
2023-02-01,Uganda,Lira,cereals and tubers,Groundnuts,KG,UGX,Retail,5788.78,1.5645,4.0194,33.0875
2023-03-01,Uganda,Lira,cereals and tubers,Groundnuts,KG,UGX,Retail,5787.62,1.5642,1.6491,32.8808
2023-04-01,Uganda,Lira,cereals and tubers,Groundnuts,KG,UGX,Retail,6075.67,1.6421,-0.9934,32.9448
2023-05-01,Uganda,Lira,cereals and tubers,Groundnuts,KG,UGX,Retail,7209.95,1.9486,0.2181,30.6446
2023-06-01,Uganda,Lira,cereals and tubers,Groundnuts,KG,UGX,Retail,8323.59,2.2496,3.9967,32.9899
2023-07-01,Uganda,Lira,cereals and tubers,Groundnuts,KG,UGX,Retail,9033.96,2.4416,3.5381,30.7768
2023-08-01,Uganda,Lira,cereals and tubers,Groundnuts,KG,UGX,Retail,9874.98,2.6689,-0.294,30.1195
2023-09-01,Uganda,Lira,cereals and tubers,Groundnuts,KG,UGX,Retail,10066.34,2.7206,0.1111,34.5298
2023-10-01,Uganda,Lira,cereals and tubers,Groundnuts,KG,UGX,Retail,10243.08,2.7684,0.5498,34.9171
2023-11-01,Uganda,Lira,cereals and tubers,Groundnuts,KG,UGX,Retail,8920.73,2.411,2.9381,33.8751
2023-12-01,Uganda,Lira,cereals and tubers,Groundnuts,KG,UGX,Retail,8372.17,2.2627,1.9226,34.3521
2024-01-01,Uganda,Lira,cereals and tubers,Groundnuts,KG,UGX,Retail,7793.5,2.1064,1.6582,32.3136
2024-02-01,Uganda,Lira,cereals and tubers,Groundnuts,KG,UGX,Retail,7514.03,2.0308,-1.0044,29.7179
2024-03-01,Uganda,Lira,cereals and tubers,Groundnuts,KG,UGX,Retail,7282.62,1.9683,-1.195,31.8851
2024-04-01,Uganda,Lira,cereals and tubers,Groundnuts,KG,UGX,Retail,7508.46,2.0293,1.9988,33.2385
2024-05-01,Uganda,Lira,cereals and tubers,Groundnuts,KG,UGX,Retail,8479.35,2.2917,3.2853,30.3894
2024-06-01,Uganda,Lira,cereals and tubers,Groundnuts,KG,UGX,Retail,9474.31,2.5606,1.4457,34.622
2024-07-01,Uganda,Lira,cereals and tubers,Groundnuts,KG,UGX,Retail,9849.21,2.6619,2.9612,33.5383
2024-08-01,Uganda,Lira,cereals and tubers,Groundnuts,KG,UGX,Retail,10391.22,2.8084,2.2941,30.3799
2024-09-01,Uganda,Lira,cereals and tubers,Groundnuts,KG,UGX,Retail,10583.61,2.8604,4.1125,34.8899
2024-10-01,Uganda,Lira,cereals and tubers,Groundnuts,KG,UGX,Retail,10429.51,2.8188,-0.126,30.8394
2024-11-01,Uganda,Lira,cereals and tubers,Groundnuts,KG,UGX,Retail,8493.07,2.2954,-0.2245,33.1019
2024-12-01,Uganda,Lira,cereals and tubers,Groundnuts,KG,UGX,Retail,7983.04,2.1576,-0.909,31.0954
2025-01-01,Uganda,Lira,cereals and tubers,Groundnuts,KG,UGX,Retail,7076.41,1.9125,0.3428,32.1424
2025-02-01,Uganda,Lira,cereals and tubers,Groundnuts,KG,UGX,Retail,6559.97,1.773,2.9947,31.2584
2025-03-01,Uganda,Lira,cereals and tubers,Groundnuts,KG,UGX,Retail,6320.82,1.7083,0.1306,33.0801
2025-04-01,Uganda,Lira,cereals and tubers,Groundnuts,KG,UGX,Retail,6537.4,1.7669,3.7818,34.9033
2025-05-01,Uganda,Lira,cereals and tubers,Groundnuts,KG,UGX,Retail,7192.76,1.944,3.7181,30.3371
2025-06-01,Uganda,Lira,cereals and tubers,Groundnuts,KG,UGX,Retail,8282.74,2.2386,-0.3693,31.0956
2025-07-01,Uganda,Lira,cereals and tubers,Groundnuts,KG,UGX,Retail,9314.16,2.5173,2.7293,33.4961
2025-08-01,Uganda,Lira,cereals and tubers,Groundnuts,KG,UGX,Retail,10626.02,2.8719,1.6879,34.6023
2025-09-01,Uganda,Lira,cereals and tubers,Groundnuts,KG,UGX,Retail,10810.23,2.9217,3.3396,30.8394
2025-10-01,Uganda,Lira,cereals and tubers,Groundnuts,KG,UGX,Retail,9999.43,2.7025,2.6965,34.871
2025-11-01,Uganda,Lira,cereals and tubers,Groundnuts,KG,UGX,Retail,8969.85,2.4243,0.3646,31.4487
2025-12-01,Uganda,Lira,cereals and tubers,Groundnuts,KG,UGX,Retail,8046.93,2.1748,3.1593,29.8434
2026-01-01,Uganda,Lira,cereals and tubers,Groundnuts,KG,UGX,Retail,6822.13,1.8438,2.5566,31.7964
2026-02-01,Uganda,Lira,cereals and tubers,Groundnuts,KG,UGX,Retail,6573.25,1.7766,1.9819,32.4221
2026-03-01,Uganda,Lira,cereals and tubers,Groundnuts,KG,UGX,Retail,6165.95,1.6665,2.7666,34.9254
2026-04-01,Uganda,Lira,cereals and tubers,Groundnuts,KG,UGX,Retail,6742.59,1.8223,2.8411,32.5788
2026-05-01,Uganda,Lira,cereals and tubers,Groundnuts,KG,UGX,Retail,6981.88,1.887,1.165,30.7469
2026-06-01,Uganda,Lira,cereals and tubers,Groundnuts,KG,UGX,Retail,8116.12,2.1935,3.2782,34.0
2026-07-01,Uganda,Lira,cereals and tubers,Groundnuts,KG,UGX,Retail,8796.34,2.3774,2.1775,33.5838
2018-01-01,Uganda,Lira,cereals and tubers,Millet,KG,UGX,Retail,1339.39,0.362,0.3082,34.3571
2018-02-01,Uganda,Lira,cereals and tubers,Millet,KG,UGX,Retail,1284.71,0.3472,2.6052,33.1214
2018-03-01,Uganda,Lira,cereals and tubers,Millet,KG,UGX,Retail,1375.04,0.3716,-0.6731,34.582
2018-04-01,Uganda,Lira,cereals and tubers,Millet,KG,UGX,Retail,1426.19,0.3855,3.2683,34.4243
2018-05-01,Uganda,Lira,cereals and tubers,Millet,KG,UGX,Retail,1610.39,0.4352,1.9103,30.1889
2018-06-01,Uganda,Lira,cereals and tubers,Millet,KG,UGX,Retail,1890.75,0.511,1.9864,30.0421
2018-07-01,Uganda,Lira,cereals and tubers,Millet,KG,UGX,Retail,1992.15,0.5384,4.1628,31.3941
2018-08-01,Uganda,Lira,cereals and tubers,Millet,KG,UGX,Retail,2306.43,0.6234,-0.0663,33.0885
2018-09-01,Uganda,Lira,cereals and tubers,Millet,KG,UGX,Retail,2169.24,0.5863,3.0055,32.3675
2018-10-01,Uganda,Lira,cereals and tubers,Millet,KG,UGX,Retail,2026.92,0.5478,1.2513,29.898
2018-11-01,Uganda,Lira,cereals and tubers,Millet,KG,UGX,Retail,1955.69,0.5286,-0.8521,30.7716
2018-12-01,Uganda,Lira,cereals and tubers,Millet,KG,UGX,Retail,1698.14,0.459,-0.3875,32.5118
2019-01-01,Uganda,Lira,cereals and tubers,Millet,KG,UGX,Retail,1491.47,0.4031,3.9294,30.0772
2019-02-01,Uganda,Lira,cereals and tubers,Millet,KG,UGX,Retail,1358.17,0.3671,2.6063,30.2892
2019-03-01,Uganda,Lira,cereals and tubers,Millet,KG,UGX,Retail,1358.62,0.3672,3.4262,33.8528
2019-04-01,Uganda,Lira,cereals and tubers,Millet,KG,UGX,Retail,1555.41,0.4204,2.6073,31.7275
2019-05-01,Uganda,Lira,cereals and tubers,Millet,KG,UGX,Retail,1783.09,0.4819,-0.2155,32.752
2019-06-01,Uganda,Lira,cereals and tubers,Millet,KG,UGX,Retail,2040.28,0.5514,3.472,34.5493
2019-07-01,Uganda,Lira,cereals and tubers,Millet,KG,UGX,Retail,2440.35,0.6596,2.6385,30.7022
2019-08-01,Uganda,Lira,cereals and tubers,Millet,KG,UGX,Retail,2584.27,0.6985,2.4939,30.5793
2019-09-01,Uganda,Lira,cereals and tubers,Millet,KG,UGX,Retail,2809.99,0.7595,1.1322,32.5368
2019-10-01,Uganda,Lira,cereals and tubers,Millet,KG,UGX,Retail,2761.03,0.7462,2.2428,32.7782
2019-11-01,Uganda,Lira,cereals and tubers,Millet,KG,UGX,Retail,2480.07,0.6703,-0.3645,29.7435
2019-12-01,Uganda,Lira,cereals and tubers,Millet,KG,UGX,Retail,2073.24,0.5603,0.4637,32.4638
2020-01-01,Uganda,Lira,cereals and tubers,Millet,KG,UGX,Retail,1968.67,0.5321,-0.4777,32.8489
2020-02-01,Uganda,Lira,cereals and tubers,Millet,KG,UGX,Retail,1971.47,0.5328,-0.4455,33.1591
2020-03-01,Uganda,Lira,cereals and tubers,Millet,KG,UGX,Retail,1926.09,0.5206,1.5275,33.6043
2020-04-01,Uganda,Lira,cereals and tubers,Millet,KG,UGX,Retail,2023.92,0.547,0.4019,34.341
2020-05-01,Uganda,Lira,cereals and tubers,Millet,KG,UGX,Retail,2118.85,0.5727,2.6204,32.9061
2020-06-01,Uganda,Lira,cereals and tubers,Millet,KG,UGX,Retail,2429.15,0.6565,2.7277,32.4732
2020-07-01,Uganda,Lira,cereals and tubers,Millet,KG,UGX,Retail,3009.03,0.8133,3.9114,32.2566
2020-08-01,Uganda,Lira,cereals and tubers,Millet,KG,UGX,Retail,3657.08,0.9884,-0.2591,30.3408
2020-09-01,Uganda,Lira,cereals and tubers,Millet,KG,UGX,Retail,3461.6,0.9356,2.3408,31.0802
2020-10-01,Uganda,Lira,cereals and tubers,Millet,KG,UGX,Retail,2918.77,0.7889,1.3785,31.4824
2020-11-01,Uganda,Lira,cereals and tubers,Millet,KG,UGX,Retail,2515.74,0.6799,2.0157,32.3392
2020-12-01,Uganda,Lira,cereals and tubers,Millet,KG,UGX,Retail,2188.52,0.5915,1.6055,34.6681
2021-01-01,Uganda,Lira,cereals and tubers,Millet,KG,UGX,Retail,2027.5,0.548,0.5417,32.1106
2021-02-01,Uganda,Lira,cereals and tubers,Millet,KG,UGX,Retail,1824.73,0.4932,3.6027,30.6324
2021-03-01,Uganda,Lira,cereals and tubers,Millet,KG,UGX,Retail,1853.7,0.501,0.5772,34.3512
2021-04-01,Uganda,Lira,cereals and tubers,Millet,KG,UGX,Retail,1851.56,0.5004,3.0733,31.0888
2021-05-01,Uganda,Lira,cereals and tubers,Millet,KG,UGX,Retail,2040.92,0.5516,-1.3126,31.8831
2021-06-01,Uganda,Lira,cereals and tubers,Millet,KG,UGX,Retail,2304.82,0.6229,1.5509,32.6275
2021-07-01,Uganda,Lira,cereals and tubers,Millet,KG,UGX,Retail,2838.14,0.7671,-0.334,33.9393
2021-08-01,Uganda,Lira,cereals and tubers,Millet,KG,UGX,Retail,3048.64,0.824,-0.4076,31.3257
2021-09-01,Uganda,Lira,cereals and tubers,Millet,KG,UGX,Retail,3091.5,0.8355,2.5386,32.0625
2021-10-01,Uganda,Lira,cereals and tubers,Millet,KG,UGX,Retail,2776.35,0.7504,3.2387,30.0633
2021-11-01,Uganda,Lira,cereals and tubers,Millet,KG,UGX,Retail,2527.71,0.6832,-0.0846,34.5573
2021-12-01,Uganda,Lira,cereals and tubers,Millet,KG,UGX,Retail,2233.66,0.6037,1.673,32.9602
2022-01-01,Uganda,Lira,cereals and tubers,Millet,KG,UGX,Retail,1864.99,0.5041,3.1456,30.2057
2022-02-01,Uganda,Lira,cereals and tubers,Millet,KG,UGX,Retail,1791.17,0.4841,3.4233,34.3992
2022-03-01,Uganda,Lira,cereals and tubers,Millet,KG,UGX,Retail,1936.04,0.5233,1.6804,33.7251
2022-04-01,Uganda,Lira,cereals and tubers,Millet,KG,UGX,Retail,2059.87,0.5567,3.31,31.8379
2022-05-01,Uganda,Lira,cereals and tubers,Millet,KG,UGX,Retail,2304.62,0.6229,1.2544,30.237
2022-06-01,Uganda,Lira,cereals and tubers,Millet,KG,UGX,Retail,2747.25,0.7425,1.9301,29.9132
2022-07-01,Uganda,Lira,cereals and tubers,Millet,KG,UGX,Retail,3132.34,0.8466,0.1137,29.974
2022-08-01,Uganda,Lira,cereals and tubers,Millet,KG,UGX,Retail,3674.26,0.993,2.6736,32.3933
2022-09-01,Uganda,Lira,cereals and tubers,Millet,KG,UGX,Retail,3724.03,1.0065,1.7882,29.6357
2022-10-01,Uganda,Lira,cereals and tubers,Millet,KG,UGX,Retail,3398.46,0.9185,0.0236,34.3034
2022-11-01,Uganda,Lira,cereals and tubers,Millet,KG,UGX,Retail,3049.49,0.8242,-0.9459,32.0376
2022-12-01,Uganda,Lira,cereals and tubers,Millet,KG,UGX,Retail,2718.84,0.7348,3.8726,32.4139
2023-01-01,Uganda,Lira,cereals and tubers,Millet,KG,UGX,Retail,2243.49,0.6063,-1.246,32.752
2023-02-01,Uganda,Lira,cereals and tubers,Millet,KG,UGX,Retail,2127.61,0.575,3.6821,32.1923
2023-03-01,Uganda,Lira,cereals and tubers,Millet,KG,UGX,Retail,2160.58,0.5839,3.3348,30.1307
2023-04-01,Uganda,Lira,cereals and tubers,Millet,KG,UGX,Retail,2477.44,0.6696,3.5942,31.8921
2023-05-01,Uganda,Lira,cereals and tubers,Millet,KG,UGX,Retail,2928.6,0.7915,3.4767,30.856
2023-06-01,Uganda,Lira,cereals and tubers,Millet,KG,UGX,Retail,3244.3,0.8768,0.7631,32.8024
2023-07-01,Uganda,Lira,cereals and tubers,Millet,KG,UGX,Retail,3859.19,1.043,1.5046,29.8661
2023-08-01,Uganda,Lira,cereals and tubers,Millet,KG,UGX,Retail,3921.64,1.0599,0.8639,31.4087
2023-09-01,Uganda,Lira,cereals and tubers,Millet,KG,UGX,Retail,4116.29,1.1125,-1.2839,30.5054
2023-10-01,Uganda,Lira,cereals and tubers,Millet,KG,UGX,Retail,4213.93,1.1389,1.0108,30.9329
2023-11-01,Uganda,Lira,cereals and tubers,Millet,KG,UGX,Retail,3863.92,1.0443,1.9062,33.6169
2023-12-01,Uganda,Lira,cereals and tubers,Millet,KG,UGX,Retail,3596.8,0.9721,0.0742,34.214
2024-01-01,Uganda,Lira,cereals and tubers,Millet,KG,UGX,Retail,2976.54,0.8045,2.0036,30.7494
2024-02-01,Uganda,Lira,cereals and tubers,Millet,KG,UGX,Retail,2629.14,0.7106,1.2061,30.8842
2024-03-01,Uganda,Lira,cereals and tubers,Millet,KG,UGX,Retail,2509.7,0.6783,0.2588,30.4203
2024-04-01,Uganda,Lira,cereals and tubers,Millet,KG,UGX,Retail,2623.09,0.7089,-0.7748,31.9747
2024-05-01,Uganda,Lira,cereals and tubers,Millet,KG,UGX,Retail,2904.84,0.7851,1.5915,31.2108
2024-06-01,Uganda,Lira,cereals and tubers,Millet,KG,UGX,Retail,3169.37,0.8566,3.8319,34.2929
2024-07-01,Uganda,Lira,cereals and tubers,Millet,KG,UGX,Retail,3663.62,0.9902,0.883,33.3712
2024-08-01,Uganda,Lira,cereals and tubers,Millet,KG,UGX,Retail,3876.16,1.0476,1.2904,30.1363
2024-09-01,Uganda,Lira,cereals and tubers,Millet,KG,UGX,Retail,3868.08,1.0454,-1.4403,33.729
2024-10-01,Uganda,Lira,cereals and tubers,Millet,KG,UGX,Retail,3571.35,0.9652,-0.8923,33.8212
2024-11-01,Uganda,Lira,cereals and tubers,Millet,KG,UGX,Retail,3363.82,0.9091,1.7028,34.0312
2024-12-01,Uganda,Lira,cereals and tubers,Millet,KG,UGX,Retail,3227.02,0.8722,1.1078,34.98
2025-01-01,Uganda,Lira,cereals and tubers,Millet,KG,UGX,Retail,3096.26,0.8368,-0.5224,34.1683
2025-02-01,Uganda,Lira,cereals and tubers,Millet,KG,UGX,Retail,3038.46,0.8212,3.4846,29.9303
2025-03-01,Uganda,Lira,cereals and tubers,Millet,KG,UGX,Retail,2902.74,0.7845,-1.2704,32.8509
2025-04-01,Uganda,Lira,cereals and tubers,Millet,KG,UGX,Retail,3180.03,0.8595,0.7952,30.0898
2025-05-01,Uganda,Lira,cereals and tubers,Millet,KG,UGX,Retail,3271.49,0.8842,0.4839,33.0747
2025-06-01,Uganda,Lira,cereals and tubers,Millet,KG,UGX,Retail,3717.11,1.0046,-0.9128,31.869
2025-07-01,Uganda,Lira,cereals and tubers,Millet,KG,UGX,Retail,4204.02,1.1362,-0.0245,31.7982
2025-08-01,Uganda,Lira,cereals and tubers,Millet,KG,UGX,Retail,5008.07,1.3535,0.7964,29.7666
2025-09-01,Uganda,Lira,cereals and tubers,Millet,KG,UGX,Retail,5535.36,1.496,2.9237,30.9419
2025-10-01,Uganda,Lira,cereals and tubers,Millet,KG,UGX,Retail,5033.04,1.3603,1.1614,32.1538
2025-11-01,Uganda,Lira,cereals and tubers,Millet,KG,UGX,Retail,4452.5,1.2034,0.6848,30.8878
2025-12-01,Uganda,Lira,cereals and tubers,Millet,KG,UGX,Retail,4073.72,1.101,2.3299,32.1377
2026-01-01,Uganda,Lira,cereals and tubers,Millet,KG,UGX,Retail,3844.53,1.0391,1.1087,31.84
2026-02-01,Uganda,Lira,cereals and tubers,Millet,KG,UGX,Retail,3717.79,1.0048,-0.3633,34.0844
2026-03-01,Uganda,Lira,cereals and tubers,Millet,KG,UGX,Retail,4091.54,1.1058,3.6421,29.7453
2026-04-01,Uganda,Lira,cereals and tubers,Millet,KG,UGX,Retail,4327.81,1.1697,-1.1675,33.8099
2026-05-01,Uganda,Lira,cereals and tubers,Millet,KG,UGX,Retail,4971.89,1.3438,1.7258,34.5488
2026-06-01,Uganda,Lira,cereals and tubers,Millet,KG,UGX,Retail,5713.47,1.5442,-0.4836,33.9021
2026-07-01,Uganda,Lira,cereals and tubers,Millet,KG,UGX,Retail,6160.24,1.6649,-1.4249,32.2285
2018-01-01,Uganda,Arua,cereals and tubers,Maize,KG,UGX,Retail,1177.41,0.3182,0.9508,33.6955
2018-02-01,Uganda,Arua,cereals and tubers,Maize,KG,UGX,Retail,1045.64,0.2826,1.1044,31.3457
2018-03-01,Uganda,Arua,cereals and tubers,Maize,KG,UGX,Retail,1129.58,0.3053,0.6028,30.5185
2018-04-01,Uganda,Arua,cereals and tubers,Maize,KG,UGX,Retail,1157.65,0.3129,3.498,31.1303
2018-05-01,Uganda,Arua,cereals and tubers,Maize,KG,UGX,Retail,1345.33,0.3636,-0.7395,29.898
2018-06-01,Uganda,Arua,cereals and tubers,Maize,KG,UGX,Retail,1471.26,0.3976,1.5596,33.5401
2018-07-01,Uganda,Arua,cereals and tubers,Maize,KG,UGX,Retail,1659.03,0.4484,0.5082,33.9141
2018-08-01,Uganda,Arua,cereals and tubers,Maize,KG,UGX,Retail,1850.78,0.5002,2.728,33.4434
2018-09-01,Uganda,Arua,cereals and tubers,Maize,KG,UGX,Retail,1913.11,0.5171,3.2955,30.0797
2018-10-01,Uganda,Arua,cereals and tubers,Maize,KG,UGX,Retail,1919.92,0.5189,1.7261,34.422
2018-11-01,Uganda,Arua,cereals and tubers,Maize,KG,UGX,Retail,1683.19,0.4549,-1.3542,33.5021
2018-12-01,Uganda,Arua,cereals and tubers,Maize,KG,UGX,Retail,1538.65,0.4159,2.1595,34.2517
2019-01-01,Uganda,Arua,cereals and tubers,Maize,KG,UGX,Retail,1349.58,0.3648,3.4094,31.4581
2019-02-01,Uganda,Arua,cereals and tubers,Maize,KG,UGX,Retail,1185.7,0.3205,3.3338,34.5162
2019-03-01,Uganda,Arua,cereals and tubers,Maize,KG,UGX,Retail,1211.66,0.3275,-0.4653,31.4729
2019-04-01,Uganda,Arua,cereals and tubers,Maize,KG,UGX,Retail,1310.06,0.3541,3.4874,32.7333
2019-05-01,Uganda,Arua,cereals and tubers,Maize,KG,UGX,Retail,1392.25,0.3763,0.2314,34.2279
2019-06-01,Uganda,Arua,cereals and tubers,Maize,KG,UGX,Retail,1670.22,0.4514,-0.914,31.2312
2019-07-01,Uganda,Arua,cereals and tubers,Maize,KG,UGX,Retail,1753.16,0.4738,1.3128,30.5265
2019-08-01,Uganda,Arua,cereals and tubers,Maize,KG,UGX,Retail,1898.75,0.5132,3.9354,31.9326
2019-09-01,Uganda,Arua,cereals and tubers,Maize,KG,UGX,Retail,1976.69,0.5342,-0.6275,31.2446
2019-10-01,Uganda,Arua,cereals and tubers,Maize,KG,UGX,Retail,1801.4,0.4869,2.9813,31.9517
2019-11-01,Uganda,Arua,cereals and tubers,Maize,KG,UGX,Retail,1610.03,0.4351,0.6675,34.2674
2019-12-01,Uganda,Arua,cereals and tubers,Maize,KG,UGX,Retail,1409.29,0.3809,0.4792,34.2174
2020-01-01,Uganda,Arua,cereals and tubers,Maize,KG,UGX,Retail,1296.66,0.3504,2.8116,33.2173
2020-02-01,Uganda,Arua,cereals and tubers,Maize,KG,UGX,Retail,1174.43,0.3174,2.5331,30.9728
2020-03-01,Uganda,Arua,cereals and tubers,Maize,KG,UGX,Retail,1089.55,0.2945,2.266,32.7741
2020-04-01,Uganda,Arua,cereals and tubers,Maize,KG,UGX,Retail,1170.54,0.3164,1.2009,30.5611
2020-05-01,Uganda,Arua,cereals and tubers,Maize,KG,UGX,Retail,1246.82,0.337,3.3225,29.6471
2020-06-01,Uganda,Arua,cereals and tubers,Maize,KG,UGX,Retail,1299.25,0.3511,-1.1831,31.715
2020-07-01,Uganda,Arua,cereals and tubers,Maize,KG,UGX,Retail,1414.34,0.3823,0.8234,34.0407
2020-08-01,Uganda,Arua,cereals and tubers,Maize,KG,UGX,Retail,1582.63,0.4277,1.4158,32.7454
2020-09-01,Uganda,Arua,cereals and tubers,Maize,KG,UGX,Retail,1610.35,0.4352,-0.9664,31.4284
2020-10-01,Uganda,Arua,cereals and tubers,Maize,KG,UGX,Retail,1509.36,0.4079,4.0856,34.1807
2020-11-01,Uganda,Arua,cereals and tubers,Maize,KG,UGX,Retail,1286.35,0.3477,1.4479,32.6472
2020-12-01,Uganda,Arua,cereals and tubers,Maize,KG,UGX,Retail,1235.76,0.334,3.4569,33.9323
2021-01-01,Uganda,Arua,cereals and tubers,Maize,KG,UGX,Retail,1178.4,0.3185,3.5139,30.2144
2021-02-01,Uganda,Arua,cereals and tubers,Maize,KG,UGX,Retail,1154.37,0.312,4.0638,32.5418
2021-03-01,Uganda,Arua,cereals and tubers,Maize,KG,UGX,Retail,1214.38,0.3282,1.3674,33.0872
2021-04-01,Uganda,Arua,cereals and tubers,Maize,KG,UGX,Retail,1203.9,0.3254,3.1294,29.8659
2021-05-01,Uganda,Arua,cereals and tubers,Maize,KG,UGX,Retail,1282.05,0.3465,-1.3828,34.396
2021-06-01,Uganda,Arua,cereals and tubers,Maize,KG,UGX,Retail,1408.81,0.3808,2.0618,32.6813
2021-07-01,Uganda,Arua,cereals and tubers,Maize,KG,UGX,Retail,1565.41,0.4231,1.7115,33.4642
2021-08-01,Uganda,Arua,cereals and tubers,Maize,KG,UGX,Retail,1671.21,0.4517,-0.9853,31.5805
2021-09-01,Uganda,Arua,cereals and tubers,Maize,KG,UGX,Retail,1759.85,0.4756,0.3536,33.7058
2021-10-01,Uganda,Arua,cereals and tubers,Maize,KG,UGX,Retail,1729.61,0.4675,3.2235,30.3924
2021-11-01,Uganda,Arua,cereals and tubers,Maize,KG,UGX,Retail,1541.99,0.4168,-0.4542,32.4513
2021-12-01,Uganda,Arua,cereals and tubers,Maize,KG,UGX,Retail,1451.54,0.3923,2.1328,30.7488
2022-01-01,Uganda,Arua,cereals and tubers,Maize,KG,UGX,Retail,1331.04,0.3597,1.7694,34.7693
2022-02-01,Uganda,Arua,cereals and tubers,Maize,KG,UGX,Retail,1352.88,0.3656,1.9622,34.0775
2022-03-01,Uganda,Arua,cereals and tubers,Maize,KG,UGX,Retail,1495.9,0.4043,2.1066,31.7082
2022-04-01,Uganda,Arua,cereals and tubers,Maize,KG,UGX,Retail,1440.79,0.3894,-1.3605,31.9096
2022-05-01,Uganda,Arua,cereals and tubers,Maize,KG,UGX,Retail,1630.17,0.4406,1.1256,30.885
2022-06-01,Uganda,Arua,cereals and tubers,Maize,KG,UGX,Retail,1883.15,0.509,3.3435,30.7169
2022-07-01,Uganda,Arua,cereals and tubers,Maize,KG,UGX,Retail,2238.08,0.6049,4.1449,34.5292
2022-08-01,Uganda,Arua,cereals and tubers,Maize,KG,UGX,Retail,2319.76,0.627,1.5229,29.9532
2022-09-01,Uganda,Arua,cereals and tubers,Maize,KG,UGX,Retail,2238.59,0.605,1.0168,31.8596
2022-10-01,Uganda,Arua,cereals and tubers,Maize,KG,UGX,Retail,2128.87,0.5754,1.7423,30.383
2022-11-01,Uganda,Arua,cereals and tubers,Maize,KG,UGX,Retail,2020.69,0.5461,1.2999,32.6589
2022-12-01,Uganda,Arua,cereals and tubers,Maize,KG,UGX,Retail,1846.91,0.4992,-0.4447,30.546
2023-01-01,Uganda,Arua,cereals and tubers,Maize,KG,UGX,Retail,1735.63,0.4691,2.9809,29.9161
2023-02-01,Uganda,Arua,cereals and tubers,Maize,KG,UGX,Retail,1677.97,0.4535,1.3543,32.6335
2023-03-01,Uganda,Arua,cereals and tubers,Maize,KG,UGX,Retail,1646.45,0.445,-1.1798,30.9488
2023-04-01,Uganda,Arua,cereals and tubers,Maize,KG,UGX,Retail,1760.95,0.4759,0.8499,32.6268
2023-05-01,Uganda,Arua,cereals and tubers,Maize,KG,UGX,Retail,1977.99,0.5346,-1.2363,32.0283
2023-06-01,Uganda,Arua,cereals and tubers,Maize,KG,UGX,Retail,2168.18,0.586,-0.8932,34.7343
2023-07-01,Uganda,Arua,cereals and tubers,Maize,KG,UGX,Retail,2336.14,0.6314,0.2755,34.7123
2023-08-01,Uganda,Arua,cereals and tubers,Maize,KG,UGX,Retail,2601.09,0.703,4.0911,34.114
2023-09-01,Uganda,Arua,cereals and tubers,Maize,KG,UGX,Retail,2806.01,0.7584,1.9174,33.9108
2023-10-01,Uganda,Arua,cereals and tubers,Maize,KG,UGX,Retail,2711.19,0.7328,0.5164,32.9965
2023-11-01,Uganda,Arua,cereals and tubers,Maize,KG,UGX,Retail,2430.06,0.6568,-0.8262,30.9489
2023-12-01,Uganda,Arua,cereals and tubers,Maize,KG,UGX,Retail,2091.46,0.5653,0.5896,32.3397
2024-01-01,Uganda,Arua,cereals and tubers,Maize,KG,UGX,Retail,1825.91,0.4935,-0.3936,33.1124
2024-02-01,Uganda,Arua,cereals and tubers,Maize,KG,UGX,Retail,1614.59,0.4364,2.3067,31.7638
2024-03-01,Uganda,Arua,cereals and tubers,Maize,KG,UGX,Retail,1595.71,0.4313,0.6759,34.1687
2024-04-01,Uganda,Arua,cereals and tubers,Maize,KG,UGX,Retail,1759.82,0.4756,3.5918,31.0508
2024-05-01,Uganda,Arua,cereals and tubers,Maize,KG,UGX,Retail,1999.36,0.5404,1.7057,30.8115
2024-06-01,Uganda,Arua,cereals and tubers,Maize,KG,UGX,Retail,2350.78,0.6353,3.0732,33.8744
2024-07-01,Uganda,Arua,cereals and tubers,Maize,KG,UGX,Retail,2659.86,0.7189,4.0739,32.1043
2024-08-01,Uganda,Arua,cereals and tubers,Maize,KG,UGX,Retail,2765.5,0.7474,3.1707,30.795
2024-09-01,Uganda,Arua,cereals and tubers,Maize,KG,UGX,Retail,2744.25,0.7417,-1.1009,31.3707
2024-10-01,Uganda,Arua,cereals and tubers,Maize,KG,UGX,Retail,2526.52,0.6828,0.2258,32.8032
2024-11-01,Uganda,Arua,cereals and tubers,Maize,KG,UGX,Retail,2277.37,0.6155,3.8453,30.1079
2024-12-01,Uganda,Arua,cereals and tubers,Maize,KG,UGX,Retail,2003.84,0.5416,1.8621,30.1299
2025-01-01,Uganda,Arua,cereals and tubers,Maize,KG,UGX,Retail,1936.44,0.5234,2.0599,33.8149
2025-02-01,Uganda,Arua,cereals and tubers,Maize,KG,UGX,Retail,1946.66,0.5261,2.3075,33.0877
2025-03-01,Uganda,Arua,cereals and tubers,Maize,KG,UGX,Retail,1877.96,0.5076,0.2884,33.6505
2025-04-01,Uganda,Arua,cereals and tubers,Maize,KG,UGX,Retail,2005.31,0.542,-0.1366,32.9543
2025-05-01,Uganda,Arua,cereals and tubers,Maize,KG,UGX,Retail,2201.94,0.5951,0.0642,32.0397
2025-06-01,Uganda,Arua,cereals and tubers,Maize,KG,UGX,Retail,2452.21,0.6628,2.909,29.6037
2025-07-01,Uganda,Arua,cereals and tubers,Maize,KG,UGX,Retail,2722.68,0.7359,-0.4493,33.0929
2025-08-01,Uganda,Arua,cereals and tubers,Maize,KG,UGX,Retail,2996.67,0.8099,1.3564,32.527
2025-09-01,Uganda,Arua,cereals and tubers,Maize,KG,UGX,Retail,2983.2,0.8063,0.2859,33.6236
2025-10-01,Uganda,Arua,cereals and tubers,Maize,KG,UGX,Retail,2828.89,0.7646,2.8976,33.1371
2025-11-01,Uganda,Arua,cereals and tubers,Maize,KG,UGX,Retail,2538.67,0.6861,-0.0172,32.3334
2025-12-01,Uganda,Arua,cereals and tubers,Maize,KG,UGX,Retail,2191.86,0.5924,3.7013,33.2471
2026-01-01,Uganda,Arua,cereals and tubers,Maize,KG,UGX,Retail,2135.39,0.5771,2.6763,31.1354
2026-02-01,Uganda,Arua,cereals and tubers,Maize,KG,UGX,Retail,1846.63,0.4991,3.0653,30.0876
2026-03-01,Uganda,Arua,cereals and tubers,Maize,KG,UGX,Retail,1776.18,0.48,3.5838,34.8003
2026-04-01,Uganda,Arua,cereals and tubers,Maize,KG,UGX,Retail,1830.2,0.4946,0.1776,32.7404
2026-05-01,Uganda,Arua,cereals and tubers,Maize,KG,UGX,Retail,1948.04,0.5265,2.7988,30.4297
2026-06-01,Uganda,Arua,cereals and tubers,Maize,KG,UGX,Retail,2276.86,0.6154,-1.0958,33.4414
2026-07-01,Uganda,Arua,cereals and tubers,Maize,KG,UGX,Retail,2648.62,0.7158,-0.3733,30.5164
2018-01-01,Uganda,Arua,cereals and tubers,Beans,KG,UGX,Retail,3008.27,0.813,3.8649,32.2278
2018-02-01,Uganda,Arua,cereals and tubers,Beans,KG,UGX,Retail,2864.06,0.7741,-0.5288,29.7021
2018-03-01,Uganda,Arua,cereals and tubers,Beans,KG,UGX,Retail,2670.77,0.7218,-0.8726,29.7459
2018-04-01,Uganda,Arua,cereals and tubers,Beans,KG,UGX,Retail,2699.8,0.7297,0.3156,33.6547
2018-05-01,Uganda,Arua,cereals and tubers,Beans,KG,UGX,Retail,3139.32,0.8485,2.3684,32.9509
2018-06-01,Uganda,Arua,cereals and tubers,Beans,KG,UGX,Retail,3522.45,0.952,-0.4513,33.889
2018-07-01,Uganda,Arua,cereals and tubers,Beans,KG,UGX,Retail,4255.69,1.1502,4.066,33.9662
2018-08-01,Uganda,Arua,cereals and tubers,Beans,KG,UGX,Retail,4756.29,1.2855,3.8986,34.001
2018-09-01,Uganda,Arua,cereals and tubers,Beans,KG,UGX,Retail,5017.81,1.3562,-0.5584,34.6566
2018-10-01,Uganda,Arua,cereals and tubers,Beans,KG,UGX,Retail,4601.73,1.2437,2.9295,31.7884
2018-11-01,Uganda,Arua,cereals and tubers,Beans,KG,UGX,Retail,3877.81,1.0481,-0.9764,33.5153
2018-12-01,Uganda,Arua,cereals and tubers,Beans,KG,UGX,Retail,3393.91,0.9173,3.6322,30.6174
2019-01-01,Uganda,Arua,cereals and tubers,Beans,KG,UGX,Retail,3360.05,0.9081,-0.3815,30.0243
2019-02-01,Uganda,Arua,cereals and tubers,Beans,KG,UGX,Retail,3128.61,0.8456,-0.7997,30.6846
2019-03-01,Uganda,Arua,cereals and tubers,Beans,KG,UGX,Retail,3070.94,0.83,-0.0935,30.8004
2019-04-01,Uganda,Arua,cereals and tubers,Beans,KG,UGX,Retail,3142.48,0.8493,0.773,34.1116
2019-05-01,Uganda,Arua,cereals and tubers,Beans,KG,UGX,Retail,3457.31,0.9344,0.1428,32.8288
2019-06-01,Uganda,Arua,cereals and tubers,Beans,KG,UGX,Retail,3723.98,1.0065,0.5776,33.5769
2019-07-01,Uganda,Arua,cereals and tubers,Beans,KG,UGX,Retail,3924.71,1.0607,1.5955,33.562
2019-08-01,Uganda,Arua,cereals and tubers,Beans,KG,UGX,Retail,4288.66,1.1591,1.0932,30.1142
2019-09-01,Uganda,Arua,cereals and tubers,Beans,KG,UGX,Retail,4115.67,1.1123,1.9645,31.3654
2019-10-01,Uganda,Arua,cereals and tubers,Beans,KG,UGX,Retail,3777.34,1.0209,3.7771,31.301
2019-11-01,Uganda,Arua,cereals and tubers,Beans,KG,UGX,Retail,3345.66,0.9042,-0.9243,32.7177
2019-12-01,Uganda,Arua,cereals and tubers,Beans,KG,UGX,Retail,2940.26,0.7947,3.3043,33.2869
2020-01-01,Uganda,Arua,cereals and tubers,Beans,KG,UGX,Retail,2645.11,0.7149,1.7243,30.8519
2020-02-01,Uganda,Arua,cereals and tubers,Beans,KG,UGX,Retail,2493.95,0.674,2.0304,30.7065
2020-03-01,Uganda,Arua,cereals and tubers,Beans,KG,UGX,Retail,2494.0,0.6741,1.7683,30.7296
2020-04-01,Uganda,Arua,cereals and tubers,Beans,KG,UGX,Retail,2555.92,0.6908,1.6147,30.4935
2020-05-01,Uganda,Arua,cereals and tubers,Beans,KG,UGX,Retail,2807.6,0.7588,3.9683,31.8907
2020-06-01,Uganda,Arua,cereals and tubers,Beans,KG,UGX,Retail,3244.15,0.8768,1.1284,31.1126
2020-07-01,Uganda,Arua,cereals and tubers,Beans,KG,UGX,Retail,3657.1,0.9884,1.7999,34.4287
2020-08-01,Uganda,Arua,cereals and tubers,Beans,KG,UGX,Retail,3604.74,0.9743,-0.9517,31.7646
2020-09-01,Uganda,Arua,cereals and tubers,Beans,KG,UGX,Retail,3638.03,0.9833,0.2553,33.2146
2020-10-01,Uganda,Arua,cereals and tubers,Beans,KG,UGX,Retail,3335.43,0.9015,3.2912,32.1779
2020-11-01,Uganda,Arua,cereals and tubers,Beans,KG,UGX,Retail,2903.74,0.7848,3.538,33.2872
2020-12-01,Uganda,Arua,cereals and tubers,Beans,KG,UGX,Retail,2561.68,0.6923,3.106,32.6621
2021-01-01,Uganda,Arua,cereals and tubers,Beans,KG,UGX,Retail,2245.28,0.6068,0.1994,34.3268
2021-02-01,Uganda,Arua,cereals and tubers,Beans,KG,UGX,Retail,1994.9,0.5392,3.8662,31.3661
2021-03-01,Uganda,Arua,cereals and tubers,Beans,KG,UGX,Retail,2100.95,0.5678,0.3812,34.7478
2021-04-01,Uganda,Arua,cereals and tubers,Beans,KG,UGX,Retail,2290.65,0.6191,0.5139,34.2843
2021-05-01,Uganda,Arua,cereals and tubers,Beans,KG,UGX,Retail,2597.51,0.702,0.071,34.4533
2021-06-01,Uganda,Arua,cereals and tubers,Beans,KG,UGX,Retail,2997.52,0.8101,-0.8971,32.733
2021-07-01,Uganda,Arua,cereals and tubers,Beans,KG,UGX,Retail,3158.99,0.8538,-0.2737,32.9232
2021-08-01,Uganda,Arua,cereals and tubers,Beans,KG,UGX,Retail,3004.58,0.812,1.1777,30.9814
2021-09-01,Uganda,Arua,cereals and tubers,Beans,KG,UGX,Retail,3177.03,0.8587,1.6606,30.7616
2021-10-01,Uganda,Arua,cereals and tubers,Beans,KG,UGX,Retail,3037.14,0.8208,3.1905,31.0326
2021-11-01,Uganda,Arua,cereals and tubers,Beans,KG,UGX,Retail,2809.64,0.7594,0.0261,31.1803
2021-12-01,Uganda,Arua,cereals and tubers,Beans,KG,UGX,Retail,2480.22,0.6703,-0.5606,33.3099
2022-01-01,Uganda,Arua,cereals and tubers,Beans,KG,UGX,Retail,2192.95,0.5927,3.5984,30.9007
2022-02-01,Uganda,Arua,cereals and tubers,Beans,KG,UGX,Retail,1993.72,0.5388,0.5442,30.389
2022-03-01,Uganda,Arua,cereals and tubers,Beans,KG,UGX,Retail,2126.67,0.5748,2.5894,33.8994
2022-04-01,Uganda,Arua,cereals and tubers,Beans,KG,UGX,Retail,2591.94,0.7005,-0.1159,30.3595
2022-05-01,Uganda,Arua,cereals and tubers,Beans,KG,UGX,Retail,3003.31,0.8117,3.2254,31.3848
2022-06-01,Uganda,Arua,cereals and tubers,Beans,KG,UGX,Retail,3390.21,0.9163,2.2623,30.6803
2022-07-01,Uganda,Arua,cereals and tubers,Beans,KG,UGX,Retail,3659.49,0.9891,-1.4152,32.3478
2022-08-01,Uganda,Arua,cereals and tubers,Beans,KG,UGX,Retail,3878.37,1.0482,3.5183,33.4978
2022-09-01,Uganda,Arua,cereals and tubers,Beans,KG,UGX,Retail,3957.91,1.0697,3.0003,33.8726
2022-10-01,Uganda,Arua,cereals and tubers,Beans,KG,UGX,Retail,3869.02,1.0457,3.797,33.9376
2022-11-01,Uganda,Arua,cereals and tubers,Beans,KG,UGX,Retail,3307.38,0.8939,0.6748,31.4896
2022-12-01,Uganda,Arua,cereals and tubers,Beans,KG,UGX,Retail,2943.36,0.7955,3.9362,32.9242
2023-01-01,Uganda,Arua,cereals and tubers,Beans,KG,UGX,Retail,2758.42,0.7455,3.8667,33.3815
2023-02-01,Uganda,Arua,cereals and tubers,Beans,KG,UGX,Retail,2574.29,0.6958,3.6671,31.4587
2023-03-01,Uganda,Arua,cereals and tubers,Beans,KG,UGX,Retail,2569.46,0.6944,1.2316,34.5876
2023-04-01,Uganda,Arua,cereals and tubers,Beans,KG,UGX,Retail,2760.86,0.7462,0.3998,33.1649
2023-05-01,Uganda,Arua,cereals and tubers,Beans,KG,UGX,Retail,3064.31,0.8282,-0.3037,34.7194
2023-06-01,Uganda,Arua,cereals and tubers,Beans,KG,UGX,Retail,3353.02,0.9062,0.4726,31.5312
2023-07-01,Uganda,Arua,cereals and tubers,Beans,KG,UGX,Retail,3887.93,1.0508,2.3407,32.6296
2023-08-01,Uganda,Arua,cereals and tubers,Beans,KG,UGX,Retail,4228.41,1.1428,-1.1912,34.0228
2023-09-01,Uganda,Arua,cereals and tubers,Beans,KG,UGX,Retail,4093.0,1.1062,3.5216,29.8336
2023-10-01,Uganda,Arua,cereals and tubers,Beans,KG,UGX,Retail,3862.42,1.0439,-0.4729,30.8045
2023-11-01,Uganda,Arua,cereals and tubers,Beans,KG,UGX,Retail,3518.85,0.951,2.2362,34.4201
2023-12-01,Uganda,Arua,cereals and tubers,Beans,KG,UGX,Retail,3079.31,0.8322,1.5352,31.3242
2024-01-01,Uganda,Arua,cereals and tubers,Beans,KG,UGX,Retail,2854.04,0.7714,-0.8702,31.226
2024-02-01,Uganda,Arua,cereals and tubers,Beans,KG,UGX,Retail,2915.21,0.7879,-0.2792,32.7676
2024-03-01,Uganda,Arua,cereals and tubers,Beans,KG,UGX,Retail,2931.85,0.7924,-0.9265,34.0599
2024-04-01,Uganda,Arua,cereals and tubers,Beans,KG,UGX,Retail,3317.21,0.8965,1.9659,31.5009
2024-05-01,Uganda,Arua,cereals and tubers,Beans,KG,UGX,Retail,3747.32,1.0128,2.533,29.9209
2024-06-01,Uganda,Arua,cereals and tubers,Beans,KG,UGX,Retail,4259.8,1.1513,0.8592,31.2104
2024-07-01,Uganda,Arua,cereals and tubers,Beans,KG,UGX,Retail,4834.56,1.3066,2.5925,31.2376
2024-08-01,Uganda,Arua,cereals and tubers,Beans,KG,UGX,Retail,4740.45,1.2812,-0.6089,32.8046
2024-09-01,Uganda,Arua,cereals and tubers,Beans,KG,UGX,Retail,4474.8,1.2094,0.8748,34.9795
2024-10-01,Uganda,Arua,cereals and tubers,Beans,KG,UGX,Retail,4137.3,1.1182,3.0378,34.6118
2024-11-01,Uganda,Arua,cereals and tubers,Beans,KG,UGX,Retail,3852.93,1.0413,-0.8768,31.3633
2024-12-01,Uganda,Arua,cereals and tubers,Beans,KG,UGX,Retail,3221.61,0.8707,1.93,34.99
2025-01-01,Uganda,Arua,cereals and tubers,Beans,KG,UGX,Retail,3130.94,0.8462,0.0312,32.6823
2025-02-01,Uganda,Arua,cereals and tubers,Beans,KG,UGX,Retail,2816.25,0.7611,-0.19,33.6538
2025-03-01,Uganda,Arua,cereals and tubers,Beans,KG,UGX,Retail,2954.53,0.7985,2.0513,31.8988
2025-04-01,Uganda,Arua,cereals and tubers,Beans,KG,UGX,Retail,3145.85,0.8502,2.116,33.2345
2025-05-01,Uganda,Arua,cereals and tubers,Beans,KG,UGX,Retail,3623.7,0.9794,3.0486,32.3503
2025-06-01,Uganda,Arua,cereals and tubers,Beans,KG,UGX,Retail,4157.84,1.1237,3.9355,34.6978
2025-07-01,Uganda,Arua,cereals and tubers,Beans,KG,UGX,Retail,4425.79,1.1962,3.8927,33.7876
2025-08-01,Uganda,Arua,cereals and tubers,Beans,KG,UGX,Retail,4618.92,1.2484,1.4602,29.7887
2025-09-01,Uganda,Arua,cereals and tubers,Beans,KG,UGX,Retail,4900.08,1.3243,3.8192,31.5883
2025-10-01,Uganda,Arua,cereals and tubers,Beans,KG,UGX,Retail,4641.08,1.2543,-0.2029,32.5211
2025-11-01,Uganda,Arua,cereals and tubers,Beans,KG,UGX,Retail,3975.96,1.0746,-0.273,32.5888
2025-12-01,Uganda,Arua,cereals and tubers,Beans,KG,UGX,Retail,3870.13,1.046,2.7629,33.391
2026-01-01,Uganda,Arua,cereals and tubers,Beans,KG,UGX,Retail,3621.41,0.9788,0.6535,32.8361
2026-02-01,Uganda,Arua,cereals and tubers,Beans,KG,UGX,Retail,3408.6,0.9212,2.3806,32.7064
2026-03-01,Uganda,Arua,cereals and tubers,Beans,KG,UGX,Retail,3021.94,0.8167,-0.0818,29.9014
2026-04-01,Uganda,Arua,cereals and tubers,Beans,KG,UGX,Retail,3415.99,0.9232,-1.1538,34.476
2026-05-01,Uganda,Arua,cereals and tubers,Beans,KG,UGX,Retail,3367.14,0.91,3.7368,32.6508
2026-06-01,Uganda,Arua,cereals and tubers,Beans,KG,UGX,Retail,4103.47,1.109,2.6114,32.4356
2026-07-01,Uganda,Arua,cereals and tubers,Beans,KG,UGX,Retail,4261.22,1.1517,-1.4837,30.9549
2018-01-01,Uganda,Arua,cereals and tubers,Rice,KG,UGX,Retail,4010.11,1.0838,0.0701,33.66
2018-02-01,Uganda,Arua,cereals and tubers,Rice,KG,UGX,Retail,3804.21,1.0282,0.2585,34.9519
2018-03-01,Uganda,Arua,cereals and tubers,Rice,KG,UGX,Retail,3724.66,1.0067,1.8178,32.0922
2018-04-01,Uganda,Arua,cereals and tubers,Rice,KG,UGX,Retail,3729.02,1.0078,-0.2797,33.3489
2018-05-01,Uganda,Arua,cereals and tubers,Rice,KG,UGX,Retail,4052.22,1.0952,3.0658,32.9753
2018-06-01,Uganda,Arua,cereals and tubers,Rice,KG,UGX,Retail,4342.19,1.1736,0.1348,30.3408
2018-07-01,Uganda,Arua,cereals and tubers,Rice,KG,UGX,Retail,4785.2,1.2933,1.5379,29.6153
2018-08-01,Uganda,Arua,cereals and tubers,Rice,KG,UGX,Retail,4993.54,1.3496,1.252,33.0726
2018-09-01,Uganda,Arua,cereals and tubers,Rice,KG,UGX,Retail,4955.23,1.3393,-1.2981,31.4866
2018-10-01,Uganda,Arua,cereals and tubers,Rice,KG,UGX,Retail,4399.75,1.1891,2.2994,31.1026
2018-11-01,Uganda,Arua,cereals and tubers,Rice,KG,UGX,Retail,3756.08,1.0152,2.3938,29.7464
2018-12-01,Uganda,Arua,cereals and tubers,Rice,KG,UGX,Retail,3218.79,0.8699,0.9174,30.8911
2019-01-01,Uganda,Arua,cereals and tubers,Rice,KG,UGX,Retail,2921.41,0.7896,-0.2621,32.6473
2019-02-01,Uganda,Arua,cereals and tubers,Rice,KG,UGX,Retail,2734.21,0.739,0.8124,32.3563
2019-03-01,Uganda,Arua,cereals and tubers,Rice,KG,UGX,Retail,2784.05,0.7524,1.9811,33.6517
2019-04-01,Uganda,Arua,cereals and tubers,Rice,KG,UGX,Retail,2841.75,0.768,-0.3422,30.727
2019-05-01,Uganda,Arua,cereals and tubers,Rice,KG,UGX,Retail,3184.78,0.8608,3.5774,31.797
2019-06-01,Uganda,Arua,cereals and tubers,Rice,KG,UGX,Retail,3561.48,0.9626,2.7247,29.8051
2019-07-01,Uganda,Arua,cereals and tubers,Rice,KG,UGX,Retail,4089.3,1.1052,1.0661,32.9742
2019-08-01,Uganda,Arua,cereals and tubers,Rice,KG,UGX,Retail,4272.74,1.1548,0.3524,33.0367
2019-09-01,Uganda,Arua,cereals and tubers,Rice,KG,UGX,Retail,4340.19,1.173,-0.7364,34.3613
2019-10-01,Uganda,Arua,cereals and tubers,Rice,KG,UGX,Retail,4111.75,1.1113,3.7534,33.4902
2019-11-01,Uganda,Arua,cereals and tubers,Rice,KG,UGX,Retail,3877.84,1.0481,0.954,31.6891
2019-12-01,Uganda,Arua,cereals and tubers,Rice,KG,UGX,Retail,3380.03,0.9135,0.8401,31.4661
2020-01-01,Uganda,Arua,cereals and tubers,Rice,KG,UGX,Retail,3051.02,0.8246,3.3286,30.3769
2020-02-01,Uganda,Arua,cereals and tubers,Rice,KG,UGX,Retail,2885.44,0.7798,2.9727,32.8642
2020-03-01,Uganda,Arua,cereals and tubers,Rice,KG,UGX,Retail,2858.29,0.7725,2.0238,33.691
2020-04-01,Uganda,Arua,cereals and tubers,Rice,KG,UGX,Retail,3264.67,0.8823,0.3163,29.7832
2020-05-01,Uganda,Arua,cereals and tubers,Rice,KG,UGX,Retail,3784.62,1.0229,-0.2131,33.8168
2020-06-01,Uganda,Arua,cereals and tubers,Rice,KG,UGX,Retail,4362.58,1.1791,2.9072,34.8247
2020-07-01,Uganda,Arua,cereals and tubers,Rice,KG,UGX,Retail,4739.58,1.281,3.6546,33.0662
2020-08-01,Uganda,Arua,cereals and tubers,Rice,KG,UGX,Retail,4963.23,1.3414,3.0561,33.346
2020-09-01,Uganda,Arua,cereals and tubers,Rice,KG,UGX,Retail,4767.68,1.2886,-0.1124,31.3989
2020-10-01,Uganda,Arua,cereals and tubers,Rice,KG,UGX,Retail,4477.97,1.2103,-1.1415,33.0193
2020-11-01,Uganda,Arua,cereals and tubers,Rice,KG,UGX,Retail,4070.12,1.1,-0.5377,30.4917
2020-12-01,Uganda,Arua,cereals and tubers,Rice,KG,UGX,Retail,3474.67,0.9391,-1.412,33.6329
2021-01-01,Uganda,Arua,cereals and tubers,Rice,KG,UGX,Retail,3271.36,0.8842,2.2032,31.8114
2021-02-01,Uganda,Arua,cereals and tubers,Rice,KG,UGX,Retail,3150.17,0.8514,3.0701,30.2788
2021-03-01,Uganda,Arua,cereals and tubers,Rice,KG,UGX,Retail,3216.59,0.8693,3.8967,31.23
2021-04-01,Uganda,Arua,cereals and tubers,Rice,KG,UGX,Retail,3418.52,0.9239,4.0482,30.064
2021-05-01,Uganda,Arua,cereals and tubers,Rice,KG,UGX,Retail,3851.49,1.0409,0.9984,33.8534
2021-06-01,Uganda,Arua,cereals and tubers,Rice,KG,UGX,Retail,4363.08,1.1792,2.8071,34.8713
2021-07-01,Uganda,Arua,cereals and tubers,Rice,KG,UGX,Retail,4859.97,1.3135,2.0312,30.2283
2021-08-01,Uganda,Arua,cereals and tubers,Rice,KG,UGX,Retail,5112.08,1.3816,3.8313,31.2364
2021-09-01,Uganda,Arua,cereals and tubers,Rice,KG,UGX,Retail,5383.55,1.455,2.0926,30.1426
2021-10-01,Uganda,Arua,cereals and tubers,Rice,KG,UGX,Retail,5313.1,1.436,4.0635,31.2637
2021-11-01,Uganda,Arua,cereals and tubers,Rice,KG,UGX,Retail,4794.65,1.2959,4.0677,31.8355
2021-12-01,Uganda,Arua,cereals and tubers,Rice,KG,UGX,Retail,4334.72,1.1715,2.5619,32.8637
2022-01-01,Uganda,Arua,cereals and tubers,Rice,KG,UGX,Retail,3793.22,1.0252,-0.9301,34.0678
2022-02-01,Uganda,Arua,cereals and tubers,Rice,KG,UGX,Retail,3259.21,0.8809,2.3331,34.2467
2022-03-01,Uganda,Arua,cereals and tubers,Rice,KG,UGX,Retail,3233.43,0.8739,3.3985,33.6597
2022-04-01,Uganda,Arua,cereals and tubers,Rice,KG,UGX,Retail,3333.35,0.9009,-0.1685,31.3411
2022-05-01,Uganda,Arua,cereals and tubers,Rice,KG,UGX,Retail,3741.04,1.0111,3.777,34.9604
2022-06-01,Uganda,Arua,cereals and tubers,Rice,KG,UGX,Retail,4296.56,1.1612,1.5736,30.521
2022-07-01,Uganda,Arua,cereals and tubers,Rice,KG,UGX,Retail,4674.49,1.2634,3.273,33.9127
2022-08-01,Uganda,Arua,cereals and tubers,Rice,KG,UGX,Retail,5300.7,1.4326,3.9906,30.2499
2022-09-01,Uganda,Arua,cereals and tubers,Rice,KG,UGX,Retail,5101.55,1.3788,1.6612,32.4972
2022-10-01,Uganda,Arua,cereals and tubers,Rice,KG,UGX,Retail,4802.04,1.2978,1.9748,30.0165
2022-11-01,Uganda,Arua,cereals and tubers,Rice,KG,UGX,Retail,4433.39,1.1982,1.5338,33.3506
2022-12-01,Uganda,Arua,cereals and tubers,Rice,KG,UGX,Retail,3868.89,1.0456,0.5264,29.8761
2023-01-01,Uganda,Arua,cereals and tubers,Rice,KG,UGX,Retail,3596.44,0.972,1.334,32.5095
2023-02-01,Uganda,Arua,cereals and tubers,Rice,KG,UGX,Retail,3497.85,0.9454,0.0125,31.0924
2023-03-01,Uganda,Arua,cereals and tubers,Rice,KG,UGX,Retail,3731.46,1.0085,2.5333,31.0681
2023-04-01,Uganda,Arua,cereals and tubers,Rice,KG,UGX,Retail,3883.3,1.0495,4.163,31.6834
2023-05-01,Uganda,Arua,cereals and tubers,Rice,KG,UGX,Retail,4287.99,1.1589,0.7029,31.167
2023-06-01,Uganda,Arua,cereals and tubers,Rice,KG,UGX,Retail,4823.17,1.3036,3.3729,32.155
2023-07-01,Uganda,Arua,cereals and tubers,Rice,KG,UGX,Retail,5465.55,1.4772,3.9643,29.6153
2023-08-01,Uganda,Arua,cereals and tubers,Rice,KG,UGX,Retail,5981.7,1.6167,-0.8237,32.073
2023-09-01,Uganda,Arua,cereals and tubers,Rice,KG,UGX,Retail,6226.98,1.683,-1.0925,34.9439
2023-10-01,Uganda,Arua,cereals and tubers,Rice,KG,UGX,Retail,5771.8,1.5599,0.7515,29.7054
2023-11-01,Uganda,Arua,cereals and tubers,Rice,KG,UGX,Retail,5133.41,1.3874,1.3209,30.7627
2023-12-01,Uganda,Arua,cereals and tubers,Rice,KG,UGX,Retail,4371.53,1.1815,-1.4271,34.9972
2024-01-01,Uganda,Arua,cereals and tubers,Rice,KG,UGX,Retail,4100.21,1.1082,1.2373,33.8378
2024-02-01,Uganda,Arua,cereals and tubers,Rice,KG,UGX,Retail,3713.76,1.0037,3.5648,34.6832
2024-03-01,Uganda,Arua,cereals and tubers,Rice,KG,UGX,Retail,3657.18,0.9884,0.7253,33.3088
2024-04-01,Uganda,Arua,cereals and tubers,Rice,KG,UGX,Retail,3781.81,1.0221,2.5866,29.6264
2024-05-01,Uganda,Arua,cereals and tubers,Rice,KG,UGX,Retail,4286.66,1.1586,2.5936,32.6537
2024-06-01,Uganda,Arua,cereals and tubers,Rice,KG,UGX,Retail,4774.33,1.2904,4.1317,33.5772
2024-07-01,Uganda,Arua,cereals and tubers,Rice,KG,UGX,Retail,5106.86,1.3802,3.2047,29.7181
2024-08-01,Uganda,Arua,cereals and tubers,Rice,KG,UGX,Retail,5330.07,1.4406,-0.3693,33.1382
2024-09-01,Uganda,Arua,cereals and tubers,Rice,KG,UGX,Retail,5676.05,1.5341,0.3534,34.8542
2024-10-01,Uganda,Arua,cereals and tubers,Rice,KG,UGX,Retail,5254.07,1.42,2.9273,32.1967
2024-11-01,Uganda,Arua,cereals and tubers,Rice,KG,UGX,Retail,4796.15,1.2963,-1.3543,33.5301
2024-12-01,Uganda,Arua,cereals and tubers,Rice,KG,UGX,Retail,4220.19,1.1406,0.3181,32.3916
2025-01-01,Uganda,Arua,cereals and tubers,Rice,KG,UGX,Retail,3928.85,1.0619,0.5956,32.9241
2025-02-01,Uganda,Arua,cereals and tubers,Rice,KG,UGX,Retail,3520.5,0.9515,3.505,33.48
2025-03-01,Uganda,Arua,cereals and tubers,Rice,KG,UGX,Retail,3451.23,0.9328,3.0577,31.4225
2025-04-01,Uganda,Arua,cereals and tubers,Rice,KG,UGX,Retail,3545.06,0.9581,1.9392,29.7489
2025-05-01,Uganda,Arua,cereals and tubers,Rice,KG,UGX,Retail,4187.79,1.1318,-0.7548,34.3372
2025-06-01,Uganda,Arua,cereals and tubers,Rice,KG,UGX,Retail,4948.99,1.3376,2.463,32.4775
2025-07-01,Uganda,Arua,cereals and tubers,Rice,KG,UGX,Retail,5378.38,1.4536,0.9445,30.0513
2025-08-01,Uganda,Arua,cereals and tubers,Rice,KG,UGX,Retail,5603.57,1.5145,0.3764,31.2894
2025-09-01,Uganda,Arua,cereals and tubers,Rice,KG,UGX,Retail,5732.15,1.5492,4.1567,34.6898
2025-10-01,Uganda,Arua,cereals and tubers,Rice,KG,UGX,Retail,5284.71,1.4283,-0.018,33.949
2025-11-01,Uganda,Arua,cereals and tubers,Rice,KG,UGX,Retail,4721.96,1.2762,4.0164,34.4666
2025-12-01,Uganda,Arua,cereals and tubers,Rice,KG,UGX,Retail,4216.37,1.1396,-0.9874,33.3915
2026-01-01,Uganda,Arua,cereals and tubers,Rice,KG,UGX,Retail,3627.37,0.9804,0.6278,34.3605
2026-02-01,Uganda,Arua,cereals and tubers,Rice,KG,UGX,Retail,3481.07,0.9408,4.0365,33.1294
2026-03-01,Uganda,Arua,cereals and tubers,Rice,KG,UGX,Retail,3696.46,0.999,1.2306,29.8685
2026-04-01,Uganda,Arua,cereals and tubers,Rice,KG,UGX,Retail,3917.6,1.0588,3.7177,30.8539
2026-05-01,Uganda,Arua,cereals and tubers,Rice,KG,UGX,Retail,4024.94,1.0878,-0.9304,33.19
2026-06-01,Uganda,Arua,cereals and tubers,Rice,KG,UGX,Retail,4445.92,1.2016,2.2287,34.4546
2026-07-01,Uganda,Arua,cereals and tubers,Rice,KG,UGX,Retail,4733.69,1.2794,2.1585,33.8242
2018-01-01,Uganda,Arua,cereals and tubers,Cassava,KG,UGX,Retail,730.15,0.1973,0.9357,31.1566
2018-02-01,Uganda,Arua,cereals and tubers,Cassava,KG,UGX,Retail,717.11,0.1938,2.3622,32.9178
2018-03-01,Uganda,Arua,cereals and tubers,Cassava,KG,UGX,Retail,738.7,0.1996,-0.9935,34.7507
2018-04-01,Uganda,Arua,cereals and tubers,Cassava,KG,UGX,Retail,904.06,0.2443,0.478,33.0035
2018-05-01,Uganda,Arua,cereals and tubers,Cassava,KG,UGX,Retail,954.07,0.2579,2.3905,33.7873
2018-06-01,Uganda,Arua,cereals and tubers,Cassava,KG,UGX,Retail,1105.69,0.2988,-0.4777,30.5832
2018-07-01,Uganda,Arua,cereals and tubers,Cassava,KG,UGX,Retail,1134.56,0.3066,1.2979,30.3427
2018-08-01,Uganda,Arua,cereals and tubers,Cassava,KG,UGX,Retail,1154.29,0.312,3.2905,34.7228
2018-09-01,Uganda,Arua,cereals and tubers,Cassava,KG,UGX,Retail,1113.06,0.3008,-1.4963,32.6673
2018-10-01,Uganda,Arua,cereals and tubers,Cassava,KG,UGX,Retail,1021.78,0.2762,0.6418,31.9108
2018-11-01,Uganda,Arua,cereals and tubers,Cassava,KG,UGX,Retail,996.03,0.2692,2.1123,31.0453
2018-12-01,Uganda,Arua,cereals and tubers,Cassava,KG,UGX,Retail,873.25,0.236,3.9256,29.9195
2019-01-01,Uganda,Arua,cereals and tubers,Cassava,KG,UGX,Retail,844.97,0.2284,-0.2637,30.4268
2019-02-01,Uganda,Arua,cereals and tubers,Cassava,KG,UGX,Retail,814.29,0.2201,-1.4895,33.6019
2019-03-01,Uganda,Arua,cereals and tubers,Cassava,KG,UGX,Retail,760.96,0.2057,2.0226,32.9528
2019-04-01,Uganda,Arua,cereals and tubers,Cassava,KG,UGX,Retail,733.45,0.1982,3.1889,33.2999
2019-05-01,Uganda,Arua,cereals and tubers,Cassava,KG,UGX,Retail,809.69,0.2188,-0.5515,33.0327
2019-06-01,Uganda,Arua,cereals and tubers,Cassava,KG,UGX,Retail,973.71,0.2632,-1.0557,34.76
2019-07-01,Uganda,Arua,cereals and tubers,Cassava,KG,UGX,Retail,1044.47,0.2823,-1.4878,34.4691
2019-08-01,Uganda,Arua,cereals and tubers,Cassava,KG,UGX,Retail,1153.65,0.3118,2.6784,30.4244
2019-09-01,Uganda,Arua,cereals and tubers,Cassava,KG,UGX,Retail,1196.86,0.3235,2.1768,30.9552
2019-10-01,Uganda,Arua,cereals and tubers,Cassava,KG,UGX,Retail,1051.73,0.2843,-0.1684,30.7293
2019-11-01,Uganda,Arua,cereals and tubers,Cassava,KG,UGX,Retail,940.75,0.2543,0.1069,30.9324
2019-12-01,Uganda,Arua,cereals and tubers,Cassava,KG,UGX,Retail,836.51,0.2261,1.7473,30.5603
2020-01-01,Uganda,Arua,cereals and tubers,Cassava,KG,UGX,Retail,728.46,0.1969,-0.215,31.8977
2020-02-01,Uganda,Arua,cereals and tubers,Cassava,KG,UGX,Retail,682.79,0.1845,2.5998,33.1159
2020-03-01,Uganda,Arua,cereals and tubers,Cassava,KG,UGX,Retail,671.85,0.1816,-0.7899,33.6659
2020-04-01,Uganda,Arua,cereals and tubers,Cassava,KG,UGX,Retail,790.59,0.2137,2.0497,34.8656
2020-05-01,Uganda,Arua,cereals and tubers,Cassava,KG,UGX,Retail,958.3,0.259,3.0643,32.6184
2020-06-01,Uganda,Arua,cereals and tubers,Cassava,KG,UGX,Retail,1164.97,0.3149,-1.1985,32.9265
2020-07-01,Uganda,Arua,cereals and tubers,Cassava,KG,UGX,Retail,1266.67,0.3423,2.4642,33.3839
2020-08-01,Uganda,Arua,cereals and tubers,Cassava,KG,UGX,Retail,1433.81,0.3875,1.5575,32.9834
2020-09-01,Uganda,Arua,cereals and tubers,Cassava,KG,UGX,Retail,1328.45,0.359,3.501,30.01
2020-10-01,Uganda,Arua,cereals and tubers,Cassava,KG,UGX,Retail,1175.18,0.3176,-1.3093,30.7237
2020-11-01,Uganda,Arua,cereals and tubers,Cassava,KG,UGX,Retail,1085.5,0.2934,-1.0157,31.0157
2020-12-01,Uganda,Arua,cereals and tubers,Cassava,KG,UGX,Retail,943.63,0.255,2.6244,32.7262
2021-01-01,Uganda,Arua,cereals and tubers,Cassava,KG,UGX,Retail,890.07,0.2406,1.1228,30.7259
2021-02-01,Uganda,Arua,cereals and tubers,Cassava,KG,UGX,Retail,809.88,0.2189,-0.8849,32.8295
2021-03-01,Uganda,Arua,cereals and tubers,Cassava,KG,UGX,Retail,794.05,0.2146,1.7951,34.7651
2021-04-01,Uganda,Arua,cereals and tubers,Cassava,KG,UGX,Retail,908.85,0.2456,2.768,32.0163
2021-05-01,Uganda,Arua,cereals and tubers,Cassava,KG,UGX,Retail,985.69,0.2664,0.5842,30.8265
2021-06-01,Uganda,Arua,cereals and tubers,Cassava,KG,UGX,Retail,1102.27,0.2979,3.9688,33.8577
2021-07-01,Uganda,Arua,cereals and tubers,Cassava,KG,UGX,Retail,1314.79,0.3553,1.5161,33.4569
2021-08-01,Uganda,Arua,cereals and tubers,Cassava,KG,UGX,Retail,1301.15,0.3517,1.0079,33.4793
2021-09-01,Uganda,Arua,cereals and tubers,Cassava,KG,UGX,Retail,1213.2,0.3279,1.5002,30.7345
2021-10-01,Uganda,Arua,cereals and tubers,Cassava,KG,UGX,Retail,1151.12,0.3111,2.4345,33.4192
2021-11-01,Uganda,Arua,cereals and tubers,Cassava,KG,UGX,Retail,1122.04,0.3033,-0.4682,33.5937
2021-12-01,Uganda,Arua,cereals and tubers,Cassava,KG,UGX,Retail,1096.63,0.2964,2.1741,34.801
2022-01-01,Uganda,Arua,cereals and tubers,Cassava,KG,UGX,Retail,913.73,0.247,3.0693,34.9961
2022-02-01,Uganda,Arua,cereals and tubers,Cassava,KG,UGX,Retail,865.25,0.2339,1.3332,34.5552
2022-03-01,Uganda,Arua,cereals and tubers,Cassava,KG,UGX,Retail,837.99,0.2265,-0.8724,31.2347
2022-04-01,Uganda,Arua,cereals and tubers,Cassava,KG,UGX,Retail,889.45,0.2404,3.375,30.8595
2022-05-01,Uganda,Arua,cereals and tubers,Cassava,KG,UGX,Retail,1033.31,0.2793,1.4571,30.011
2022-06-01,Uganda,Arua,cereals and tubers,Cassava,KG,UGX,Retail,1108.8,0.2997,1.2991,30.6283
2022-07-01,Uganda,Arua,cereals and tubers,Cassava,KG,UGX,Retail,1205.82,0.3259,3.0491,33.0236
2022-08-01,Uganda,Arua,cereals and tubers,Cassava,KG,UGX,Retail,1265.68,0.3421,0.3901,34.4637
2022-09-01,Uganda,Arua,cereals and tubers,Cassava,KG,UGX,Retail,1258.5,0.3401,2.5932,32.0084
2022-10-01,Uganda,Arua,cereals and tubers,Cassava,KG,UGX,Retail,1230.95,0.3327,2.5474,31.8876
2022-11-01,Uganda,Arua,cereals and tubers,Cassava,KG,UGX,Retail,1158.07,0.313,3.6056,33.5958
2022-12-01,Uganda,Arua,cereals and tubers,Cassava,KG,UGX,Retail,1046.62,0.2829,0.9147,32.3397
2023-01-01,Uganda,Arua,cereals and tubers,Cassava,KG,UGX,Retail,903.68,0.2442,1.8938,31.5975
2023-02-01,Uganda,Arua,cereals and tubers,Cassava,KG,UGX,Retail,807.51,0.2182,3.9049,30.4898
2023-03-01,Uganda,Arua,cereals and tubers,Cassava,KG,UGX,Retail,853.73,0.2307,0.1044,29.7547
2023-04-01,Uganda,Arua,cereals and tubers,Cassava,KG,UGX,Retail,929.73,0.2513,0.9463,32.0541
2023-05-01,Uganda,Arua,cereals and tubers,Cassava,KG,UGX,Retail,1143.09,0.3089,2.312,32.2209
2023-06-01,Uganda,Arua,cereals and tubers,Cassava,KG,UGX,Retail,1271.34,0.3436,0.484,30.1506
2023-07-01,Uganda,Arua,cereals and tubers,Cassava,KG,UGX,Retail,1503.37,0.4063,-0.3127,33.3831
2023-08-01,Uganda,Arua,cereals and tubers,Cassava,KG,UGX,Retail,1544.2,0.4174,3.4099,33.6847
2023-09-01,Uganda,Arua,cereals and tubers,Cassava,KG,UGX,Retail,1493.61,0.4037,0.2819,29.6314
2023-10-01,Uganda,Arua,cereals and tubers,Cassava,KG,UGX,Retail,1426.83,0.3856,0.1514,30.9505
2023-11-01,Uganda,Arua,cereals and tubers,Cassava,KG,UGX,Retail,1189.31,0.3214,-0.5068,29.7751
2023-12-01,Uganda,Arua,cereals and tubers,Cassava,KG,UGX,Retail,1014.52,0.2742,0.2442,31.7245
2024-01-01,Uganda,Arua,cereals and tubers,Cassava,KG,UGX,Retail,936.91,0.2532,0.8032,34.85
2024-02-01,Uganda,Arua,cereals and tubers,Cassava,KG,UGX,Retail,801.63,0.2167,1.2008,31.2603
2024-03-01,Uganda,Arua,cereals and tubers,Cassava,KG,UGX,Retail,888.0,0.24,1.984,30.974
2024-04-01,Uganda,Arua,cereals and tubers,Cassava,KG,UGX,Retail,971.19,0.2625,2.4685,34.2951
2024-05-01,Uganda,Arua,cereals and tubers,Cassava,KG,UGX,Retail,1097.6,0.2966,3.2961,32.4652
2024-06-01,Uganda,Arua,cereals and tubers,Cassava,KG,UGX,Retail,1272.75,0.344,3.7802,29.7262
2024-07-01,Uganda,Arua,cereals and tubers,Cassava,KG,UGX,Retail,1373.4,0.3712,-0.3365,34.9826
2024-08-01,Uganda,Arua,cereals and tubers,Cassava,KG,UGX,Retail,1431.04,0.3868,3.0725,31.1978
2024-09-01,Uganda,Arua,cereals and tubers,Cassava,KG,UGX,Retail,1484.27,0.4012,-1.3333,30.6154
2024-10-01,Uganda,Arua,cereals and tubers,Cassava,KG,UGX,Retail,1333.51,0.3604,3.0201,34.3716
2024-11-01,Uganda,Arua,cereals and tubers,Cassava,KG,UGX,Retail,1173.93,0.3173,0.7276,32.0561
2024-12-01,Uganda,Arua,cereals and tubers,Cassava,KG,UGX,Retail,1009.36,0.2728,3.4246,31.4249
2025-01-01,Uganda,Arua,cereals and tubers,Cassava,KG,UGX,Retail,943.11,0.2549,0.8324,33.437
2025-02-01,Uganda,Arua,cereals and tubers,Cassava,KG,UGX,Retail,951.69,0.2572,-0.2724,30.5321
2025-03-01,Uganda,Arua,cereals and tubers,Cassava,KG,UGX,Retail,986.42,0.2666,1.6401,31.5752
2025-04-01,Uganda,Arua,cereals and tubers,Cassava,KG,UGX,Retail,1014.36,0.2742,4.1729,33.4836
2025-05-01,Uganda,Arua,cereals and tubers,Cassava,KG,UGX,Retail,1049.55,0.2837,-0.9798,30.6761
2025-06-01,Uganda,Arua,cereals and tubers,Cassava,KG,UGX,Retail,1256.37,0.3396,-0.8668,30.8401
2025-07-01,Uganda,Arua,cereals and tubers,Cassava,KG,UGX,Retail,1491.55,0.4031,0.6531,32.2255
2025-08-01,Uganda,Arua,cereals and tubers,Cassava,KG,UGX,Retail,1656.52,0.4477,3.2265,30.9716
2025-09-01,Uganda,Arua,cereals and tubers,Cassava,KG,UGX,Retail,1653.19,0.4468,3.6763,34.7829
2025-10-01,Uganda,Arua,cereals and tubers,Cassava,KG,UGX,Retail,1597.28,0.4317,-0.0992,32.9687
2025-11-01,Uganda,Arua,cereals and tubers,Cassava,KG,UGX,Retail,1413.24,0.382,-1.012,29.998
2025-12-01,Uganda,Arua,cereals and tubers,Cassava,KG,UGX,Retail,1038.03,0.2805,3.0867,30.998
2026-01-01,Uganda,Arua,cereals and tubers,Cassava,KG,UGX,Retail,903.49,0.2442,3.014,30.0183
2026-02-01,Uganda,Arua,cereals and tubers,Cassava,KG,UGX,Retail,879.02,0.2376,-1.1123,34.542
2026-03-01,Uganda,Arua,cereals and tubers,Cassava,KG,UGX,Retail,835.1,0.2257,2.4133,33.2866
2026-04-01,Uganda,Arua,cereals and tubers,Cassava,KG,UGX,Retail,869.54,0.235,3.8212,34.583
2026-05-01,Uganda,Arua,cereals and tubers,Cassava,KG,UGX,Retail,887.35,0.2398,1.1729,29.8544
2026-06-01,Uganda,Arua,cereals and tubers,Cassava,KG,UGX,Retail,1025.01,0.277,-0.7126,32.8171
2026-07-01,Uganda,Arua,cereals and tubers,Cassava,KG,UGX,Retail,1081.08,0.2922,3.9063,30.547
2018-01-01,Uganda,Arua,cereals and tubers,Sorghum,KG,UGX,Retail,958.35,0.259,-1.1916,34.9409
2018-02-01,Uganda,Arua,cereals and tubers,Sorghum,KG,UGX,Retail,917.86,0.2481,1.2401,32.7081
2018-03-01,Uganda,Arua,cereals and tubers,Sorghum,KG,UGX,Retail,963.87,0.2605,-0.0501,30.6011
2018-04-01,Uganda,Arua,cereals and tubers,Sorghum,KG,UGX,Retail,989.18,0.2673,-0.0912,32.6107
2018-05-01,Uganda,Arua,cereals and tubers,Sorghum,KG,UGX,Retail,1118.6,0.3023,2.655,32.6669
2018-06-01,Uganda,Arua,cereals and tubers,Sorghum,KG,UGX,Retail,1234.91,0.3338,3.9224,31.341
2018-07-01,Uganda,Arua,cereals and tubers,Sorghum,KG,UGX,Retail,1377.58,0.3723,-1.4997,33.5794
2018-08-01,Uganda,Arua,cereals and tubers,Sorghum,KG,UGX,Retail,1470.77,0.3975,-0.3122,29.6082
2018-09-01,Uganda,Arua,cereals and tubers,Sorghum,KG,UGX,Retail,1560.09,0.4216,2.2774,33.1932
2018-10-01,Uganda,Arua,cereals and tubers,Sorghum,KG,UGX,Retail,1442.76,0.3899,2.144,32.6852
2018-11-01,Uganda,Arua,cereals and tubers,Sorghum,KG,UGX,Retail,1326.81,0.3586,1.457,32.3788
2018-12-01,Uganda,Arua,cereals and tubers,Sorghum,KG,UGX,Retail,1109.35,0.2998,0.9709,31.9549
2019-01-01,Uganda,Arua,cereals and tubers,Sorghum,KG,UGX,Retail,1036.26,0.2801,3.5984,30.9083
2019-02-01,Uganda,Arua,cereals and tubers,Sorghum,KG,UGX,Retail,1001.52,0.2707,-0.7136,34.2083
2019-03-01,Uganda,Arua,cereals and tubers,Sorghum,KG,UGX,Retail,1069.6,0.2891,0.9259,34.9132
2019-04-01,Uganda,Arua,cereals and tubers,Sorghum,KG,UGX,Retail,1246.15,0.3368,3.2868,32.2716
2019-05-01,Uganda,Arua,cereals and tubers,Sorghum,KG,UGX,Retail,1216.03,0.3287,3.9292,32.5658
2019-06-01,Uganda,Arua,cereals and tubers,Sorghum,KG,UGX,Retail,1376.41,0.372,3.4539,29.679
2019-07-01,Uganda,Arua,cereals and tubers,Sorghum,KG,UGX,Retail,1541.23,0.4165,0.4205,32.4883
2019-08-01,Uganda,Arua,cereals and tubers,Sorghum,KG,UGX,Retail,1690.61,0.4569,0.7171,33.999
2019-09-01,Uganda,Arua,cereals and tubers,Sorghum,KG,UGX,Retail,1747.16,0.4722,2.4973,32.0858
2019-10-01,Uganda,Arua,cereals and tubers,Sorghum,KG,UGX,Retail,1739.0,0.47,-0.489,30.3616
2019-11-01,Uganda,Arua,cereals and tubers,Sorghum,KG,UGX,Retail,1678.85,0.4537,-1.0023,34.0445
2019-12-01,Uganda,Arua,cereals and tubers,Sorghum,KG,UGX,Retail,1456.8,0.3937,-1.0436,34.3963
2020-01-01,Uganda,Arua,cereals and tubers,Sorghum,KG,UGX,Retail,1244.4,0.3363,-1.2522,34.7318
2020-02-01,Uganda,Arua,cereals and tubers,Sorghum,KG,UGX,Retail,1166.75,0.3153,2.2891,30.544
2020-03-01,Uganda,Arua,cereals and tubers,Sorghum,KG,UGX,Retail,1206.31,0.326,3.2989,34.883
2020-04-01,Uganda,Arua,cereals and tubers,Sorghum,KG,UGX,Retail,1440.09,0.3892,-1.0676,33.153
2020-05-01,Uganda,Arua,cereals and tubers,Sorghum,KG,UGX,Retail,1570.32,0.4244,-0.7842,30.4035
2020-06-01,Uganda,Arua,cereals and tubers,Sorghum,KG,UGX,Retail,1691.15,0.4571,2.3968,29.8725
2020-07-01,Uganda,Arua,cereals and tubers,Sorghum,KG,UGX,Retail,1754.95,0.4743,3.1045,31.2696
2020-08-01,Uganda,Arua,cereals and tubers,Sorghum,KG,UGX,Retail,1795.77,0.4853,2.6415,33.2506
2020-09-01,Uganda,Arua,cereals and tubers,Sorghum,KG,UGX,Retail,1720.52,0.465,1.4206,29.8333
2020-10-01,Uganda,Arua,cereals and tubers,Sorghum,KG,UGX,Retail,1628.14,0.44,0.4394,31.1393
2020-11-01,Uganda,Arua,cereals and tubers,Sorghum,KG,UGX,Retail,1482.97,0.4008,2.199,31.918
2020-12-01,Uganda,Arua,cereals and tubers,Sorghum,KG,UGX,Retail,1349.32,0.3647,-0.5926,34.7941
2021-01-01,Uganda,Arua,cereals and tubers,Sorghum,KG,UGX,Retail,1293.42,0.3496,0.8148,30.6271
2021-02-01,Uganda,Arua,cereals and tubers,Sorghum,KG,UGX,Retail,1287.43,0.348,0.9859,31.8337
2021-03-01,Uganda,Arua,cereals and tubers,Sorghum,KG,UGX,Retail,1295.68,0.3502,2.829,32.4073
2021-04-01,Uganda,Arua,cereals and tubers,Sorghum,KG,UGX,Retail,1254.96,0.3392,3.9714,34.7649
2021-05-01,Uganda,Arua,cereals and tubers,Sorghum,KG,UGX,Retail,1443.22,0.3901,2.8328,34.4551
2021-06-01,Uganda,Arua,cereals and tubers,Sorghum,KG,UGX,Retail,1531.56,0.4139,-1.031,34.9856
2021-07-01,Uganda,Arua,cereals and tubers,Sorghum,KG,UGX,Retail,1691.89,0.4573,0.8551,31.4165
2021-08-01,Uganda,Arua,cereals and tubers,Sorghum,KG,UGX,Retail,1830.61,0.4948,2.2303,30.6838
2021-09-01,Uganda,Arua,cereals and tubers,Sorghum,KG,UGX,Retail,2041.65,0.5518,-0.6954,32.2831
2021-10-01,Uganda,Arua,cereals and tubers,Sorghum,KG,UGX,Retail,1876.51,0.5072,2.1234,30.3844
2021-11-01,Uganda,Arua,cereals and tubers,Sorghum,KG,UGX,Retail,1785.98,0.4827,-0.0254,32.878
2021-12-01,Uganda,Arua,cereals and tubers,Sorghum,KG,UGX,Retail,1552.7,0.4196,2.941,33.6268
2022-01-01,Uganda,Arua,cereals and tubers,Sorghum,KG,UGX,Retail,1471.42,0.3977,-0.8633,34.4165
2022-02-01,Uganda,Arua,cereals and tubers,Sorghum,KG,UGX,Retail,1391.71,0.3761,-0.9271,32.4888
2022-03-01,Uganda,Arua,cereals and tubers,Sorghum,KG,UGX,Retail,1465.62,0.3961,0.3234,29.6499
2022-04-01,Uganda,Arua,cereals and tubers,Sorghum,KG,UGX,Retail,1676.46,0.4531,-1.2715,31.9371
2022-05-01,Uganda,Arua,cereals and tubers,Sorghum,KG,UGX,Retail,1825.53,0.4934,4.1934,31.5996
2022-06-01,Uganda,Arua,cereals and tubers,Sorghum,KG,UGX,Retail,2082.98,0.563,1.3095,31.0919
2022-07-01,Uganda,Arua,cereals and tubers,Sorghum,KG,UGX,Retail,2308.54,0.6239,2.5556,31.7833
2022-08-01,Uganda,Arua,cereals and tubers,Sorghum,KG,UGX,Retail,2473.14,0.6684,0.4449,32.4175
2022-09-01,Uganda,Arua,cereals and tubers,Sorghum,KG,UGX,Retail,2461.77,0.6653,-0.3591,31.2905
2022-10-01,Uganda,Arua,cereals and tubers,Sorghum,KG,UGX,Retail,2361.76,0.6383,1.1327,31.3166
2022-11-01,Uganda,Arua,cereals and tubers,Sorghum,KG,UGX,Retail,2154.99,0.5824,0.888,32.3032
2022-12-01,Uganda,Arua,cereals and tubers,Sorghum,KG,UGX,Retail,1935.59,0.5231,0.0815,31.5933
2023-01-01,Uganda,Arua,cereals and tubers,Sorghum,KG,UGX,Retail,1722.93,0.4657,3.5803,33.1082
2023-02-01,Uganda,Arua,cereals and tubers,Sorghum,KG,UGX,Retail,1645.7,0.4448,3.1562,30.4918
2023-03-01,Uganda,Arua,cereals and tubers,Sorghum,KG,UGX,Retail,1689.3,0.4566,-1.2116,31.488
2023-04-01,Uganda,Arua,cereals and tubers,Sorghum,KG,UGX,Retail,1692.84,0.4575,0.3771,34.2428
2023-05-01,Uganda,Arua,cereals and tubers,Sorghum,KG,UGX,Retail,1703.91,0.4605,1.1204,31.4979
2023-06-01,Uganda,Arua,cereals and tubers,Sorghum,KG,UGX,Retail,2017.51,0.5453,0.6233,33.1169
2023-07-01,Uganda,Arua,cereals and tubers,Sorghum,KG,UGX,Retail,2380.02,0.6432,3.3127,34.4867
2023-08-01,Uganda,Arua,cereals and tubers,Sorghum,KG,UGX,Retail,2329.38,0.6296,4.0958,29.9889
2023-09-01,Uganda,Arua,cereals and tubers,Sorghum,KG,UGX,Retail,2309.67,0.6242,0.8753,32.7466
2023-10-01,Uganda,Arua,cereals and tubers,Sorghum,KG,UGX,Retail,2211.39,0.5977,1.7375,34.4398
2023-11-01,Uganda,Arua,cereals and tubers,Sorghum,KG,UGX,Retail,1958.76,0.5294,3.1561,32.6132
2023-12-01,Uganda,Arua,cereals and tubers,Sorghum,KG,UGX,Retail,1618.82,0.4375,0.2067,31.242
2024-01-01,Uganda,Arua,cereals and tubers,Sorghum,KG,UGX,Retail,1484.37,0.4012,2.852,32.1744
2024-02-01,Uganda,Arua,cereals and tubers,Sorghum,KG,UGX,Retail,1392.13,0.3763,2.8312,33.1823
2024-03-01,Uganda,Arua,cereals and tubers,Sorghum,KG,UGX,Retail,1458.05,0.3941,1.5177,33.1339
2024-04-01,Uganda,Arua,cereals and tubers,Sorghum,KG,UGX,Retail,1457.04,0.3938,2.3804,31.955
2024-05-01,Uganda,Arua,cereals and tubers,Sorghum,KG,UGX,Retail,1623.77,0.4389,4.1241,33.49
2024-06-01,Uganda,Arua,cereals and tubers,Sorghum,KG,UGX,Retail,1955.65,0.5286,1.2441,33.4417
2024-07-01,Uganda,Arua,cereals and tubers,Sorghum,KG,UGX,Retail,2175.24,0.5879,0.3588,30.2734
2024-08-01,Uganda,Arua,cereals and tubers,Sorghum,KG,UGX,Retail,2319.63,0.6269,-1.3783,33.6818
2024-09-01,Uganda,Arua,cereals and tubers,Sorghum,KG,UGX,Retail,2244.94,0.6067,3.2424,34.4839
2024-10-01,Uganda,Arua,cereals and tubers,Sorghum,KG,UGX,Retail,2216.13,0.599,2.5405,32.0857
2024-11-01,Uganda,Arua,cereals and tubers,Sorghum,KG,UGX,Retail,1943.93,0.5254,1.2612,31.6459
2024-12-01,Uganda,Arua,cereals and tubers,Sorghum,KG,UGX,Retail,1682.49,0.4547,3.6506,30.8214
2025-01-01,Uganda,Arua,cereals and tubers,Sorghum,KG,UGX,Retail,1571.37,0.4247,-0.3931,33.0743
2025-02-01,Uganda,Arua,cereals and tubers,Sorghum,KG,UGX,Retail,1508.4,0.4077,-0.9037,30.28
2025-03-01,Uganda,Arua,cereals and tubers,Sorghum,KG,UGX,Retail,1502.46,0.4061,2.8699,33.5363
2025-04-01,Uganda,Arua,cereals and tubers,Sorghum,KG,UGX,Retail,1521.2,0.4111,1.2144,30.1237
2025-05-01,Uganda,Arua,cereals and tubers,Sorghum,KG,UGX,Retail,1575.11,0.4257,3.0218,34.425
2025-06-01,Uganda,Arua,cereals and tubers,Sorghum,KG,UGX,Retail,1786.05,0.4827,0.426,30.9745
2025-07-01,Uganda,Arua,cereals and tubers,Sorghum,KG,UGX,Retail,2027.74,0.548,-0.6678,29.9205
2025-08-01,Uganda,Arua,cereals and tubers,Sorghum,KG,UGX,Retail,2090.04,0.5649,2.8337,33.3487
2025-09-01,Uganda,Arua,cereals and tubers,Sorghum,KG,UGX,Retail,2213.63,0.5983,0.5493,31.0896
2025-10-01,Uganda,Arua,cereals and tubers,Sorghum,KG,UGX,Retail,2097.02,0.5668,2.9589,30.7572
2025-11-01,Uganda,Arua,cereals and tubers,Sorghum,KG,UGX,Retail,1783.08,0.4819,1.4215,33.829
2025-12-01,Uganda,Arua,cereals and tubers,Sorghum,KG,UGX,Retail,1673.99,0.4524,1.2292,33.6034
2026-01-01,Uganda,Arua,cereals and tubers,Sorghum,KG,UGX,Retail,1562.18,0.4222,3.1223,34.0491
2026-02-01,Uganda,Arua,cereals and tubers,Sorghum,KG,UGX,Retail,1528.52,0.4131,-0.2566,34.8392
2026-03-01,Uganda,Arua,cereals and tubers,Sorghum,KG,UGX,Retail,1604.67,0.4337,2.033,34.913
2026-04-01,Uganda,Arua,cereals and tubers,Sorghum,KG,UGX,Retail,1710.08,0.4622,0.6403,32.0867
2026-05-01,Uganda,Arua,cereals and tubers,Sorghum,KG,UGX,Retail,1868.56,0.505,1.63,33.1977
2026-06-01,Uganda,Arua,cereals and tubers,Sorghum,KG,UGX,Retail,2170.11,0.5865,-0.0431,33.4944
2026-07-01,Uganda,Arua,cereals and tubers,Sorghum,KG,UGX,Retail,2430.68,0.6569,4.1194,30.9674
2018-01-01,Uganda,Arua,cereals and tubers,Sweet Potato,KG,UGX,Retail,892.89,0.2413,-0.519,30.3067
2018-02-01,Uganda,Arua,cereals and tubers,Sweet Potato,KG,UGX,Retail,963.8,0.2605,1.0415,33.8872
2018-03-01,Uganda,Arua,cereals and tubers,Sweet Potato,KG,UGX,Retail,989.24,0.2674,-0.2848,32.5635
2018-04-01,Uganda,Arua,cereals and tubers,Sweet Potato,KG,UGX,Retail,911.37,0.2463,0.0889,30.4977
2018-05-01,Uganda,Arua,cereals and tubers,Sweet Potato,KG,UGX,Retail,980.93,0.2651,2.8633,30.252
2018-06-01,Uganda,Arua,cereals and tubers,Sweet Potato,KG,UGX,Retail,981.0,0.2651,1.8332,32.5059
2018-07-01,Uganda,Arua,cereals and tubers,Sweet Potato,KG,UGX,Retail,925.54,0.2501,2.284,34.1998
2018-08-01,Uganda,Arua,cereals and tubers,Sweet Potato,KG,UGX,Retail,970.1,0.2622,3.1405,29.932
2018-09-01,Uganda,Arua,cereals and tubers,Sweet Potato,KG,UGX,Retail,893.56,0.2415,1.4154,30.667
2018-10-01,Uganda,Arua,cereals and tubers,Sweet Potato,KG,UGX,Retail,771.95,0.2086,-1.073,29.8011
2018-11-01,Uganda,Arua,cereals and tubers,Sweet Potato,KG,UGX,Retail,668.29,0.1806,-0.6138,33.967
2018-12-01,Uganda,Arua,cereals and tubers,Sweet Potato,KG,UGX,Retail,610.88,0.1651,0.1667,30.4881
2019-01-01,Uganda,Arua,cereals and tubers,Sweet Potato,KG,UGX,Retail,571.68,0.1545,3.525,31.759
2019-02-01,Uganda,Arua,cereals and tubers,Sweet Potato,KG,UGX,Retail,604.96,0.1635,4.1126,32.2982
2019-03-01,Uganda,Arua,cereals and tubers,Sweet Potato,KG,UGX,Retail,561.78,0.1518,3.5936,34.608
2019-04-01,Uganda,Arua,cereals and tubers,Sweet Potato,KG,UGX,Retail,545.49,0.1474,0.2483,32.2062
2019-05-01,Uganda,Arua,cereals and tubers,Sweet Potato,KG,UGX,Retail,639.86,0.1729,1.226,30.8389
2019-06-01,Uganda,Arua,cereals and tubers,Sweet Potato,KG,UGX,Retail,649.62,0.1756,3.3027,30.0651
2019-07-01,Uganda,Arua,cereals and tubers,Sweet Potato,KG,UGX,Retail,779.89,0.2108,1.5306,30.991
2019-08-01,Uganda,Arua,cereals and tubers,Sweet Potato,KG,UGX,Retail,843.94,0.2281,2.8023,31.532
2019-09-01,Uganda,Arua,cereals and tubers,Sweet Potato,KG,UGX,Retail,876.61,0.2369,1.4004,34.8769
2019-10-01,Uganda,Arua,cereals and tubers,Sweet Potato,KG,UGX,Retail,859.08,0.2322,-0.595,32.3772
2019-11-01,Uganda,Arua,cereals and tubers,Sweet Potato,KG,UGX,Retail,768.71,0.2078,-1.1908,33.0446
2019-12-01,Uganda,Arua,cereals and tubers,Sweet Potato,KG,UGX,Retail,643.21,0.1738,2.5129,30.4109
2020-01-01,Uganda,Arua,cereals and tubers,Sweet Potato,KG,UGX,Retail,598.61,0.1618,0.3369,29.8794
2020-02-01,Uganda,Arua,cereals and tubers,Sweet Potato,KG,UGX,Retail,589.96,0.1594,1.1082,29.8159
2020-03-01,Uganda,Arua,cereals and tubers,Sweet Potato,KG,UGX,Retail,583.56,0.1577,3.4352,29.6722
2020-04-01,Uganda,Arua,cereals and tubers,Sweet Potato,KG,UGX,Retail,646.21,0.1747,4.0929,29.764
2020-05-01,Uganda,Arua,cereals and tubers,Sweet Potato,KG,UGX,Retail,679.98,0.1838,4.1948,33.9044
2020-06-01,Uganda,Arua,cereals and tubers,Sweet Potato,KG,UGX,Retail,769.99,0.2081,3.5435,33.4228
2020-07-01,Uganda,Arua,cereals and tubers,Sweet Potato,KG,UGX,Retail,827.35,0.2236,-0.2214,32.3677
2020-08-01,Uganda,Arua,cereals and tubers,Sweet Potato,KG,UGX,Retail,755.73,0.2043,0.378,30.5608
2020-09-01,Uganda,Arua,cereals and tubers,Sweet Potato,KG,UGX,Retail,788.56,0.2131,2.5186,31.3891
2020-10-01,Uganda,Arua,cereals and tubers,Sweet Potato,KG,UGX,Retail,805.74,0.2178,-0.7696,30.2076
2020-11-01,Uganda,Arua,cereals and tubers,Sweet Potato,KG,UGX,Retail,726.8,0.1964,-0.8797,34.7851
2020-12-01,Uganda,Arua,cereals and tubers,Sweet Potato,KG,UGX,Retail,625.85,0.1691,-1.3529,34.2188
2021-01-01,Uganda,Arua,cereals and tubers,Sweet Potato,KG,UGX,Retail,621.65,0.168,0.4549,30.2406
2021-02-01,Uganda,Arua,cereals and tubers,Sweet Potato,KG,UGX,Retail,572.26,0.1547,0.5451,34.0442
2021-03-01,Uganda,Arua,cereals and tubers,Sweet Potato,KG,UGX,Retail,573.3,0.1549,3.5155,32.9618
2021-04-01,Uganda,Arua,cereals and tubers,Sweet Potato,KG,UGX,Retail,594.11,0.1606,2.4703,32.098
2021-05-01,Uganda,Arua,cereals and tubers,Sweet Potato,KG,UGX,Retail,637.84,0.1724,2.2826,29.6362
2021-06-01,Uganda,Arua,cereals and tubers,Sweet Potato,KG,UGX,Retail,785.46,0.2123,-0.0057,32.5258
2021-07-01,Uganda,Arua,cereals and tubers,Sweet Potato,KG,UGX,Retail,1022.46,0.2763,-1.3688,29.6816
2021-08-01,Uganda,Arua,cereals and tubers,Sweet Potato,KG,UGX,Retail,1066.38,0.2882,-1.3866,30.3149
2021-09-01,Uganda,Arua,cereals and tubers,Sweet Potato,KG,UGX,Retail,1135.01,0.3068,0.7816,34.896
2021-10-01,Uganda,Arua,cereals and tubers,Sweet Potato,KG,UGX,Retail,1143.84,0.3091,-0.6634,31.8507
2021-11-01,Uganda,Arua,cereals and tubers,Sweet Potato,KG,UGX,Retail,1103.04,0.2981,0.5641,32.2762
2021-12-01,Uganda,Arua,cereals and tubers,Sweet Potato,KG,UGX,Retail,945.63,0.2556,2.1531,31.5283
2022-01-01,Uganda,Arua,cereals and tubers,Sweet Potato,KG,UGX,Retail,789.8,0.2135,0.1501,34.1115
2022-02-01,Uganda,Arua,cereals and tubers,Sweet Potato,KG,UGX,Retail,720.7,0.1948,0.18,33.8373
2022-03-01,Uganda,Arua,cereals and tubers,Sweet Potato,KG,UGX,Retail,770.68,0.2083,1.2974,30.0738
2022-04-01,Uganda,Arua,cereals and tubers,Sweet Potato,KG,UGX,Retail,809.91,0.2189,0.8226,30.7236
2022-05-01,Uganda,Arua,cereals and tubers,Sweet Potato,KG,UGX,Retail,898.7,0.2429,0.9905,30.0729
2022-06-01,Uganda,Arua,cereals and tubers,Sweet Potato,KG,UGX,Retail,1085.72,0.2934,-0.1054,32.3592
2022-07-01,Uganda,Arua,cereals and tubers,Sweet Potato,KG,UGX,Retail,1225.94,0.3313,-0.844,33.5928
2022-08-01,Uganda,Arua,cereals and tubers,Sweet Potato,KG,UGX,Retail,1271.37,0.3436,1.3144,32.453
2022-09-01,Uganda,Arua,cereals and tubers,Sweet Potato,KG,UGX,Retail,1189.25,0.3214,3.6921,30.2047
2022-10-01,Uganda,Arua,cereals and tubers,Sweet Potato,KG,UGX,Retail,946.02,0.2557,1.4456,34.5679
2022-11-01,Uganda,Arua,cereals and tubers,Sweet Potato,KG,UGX,Retail,765.6,0.2069,0.703,34.3855
2022-12-01,Uganda,Arua,cereals and tubers,Sweet Potato,KG,UGX,Retail,677.04,0.183,0.0458,32.8934
2023-01-01,Uganda,Arua,cereals and tubers,Sweet Potato,KG,UGX,Retail,555.07,0.15,2.0477,31.8123
2023-02-01,Uganda,Arua,cereals and tubers,Sweet Potato,KG,UGX,Retail,535.79,0.1448,3.9396,31.0597
2023-03-01,Uganda,Arua,cereals and tubers,Sweet Potato,KG,UGX,Retail,539.23,0.1457,2.6293,30.456
2023-04-01,Uganda,Arua,cereals and tubers,Sweet Potato,KG,UGX,Retail,601.77,0.1626,1.8229,30.4086
2023-05-01,Uganda,Arua,cereals and tubers,Sweet Potato,KG,UGX,Retail,559.46,0.1512,0.9322,30.5537
2023-06-01,Uganda,Arua,cereals and tubers,Sweet Potato,KG,UGX,Retail,594.87,0.1608,2.9774,34.6529
2023-07-01,Uganda,Arua,cereals and tubers,Sweet Potato,KG,UGX,Retail,659.38,0.1782,-1.0507,30.1444
2023-08-01,Uganda,Arua,cereals and tubers,Sweet Potato,KG,UGX,Retail,690.03,0.1865,0.6133,31.9011
2023-09-01,Uganda,Arua,cereals and tubers,Sweet Potato,KG,UGX,Retail,649.08,0.1754,1.1536,33.0752
2023-10-01,Uganda,Arua,cereals and tubers,Sweet Potato,KG,UGX,Retail,653.01,0.1765,-0.5638,32.253
2023-11-01,Uganda,Arua,cereals and tubers,Sweet Potato,KG,UGX,Retail,567.62,0.1534,1.6107,30.1976
2023-12-01,Uganda,Arua,cereals and tubers,Sweet Potato,KG,UGX,Retail,571.27,0.1544,1.5224,31.0873
2024-01-01,Uganda,Arua,cereals and tubers,Sweet Potato,KG,UGX,Retail,574.95,0.1554,0.6247,30.792
2024-02-01,Uganda,Arua,cereals and tubers,Sweet Potato,KG,UGX,Retail,578.65,0.1564,0.7453,30.4511
2024-03-01,Uganda,Arua,cereals and tubers,Sweet Potato,KG,UGX,Retail,600.36,0.1623,0.961,34.5414
2024-04-01,Uganda,Arua,cereals and tubers,Sweet Potato,KG,UGX,Retail,681.8,0.1843,3.4952,34.0059
2024-05-01,Uganda,Arua,cereals and tubers,Sweet Potato,KG,UGX,Retail,835.43,0.2258,1.5306,33.1299
2024-06-01,Uganda,Arua,cereals and tubers,Sweet Potato,KG,UGX,Retail,1130.06,0.3054,0.7245,34.6967
2024-07-01,Uganda,Arua,cereals and tubers,Sweet Potato,KG,UGX,Retail,1233.46,0.3334,4.0055,34.1696
2024-08-01,Uganda,Arua,cereals and tubers,Sweet Potato,KG,UGX,Retail,1253.99,0.3389,2.6361,33.0888
2024-09-01,Uganda,Arua,cereals and tubers,Sweet Potato,KG,UGX,Retail,1253.36,0.3387,1.9964,30.0066
2024-10-01,Uganda,Arua,cereals and tubers,Sweet Potato,KG,UGX,Retail,1076.91,0.2911,-0.9138,34.7262
2024-11-01,Uganda,Arua,cereals and tubers,Sweet Potato,KG,UGX,Retail,986.93,0.2667,1.6672,30.6682
2024-12-01,Uganda,Arua,cereals and tubers,Sweet Potato,KG,UGX,Retail,859.3,0.2322,0.4524,33.2471
2025-01-01,Uganda,Arua,cereals and tubers,Sweet Potato,KG,UGX,Retail,742.86,0.2008,1.3461,30.9648
2025-02-01,Uganda,Arua,cereals and tubers,Sweet Potato,KG,UGX,Retail,686.64,0.1856,1.1317,34.1968
2025-03-01,Uganda,Arua,cereals and tubers,Sweet Potato,KG,UGX,Retail,700.47,0.1893,2.8277,31.3261
2025-04-01,Uganda,Arua,cereals and tubers,Sweet Potato,KG,UGX,Retail,779.79,0.2108,3.7744,34.9569
2025-05-01,Uganda,Arua,cereals and tubers,Sweet Potato,KG,UGX,Retail,865.04,0.2338,2.408,31.8958
2025-06-01,Uganda,Arua,cereals and tubers,Sweet Potato,KG,UGX,Retail,996.16,0.2692,4.1892,34.6394
2025-07-01,Uganda,Arua,cereals and tubers,Sweet Potato,KG,UGX,Retail,1160.95,0.3138,-0.6798,32.2564
2025-08-01,Uganda,Arua,cereals and tubers,Sweet Potato,KG,UGX,Retail,1221.88,0.3302,2.3484,31.9468
2025-09-01,Uganda,Arua,cereals and tubers,Sweet Potato,KG,UGX,Retail,1257.26,0.3398,-1.28,32.9022
2025-10-01,Uganda,Arua,cereals and tubers,Sweet Potato,KG,UGX,Retail,1243.88,0.3362,-1.4841,30.4638
2025-11-01,Uganda,Arua,cereals and tubers,Sweet Potato,KG,UGX,Retail,1147.32,0.3101,1.6975,31.4541
2025-12-01,Uganda,Arua,cereals and tubers,Sweet Potato,KG,UGX,Retail,1039.99,0.2811,2.7385,30.9118
2026-01-01,Uganda,Arua,cereals and tubers,Sweet Potato,KG,UGX,Retail,949.41,0.2566,1.6871,31.9265
2026-02-01,Uganda,Arua,cereals and tubers,Sweet Potato,KG,UGX,Retail,943.23,0.2549,2.4617,32.6901
2026-03-01,Uganda,Arua,cereals and tubers,Sweet Potato,KG,UGX,Retail,842.52,0.2277,0.9856,31.9222
2026-04-01,Uganda,Arua,cereals and tubers,Sweet Potato,KG,UGX,Retail,964.46,0.2607,1.0768,31.9707
2026-05-01,Uganda,Arua,cereals and tubers,Sweet Potato,KG,UGX,Retail,970.9,0.2624,2.6316,30.3179
2026-06-01,Uganda,Arua,cereals and tubers,Sweet Potato,KG,UGX,Retail,1139.77,0.308,2.0616,29.8641
2026-07-01,Uganda,Arua,cereals and tubers,Sweet Potato,KG,UGX,Retail,1247.32,0.3371,0.5606,34.6207
2018-01-01,Uganda,Arua,cereals and tubers,Groundnuts,KG,UGX,Retail,4361.88,1.1789,3.3218,32.6664
2018-02-01,Uganda,Arua,cereals and tubers,Groundnuts,KG,UGX,Retail,4344.62,1.1742,2.2039,34.3257
2018-03-01,Uganda,Arua,cereals and tubers,Groundnuts,KG,UGX,Retail,4517.81,1.221,3.6538,33.1726
2018-04-01,Uganda,Arua,cereals and tubers,Groundnuts,KG,UGX,Retail,4665.23,1.2609,4.1875,33.3092
2018-05-01,Uganda,Arua,cereals and tubers,Groundnuts,KG,UGX,Retail,5073.01,1.3711,-1.4682,32.5826
2018-06-01,Uganda,Arua,cereals and tubers,Groundnuts,KG,UGX,Retail,5796.01,1.5665,-1.4217,33.7178
2018-07-01,Uganda,Arua,cereals and tubers,Groundnuts,KG,UGX,Retail,6186.41,1.672,0.0661,33.3203
2018-08-01,Uganda,Arua,cereals and tubers,Groundnuts,KG,UGX,Retail,6614.4,1.7877,3.197,34.2776
2018-09-01,Uganda,Arua,cereals and tubers,Groundnuts,KG,UGX,Retail,7344.22,1.9849,1.3924,31.7711
2018-10-01,Uganda,Arua,cereals and tubers,Groundnuts,KG,UGX,Retail,6699.56,1.8107,3.4755,31.2463
2018-11-01,Uganda,Arua,cereals and tubers,Groundnuts,KG,UGX,Retail,5928.83,1.6024,0.2095,33.1462
2018-12-01,Uganda,Arua,cereals and tubers,Groundnuts,KG,UGX,Retail,5355.29,1.4474,-0.5633,30.9756
2019-01-01,Uganda,Arua,cereals and tubers,Groundnuts,KG,UGX,Retail,4666.42,1.2612,-0.587,31.7972
2019-02-01,Uganda,Arua,cereals and tubers,Groundnuts,KG,UGX,Retail,4511.18,1.2192,1.5872,29.8877
2019-03-01,Uganda,Arua,cereals and tubers,Groundnuts,KG,UGX,Retail,4539.88,1.227,3.0332,31.7247
2019-04-01,Uganda,Arua,cereals and tubers,Groundnuts,KG,UGX,Retail,4442.42,1.2007,2.8544,29.7291
2019-05-01,Uganda,Arua,cereals and tubers,Groundnuts,KG,UGX,Retail,4692.04,1.2681,3.0843,34.3951
2019-06-01,Uganda,Arua,cereals and tubers,Groundnuts,KG,UGX,Retail,5004.2,1.3525,-0.8858,34.3129
2019-07-01,Uganda,Arua,cereals and tubers,Groundnuts,KG,UGX,Retail,5136.54,1.3883,0.7363,32.6958
2019-08-01,Uganda,Arua,cereals and tubers,Groundnuts,KG,UGX,Retail,5284.12,1.4281,2.1692,34.7034
2019-09-01,Uganda,Arua,cereals and tubers,Groundnuts,KG,UGX,Retail,5463.1,1.4765,1.1479,34.7888
2019-10-01,Uganda,Arua,cereals and tubers,Groundnuts,KG,UGX,Retail,5419.89,1.4648,-1.1753,33.2183
2019-11-01,Uganda,Arua,cereals and tubers,Groundnuts,KG,UGX,Retail,4996.41,1.3504,0.2512,32.9247
2019-12-01,Uganda,Arua,cereals and tubers,Groundnuts,KG,UGX,Retail,4649.84,1.2567,-1.2823,32.9369
2020-01-01,Uganda,Arua,cereals and tubers,Groundnuts,KG,UGX,Retail,4212.6,1.1385,1.5379,31.0102
2020-02-01,Uganda,Arua,cereals and tubers,Groundnuts,KG,UGX,Retail,3812.1,1.0303,3.6055,30.0674
2020-03-01,Uganda,Arua,cereals and tubers,Groundnuts,KG,UGX,Retail,3740.13,1.0108,-0.6103,31.3788
2020-04-01,Uganda,Arua,cereals and tubers,Groundnuts,KG,UGX,Retail,4200.63,1.1353,-0.324,30.0063
2020-05-01,Uganda,Arua,cereals and tubers,Groundnuts,KG,UGX,Retail,4699.9,1.2702,3.0237,34.9829
2020-06-01,Uganda,Arua,cereals and tubers,Groundnuts,KG,UGX,Retail,5141.72,1.3897,0.9775,30.3203
2020-07-01,Uganda,Arua,cereals and tubers,Groundnuts,KG,UGX,Retail,5741.84,1.5518,1.5296,34.2471
2020-08-01,Uganda,Arua,cereals and tubers,Groundnuts,KG,UGX,Retail,6097.4,1.6479,-0.366,31.9703
2020-09-01,Uganda,Arua,cereals and tubers,Groundnuts,KG,UGX,Retail,6100.14,1.6487,1.0745,33.5026
2020-10-01,Uganda,Arua,cereals and tubers,Groundnuts,KG,UGX,Retail,5504.66,1.4877,0.6259,31.9809
2020-11-01,Uganda,Arua,cereals and tubers,Groundnuts,KG,UGX,Retail,4896.21,1.3233,2.8001,31.9315
2020-12-01,Uganda,Arua,cereals and tubers,Groundnuts,KG,UGX,Retail,4393.36,1.1874,-0.707,29.6074
2021-01-01,Uganda,Arua,cereals and tubers,Groundnuts,KG,UGX,Retail,3743.85,1.0119,-0.5615,33.3257
2021-02-01,Uganda,Arua,cereals and tubers,Groundnuts,KG,UGX,Retail,3375.98,0.9124,2.7006,33.5055
2021-03-01,Uganda,Arua,cereals and tubers,Groundnuts,KG,UGX,Retail,3711.23,1.003,3.9868,31.0518
2021-04-01,Uganda,Arua,cereals and tubers,Groundnuts,KG,UGX,Retail,3945.98,1.0665,-0.6262,34.4363
2021-05-01,Uganda,Arua,cereals and tubers,Groundnuts,KG,UGX,Retail,4658.72,1.2591,0.4388,32.4639
2021-06-01,Uganda,Arua,cereals and tubers,Groundnuts,KG,UGX,Retail,5451.15,1.4733,1.8957,33.8466
2021-07-01,Uganda,Arua,cereals and tubers,Groundnuts,KG,UGX,Retail,6227.15,1.683,3.351,30.057
2021-08-01,Uganda,Arua,cereals and tubers,Groundnuts,KG,UGX,Retail,6211.55,1.6788,1.863,30.8038
2021-09-01,Uganda,Arua,cereals and tubers,Groundnuts,KG,UGX,Retail,5816.08,1.5719,3.8565,34.1669
2021-10-01,Uganda,Arua,cereals and tubers,Groundnuts,KG,UGX,Retail,5420.72,1.4651,0.6782,30.8301
2021-11-01,Uganda,Arua,cereals and tubers,Groundnuts,KG,UGX,Retail,5035.75,1.361,3.4804,34.0638
2021-12-01,Uganda,Arua,cereals and tubers,Groundnuts,KG,UGX,Retail,4825.36,1.3042,3.335,33.0148
2022-01-01,Uganda,Arua,cereals and tubers,Groundnuts,KG,UGX,Retail,4434.42,1.1985,-0.5604,32.158
2022-02-01,Uganda,Arua,cereals and tubers,Groundnuts,KG,UGX,Retail,4298.84,1.1618,-0.5123,34.5438
2022-03-01,Uganda,Arua,cereals and tubers,Groundnuts,KG,UGX,Retail,4498.94,1.2159,0.2802,34.3831
2022-04-01,Uganda,Arua,cereals and tubers,Groundnuts,KG,UGX,Retail,5456.88,1.4748,2.679,31.6814
2022-05-01,Uganda,Arua,cereals and tubers,Groundnuts,KG,UGX,Retail,6140.96,1.6597,-1.4281,32.5047
2022-06-01,Uganda,Arua,cereals and tubers,Groundnuts,KG,UGX,Retail,6952.18,1.879,4.0223,34.418
2022-07-01,Uganda,Arua,cereals and tubers,Groundnuts,KG,UGX,Retail,7545.15,2.0392,4.089,30.4072
2022-08-01,Uganda,Arua,cereals and tubers,Groundnuts,KG,UGX,Retail,8267.11,2.2344,2.7689,34.4918
2022-09-01,Uganda,Arua,cereals and tubers,Groundnuts,KG,UGX,Retail,8055.89,2.1773,3.2024,30.7065
2022-10-01,Uganda,Arua,cereals and tubers,Groundnuts,KG,UGX,Retail,7773.03,2.1008,-1.1639,32.7426
2022-11-01,Uganda,Arua,cereals and tubers,Groundnuts,KG,UGX,Retail,7571.51,2.0464,-0.8771,32.1101
2022-12-01,Uganda,Arua,cereals and tubers,Groundnuts,KG,UGX,Retail,6404.89,1.7311,2.6208,31.8367
2023-01-01,Uganda,Arua,cereals and tubers,Groundnuts,KG,UGX,Retail,5511.93,1.4897,2.2944,33.2948
2023-02-01,Uganda,Arua,cereals and tubers,Groundnuts,KG,UGX,Retail,5314.79,1.4364,-1.387,34.7067
2023-03-01,Uganda,Arua,cereals and tubers,Groundnuts,KG,UGX,Retail,5341.88,1.4438,-0.3537,32.6546
2023-04-01,Uganda,Arua,cereals and tubers,Groundnuts,KG,UGX,Retail,5922.67,1.6007,-0.7819,30.6349
2023-05-01,Uganda,Arua,cereals and tubers,Groundnuts,KG,UGX,Retail,7127.88,1.9265,1.3957,30.6338
2023-06-01,Uganda,Arua,cereals and tubers,Groundnuts,KG,UGX,Retail,8255.64,2.2313,1.1823,33.0474
2023-07-01,Uganda,Arua,cereals and tubers,Groundnuts,KG,UGX,Retail,8911.26,2.4084,-1.1699,30.4907
2023-08-01,Uganda,Arua,cereals and tubers,Groundnuts,KG,UGX,Retail,9913.07,2.6792,2.0545,34.0879
2023-09-01,Uganda,Arua,cereals and tubers,Groundnuts,KG,UGX,Retail,10136.25,2.7395,2.8631,32.2187
2023-10-01,Uganda,Arua,cereals and tubers,Groundnuts,KG,UGX,Retail,9756.85,2.637,0.5418,32.9527
2023-11-01,Uganda,Arua,cereals and tubers,Groundnuts,KG,UGX,Retail,8731.57,2.3599,-1.2401,33.9137
2023-12-01,Uganda,Arua,cereals and tubers,Groundnuts,KG,UGX,Retail,8297.26,2.2425,3.701,31.0339
2024-01-01,Uganda,Arua,cereals and tubers,Groundnuts,KG,UGX,Retail,7975.56,2.1556,3.2818,33.6279
2024-02-01,Uganda,Arua,cereals and tubers,Groundnuts,KG,UGX,Retail,7878.63,2.1294,1.6974,32.5257
2024-03-01,Uganda,Arua,cereals and tubers,Groundnuts,KG,UGX,Retail,7384.42,1.9958,2.7953,34.8056
2024-04-01,Uganda,Arua,cereals and tubers,Groundnuts,KG,UGX,Retail,7754.71,2.0959,-0.6722,33.5676
2024-05-01,Uganda,Arua,cereals and tubers,Groundnuts,KG,UGX,Retail,8098.5,2.1888,3.0327,30.3618
2024-06-01,Uganda,Arua,cereals and tubers,Groundnuts,KG,UGX,Retail,8914.52,2.4093,2.4782,34.9714
2024-07-01,Uganda,Arua,cereals and tubers,Groundnuts,KG,UGX,Retail,9222.39,2.4925,3.4267,31.6806
2024-08-01,Uganda,Arua,cereals and tubers,Groundnuts,KG,UGX,Retail,9693.58,2.6199,1.4071,31.1058
2024-09-01,Uganda,Arua,cereals and tubers,Groundnuts,KG,UGX,Retail,10071.86,2.7221,0.1406,32.2012
2024-10-01,Uganda,Arua,cereals and tubers,Groundnuts,KG,UGX,Retail,10103.99,2.7308,3.2202,34.5973
2024-11-01,Uganda,Arua,cereals and tubers,Groundnuts,KG,UGX,Retail,9232.41,2.4952,1.0586,34.9065
2024-12-01,Uganda,Arua,cereals and tubers,Groundnuts,KG,UGX,Retail,8274.13,2.2363,3.1091,32.6633
2025-01-01,Uganda,Arua,cereals and tubers,Groundnuts,KG,UGX,Retail,7449.23,2.0133,0.1668,31.1993
2025-02-01,Uganda,Arua,cereals and tubers,Groundnuts,KG,UGX,Retail,7586.68,2.0505,-1.4052,30.5174
2025-03-01,Uganda,Arua,cereals and tubers,Groundnuts,KG,UGX,Retail,7177.26,1.9398,-0.081,29.7076
2025-04-01,Uganda,Arua,cereals and tubers,Groundnuts,KG,UGX,Retail,7819.81,2.1135,0.8278,32.5581
2025-05-01,Uganda,Arua,cereals and tubers,Groundnuts,KG,UGX,Retail,8280.71,2.238,3.0054,34.0577
2025-06-01,Uganda,Arua,cereals and tubers,Groundnuts,KG,UGX,Retail,9174.77,2.4797,3.051,31.5517
2025-07-01,Uganda,Arua,cereals and tubers,Groundnuts,KG,UGX,Retail,10025.51,2.7096,3.8374,34.4163
2025-08-01,Uganda,Arua,cereals and tubers,Groundnuts,KG,UGX,Retail,10696.29,2.8909,1.2822,31.1472
2025-09-01,Uganda,Arua,cereals and tubers,Groundnuts,KG,UGX,Retail,10935.95,2.9557,2.3869,30.1004
2025-10-01,Uganda,Arua,cereals and tubers,Groundnuts,KG,UGX,Retail,10569.18,2.8565,2.5976,30.1225
2025-11-01,Uganda,Arua,cereals and tubers,Groundnuts,KG,UGX,Retail,8433.06,2.2792,2.739,31.2909
2025-12-01,Uganda,Arua,cereals and tubers,Groundnuts,KG,UGX,Retail,7545.87,2.0394,3.4027,34.8279
2026-01-01,Uganda,Arua,cereals and tubers,Groundnuts,KG,UGX,Retail,6580.9,1.7786,2.2082,34.2453
2026-02-01,Uganda,Arua,cereals and tubers,Groundnuts,KG,UGX,Retail,6884.25,1.8606,-1.0969,32.3196
2026-03-01,Uganda,Arua,cereals and tubers,Groundnuts,KG,UGX,Retail,6230.12,1.6838,-1.482,31.9611
2026-04-01,Uganda,Arua,cereals and tubers,Groundnuts,KG,UGX,Retail,7005.43,1.8934,1.501,33.557
2026-05-01,Uganda,Arua,cereals and tubers,Groundnuts,KG,UGX,Retail,7404.6,2.0012,2.9769,31.1291
2026-06-01,Uganda,Arua,cereals and tubers,Groundnuts,KG,UGX,Retail,8542.99,2.3089,0.8911,29.8318
2026-07-01,Uganda,Arua,cereals and tubers,Groundnuts,KG,UGX,Retail,9611.78,2.5978,2.9491,31.4782
2018-01-01,Uganda,Arua,cereals and tubers,Millet,KG,UGX,Retail,1380.38,0.3731,1.8571,34.9314
2018-02-01,Uganda,Arua,cereals and tubers,Millet,KG,UGX,Retail,1339.43,0.362,3.9051,31.3841
2018-03-01,Uganda,Arua,cereals and tubers,Millet,KG,UGX,Retail,1399.43,0.3782,0.6759,30.0593
2018-04-01,Uganda,Arua,cereals and tubers,Millet,KG,UGX,Retail,1435.33,0.3879,-0.5656,34.7013
2018-05-01,Uganda,Arua,cereals and tubers,Millet,KG,UGX,Retail,1719.18,0.4646,0.0216,34.573
2018-06-01,Uganda,Arua,cereals and tubers,Millet,KG,UGX,Retail,1965.48,0.5312,-0.4199,32.7973
2018-07-01,Uganda,Arua,cereals and tubers,Millet,KG,UGX,Retail,2077.35,0.5614,3.4843,29.8691
2018-08-01,Uganda,Arua,cereals and tubers,Millet,KG,UGX,Retail,2262.16,0.6114,-1.1382,33.3531
2018-09-01,Uganda,Arua,cereals and tubers,Millet,KG,UGX,Retail,2390.3,0.646,3.2371,31.6073
2018-10-01,Uganda,Arua,cereals and tubers,Millet,KG,UGX,Retail,2408.12,0.6508,-0.8101,34.3176
2018-11-01,Uganda,Arua,cereals and tubers,Millet,KG,UGX,Retail,2338.92,0.6321,2.0843,31.5832
2018-12-01,Uganda,Arua,cereals and tubers,Millet,KG,UGX,Retail,2341.45,0.6328,1.4003,32.5635
2019-01-01,Uganda,Arua,cereals and tubers,Millet,KG,UGX,Retail,2050.61,0.5542,4.0269,32.7516
2019-02-01,Uganda,Arua,cereals and tubers,Millet,KG,UGX,Retail,1898.17,0.513,2.1182,31.908
2019-03-01,Uganda,Arua,cereals and tubers,Millet,KG,UGX,Retail,2017.91,0.5454,2.5911,33.3814
2019-04-01,Uganda,Arua,cereals and tubers,Millet,KG,UGX,Retail,2291.38,0.6193,-0.1886,33.5535
2019-05-01,Uganda,Arua,cereals and tubers,Millet,KG,UGX,Retail,2484.37,0.6715,2.4383,33.4771
2019-06-01,Uganda,Arua,cereals and tubers,Millet,KG,UGX,Retail,2908.8,0.7862,-0.0284,31.6144
2019-07-01,Uganda,Arua,cereals and tubers,Millet,KG,UGX,Retail,3073.76,0.8307,1.96,33.6168
2019-08-01,Uganda,Arua,cereals and tubers,Millet,KG,UGX,Retail,2975.74,0.8043,-1.329,33.5234
2019-09-01,Uganda,Arua,cereals and tubers,Millet,KG,UGX,Retail,3094.36,0.8363,3.2803,30.0089
2019-10-01,Uganda,Arua,cereals and tubers,Millet,KG,UGX,Retail,2959.46,0.7999,1.6274,31.3632
2019-11-01,Uganda,Arua,cereals and tubers,Millet,KG,UGX,Retail,2718.5,0.7347,-0.8905,30.3365
2019-12-01,Uganda,Arua,cereals and tubers,Millet,KG,UGX,Retail,2425.22,0.6555,1.4315,31.0281
2020-01-01,Uganda,Arua,cereals and tubers,Millet,KG,UGX,Retail,2382.14,0.6438,-0.605,34.2859
2020-02-01,Uganda,Arua,cereals and tubers,Millet,KG,UGX,Retail,2149.45,0.5809,-0.1044,31.7245
2020-03-01,Uganda,Arua,cereals and tubers,Millet,KG,UGX,Retail,2205.34,0.596,3.555,29.9732
2020-04-01,Uganda,Arua,cereals and tubers,Millet,KG,UGX,Retail,2390.29,0.646,-0.6281,30.7388
2020-05-01,Uganda,Arua,cereals and tubers,Millet,KG,UGX,Retail,2466.97,0.6667,3.6026,30.0465
2020-06-01,Uganda,Arua,cereals and tubers,Millet,KG,UGX,Retail,2841.61,0.768,3.0133,32.3391
2020-07-01,Uganda,Arua,cereals and tubers,Millet,KG,UGX,Retail,3304.14,0.893,-0.358,32.3268
2020-08-01,Uganda,Arua,cereals and tubers,Millet,KG,UGX,Retail,3772.83,1.0197,3.1879,30.0466
2020-09-01,Uganda,Arua,cereals and tubers,Millet,KG,UGX,Retail,4119.89,1.1135,2.9088,31.2866
2020-10-01,Uganda,Arua,cereals and tubers,Millet,KG,UGX,Retail,4109.01,1.1105,-0.0035,33.4534
2020-11-01,Uganda,Arua,cereals and tubers,Millet,KG,UGX,Retail,3686.46,0.9963,0.7953,32.5466
2020-12-01,Uganda,Arua,cereals and tubers,Millet,KG,UGX,Retail,3114.01,0.8416,3.0278,30.6005
2021-01-01,Uganda,Arua,cereals and tubers,Millet,KG,UGX,Retail,2799.5,0.7566,3.3152,33.6242
2021-02-01,Uganda,Arua,cereals and tubers,Millet,KG,UGX,Retail,2618.69,0.7078,-1.1021,33.4421
2021-03-01,Uganda,Arua,cereals and tubers,Millet,KG,UGX,Retail,2618.8,0.7078,0.2657,29.6537
2021-04-01,Uganda,Arua,cereals and tubers,Millet,KG,UGX,Retail,2620.27,0.7082,1.9524,30.2065
2021-05-01,Uganda,Arua,cereals and tubers,Millet,KG,UGX,Retail,2949.09,0.7971,3.1721,31.3182
2021-06-01,Uganda,Arua,cereals and tubers,Millet,KG,UGX,Retail,3428.4,0.9266,-0.7037,31.5327
2021-07-01,Uganda,Arua,cereals and tubers,Millet,KG,UGX,Retail,4095.51,1.1069,2.1154,34.2866
2021-08-01,Uganda,Arua,cereals and tubers,Millet,KG,UGX,Retail,4025.24,1.0879,-0.3454,33.352
2021-09-01,Uganda,Arua,cereals and tubers,Millet,KG,UGX,Retail,3877.0,1.0478,1.3128,31.3581
2021-10-01,Uganda,Arua,cereals and tubers,Millet,KG,UGX,Retail,3973.53,1.0739,2.3548,32.9523
2021-11-01,Uganda,Arua,cereals and tubers,Millet,KG,UGX,Retail,3271.32,0.8841,-0.8241,32.7225
2021-12-01,Uganda,Arua,cereals and tubers,Millet,KG,UGX,Retail,3138.36,0.8482,1.6841,29.6197
2022-01-01,Uganda,Arua,cereals and tubers,Millet,KG,UGX,Retail,2895.99,0.7827,2.9379,33.6098
2022-02-01,Uganda,Arua,cereals and tubers,Millet,KG,UGX,Retail,2721.03,0.7354,1.1807,31.9615
2022-03-01,Uganda,Arua,cereals and tubers,Millet,KG,UGX,Retail,2760.91,0.7462,-0.7876,32.9556
2022-04-01,Uganda,Arua,cereals and tubers,Millet,KG,UGX,Retail,2852.62,0.771,0.619,31.4217
2022-05-01,Uganda,Arua,cereals and tubers,Millet,KG,UGX,Retail,3243.19,0.8765,-1.1728,34.6305
2022-06-01,Uganda,Arua,cereals and tubers,Millet,KG,UGX,Retail,3842.64,1.0386,-1.4678,34.4637
2022-07-01,Uganda,Arua,cereals and tubers,Millet,KG,UGX,Retail,4485.17,1.2122,1.6997,33.262
2022-08-01,Uganda,Arua,cereals and tubers,Millet,KG,UGX,Retail,4286.89,1.1586,1.5152,32.9887
2022-09-01,Uganda,Arua,cereals and tubers,Millet,KG,UGX,Retail,4192.22,1.133,4.1673,30.701
2022-10-01,Uganda,Arua,cereals and tubers,Millet,KG,UGX,Retail,3949.48,1.0674,3.8824,31.9173
2022-11-01,Uganda,Arua,cereals and tubers,Millet,KG,UGX,Retail,3646.46,0.9855,0.0713,29.7395
2022-12-01,Uganda,Arua,cereals and tubers,Millet,KG,UGX,Retail,3178.36,0.859,0.7418,32.4098
2023-01-01,Uganda,Arua,cereals and tubers,Millet,KG,UGX,Retail,3033.63,0.8199,3.5105,34.5212
2023-02-01,Uganda,Arua,cereals and tubers,Millet,KG,UGX,Retail,2658.62,0.7185,3.9695,34.2706
2023-03-01,Uganda,Arua,cereals and tubers,Millet,KG,UGX,Retail,2529.26,0.6836,2.5261,30.6707
2023-04-01,Uganda,Arua,cereals and tubers,Millet,KG,UGX,Retail,2836.67,0.7667,3.6793,32.338
2023-05-01,Uganda,Arua,cereals and tubers,Millet,KG,UGX,Retail,3105.36,0.8393,2.6071,30.7476
2023-06-01,Uganda,Arua,cereals and tubers,Millet,KG,UGX,Retail,3487.85,0.9427,4.0166,29.7057
2023-07-01,Uganda,Arua,cereals and tubers,Millet,KG,UGX,Retail,3591.49,0.9707,4.079,30.1624
2023-08-01,Uganda,Arua,cereals and tubers,Millet,KG,UGX,Retail,3748.23,1.013,1.618,34.1563
2023-09-01,Uganda,Arua,cereals and tubers,Millet,KG,UGX,Retail,3766.68,1.018,-1.1603,30.2868
2023-10-01,Uganda,Arua,cereals and tubers,Millet,KG,UGX,Retail,3565.99,0.9638,0.3385,30.7863
2023-11-01,Uganda,Arua,cereals and tubers,Millet,KG,UGX,Retail,2957.39,0.7993,-1.3468,34.0785
2023-12-01,Uganda,Arua,cereals and tubers,Millet,KG,UGX,Retail,2726.75,0.737,2.0916,32.9769
2024-01-01,Uganda,Arua,cereals and tubers,Millet,KG,UGX,Retail,2424.67,0.6553,1.7394,31.6259
2024-02-01,Uganda,Arua,cereals and tubers,Millet,KG,UGX,Retail,2531.06,0.6841,1.825,29.6064
2024-03-01,Uganda,Arua,cereals and tubers,Millet,KG,UGX,Retail,2527.9,0.6832,2.2394,32.0572
2024-04-01,Uganda,Arua,cereals and tubers,Millet,KG,UGX,Retail,2717.45,0.7344,-1.4925,31.0604
2024-05-01,Uganda,Arua,cereals and tubers,Millet,KG,UGX,Retail,3074.64,0.831,1.5469,30.3078
2024-06-01,Uganda,Arua,cereals and tubers,Millet,KG,UGX,Retail,3751.23,1.0138,1.5075,32.9622
2024-07-01,Uganda,Arua,cereals and tubers,Millet,KG,UGX,Retail,4178.62,1.1294,3.8922,29.8216
2024-08-01,Uganda,Arua,cereals and tubers,Millet,KG,UGX,Retail,4785.67,1.2934,-0.8401,33.7707
2024-09-01,Uganda,Arua,cereals and tubers,Millet,KG,UGX,Retail,4749.6,1.2837,3.645,29.711
2024-10-01,Uganda,Arua,cereals and tubers,Millet,KG,UGX,Retail,4307.16,1.1641,0.0708,32.141
2024-11-01,Uganda,Arua,cereals and tubers,Millet,KG,UGX,Retail,3979.67,1.0756,2.7687,32.2819
2024-12-01,Uganda,Arua,cereals and tubers,Millet,KG,UGX,Retail,3359.68,0.908,2.6626,34.5994
2025-01-01,Uganda,Arua,cereals and tubers,Millet,KG,UGX,Retail,3127.93,0.8454,2.6993,32.2337
2025-02-01,Uganda,Arua,cereals and tubers,Millet,KG,UGX,Retail,3054.07,0.8254,1.272,34.6235
2025-03-01,Uganda,Arua,cereals and tubers,Millet,KG,UGX,Retail,2953.37,0.7982,-0.6435,29.8538
2025-04-01,Uganda,Arua,cereals and tubers,Millet,KG,UGX,Retail,2917.41,0.7885,2.4093,32.8513
2025-05-01,Uganda,Arua,cereals and tubers,Millet,KG,UGX,Retail,3461.4,0.9355,1.6088,31.4787
2025-06-01,Uganda,Arua,cereals and tubers,Millet,KG,UGX,Retail,4038.71,1.0915,-1.3381,32.728
2025-07-01,Uganda,Arua,cereals and tubers,Millet,KG,UGX,Retail,4543.38,1.2279,-1.4753,34.1646
2025-08-01,Uganda,Arua,cereals and tubers,Millet,KG,UGX,Retail,4610.67,1.2461,-0.8952,34.1729
2025-09-01,Uganda,Arua,cereals and tubers,Millet,KG,UGX,Retail,4590.75,1.2407,1.299,30.9242
2025-10-01,Uganda,Arua,cereals and tubers,Millet,KG,UGX,Retail,4389.95,1.1865,1.99,30.93
2025-11-01,Uganda,Arua,cereals and tubers,Millet,KG,UGX,Retail,3616.63,0.9775,3.8058,33.5384
2025-12-01,Uganda,Arua,cereals and tubers,Millet,KG,UGX,Retail,3425.48,0.9258,3.9488,29.6313
2026-01-01,Uganda,Arua,cereals and tubers,Millet,KG,UGX,Retail,3254.5,0.8796,2.2505,31.9667
2026-02-01,Uganda,Arua,cereals and tubers,Millet,KG,UGX,Retail,3345.9,0.9043,2.953,29.8542
2026-03-01,Uganda,Arua,cereals and tubers,Millet,KG,UGX,Retail,3450.59,0.9326,1.706,33.0342
2026-04-01,Uganda,Arua,cereals and tubers,Millet,KG,UGX,Retail,3875.07,1.0473,-1.3655,34.4005
2026-05-01,Uganda,Arua,cereals and tubers,Millet,KG,UGX,Retail,4389.97,1.1865,1.2473,29.7115
2026-06-01,Uganda,Arua,cereals and tubers,Millet,KG,UGX,Retail,5367.51,1.4507,0.3008,30.5854
2026-07-01,Uganda,Arua,cereals and tubers,Millet,KG,UGX,Retail,6128.74,1.6564,-0.4782,31.3865
2018-01-01,Uganda,Fort Portal,cereals and tubers,Maize,KG,UGX,Retail,1117.22,0.302,3.2676,32.2747
2018-02-01,Uganda,Fort Portal,cereals and tubers,Maize,KG,UGX,Retail,1117.59,0.3021,-0.6687,34.3298
2018-03-01,Uganda,Fort Portal,cereals and tubers,Maize,KG,UGX,Retail,1159.93,0.3135,-0.1347,32.956
2018-04-01,Uganda,Fort Portal,cereals and tubers,Maize,KG,UGX,Retail,1291.02,0.3489,3.0666,31.8156
2018-05-01,Uganda,Fort Portal,cereals and tubers,Maize,KG,UGX,Retail,1280.32,0.346,0.1447,32.6677
2018-06-01,Uganda,Fort Portal,cereals and tubers,Maize,KG,UGX,Retail,1520.48,0.4109,0.3701,29.6912
2018-07-01,Uganda,Fort Portal,cereals and tubers,Maize,KG,UGX,Retail,1646.39,0.445,-1.1546,31.0627
2018-08-01,Uganda,Fort Portal,cereals and tubers,Maize,KG,UGX,Retail,1679.12,0.4538,2.6915,32.722
2018-09-01,Uganda,Fort Portal,cereals and tubers,Maize,KG,UGX,Retail,1674.94,0.4527,-0.9468,33.9667
2018-10-01,Uganda,Fort Portal,cereals and tubers,Maize,KG,UGX,Retail,1584.4,0.4282,3.9504,30.8494
2018-11-01,Uganda,Fort Portal,cereals and tubers,Maize,KG,UGX,Retail,1429.04,0.3862,1.6083,30.3728
2018-12-01,Uganda,Fort Portal,cereals and tubers,Maize,KG,UGX,Retail,1377.13,0.3722,2.9534,30.748
2019-01-01,Uganda,Fort Portal,cereals and tubers,Maize,KG,UGX,Retail,1216.0,0.3286,0.1843,32.9843
2019-02-01,Uganda,Fort Portal,cereals and tubers,Maize,KG,UGX,Retail,1280.01,0.3459,1.1834,33.1389
2019-03-01,Uganda,Fort Portal,cereals and tubers,Maize,KG,UGX,Retail,1240.23,0.3352,2.0283,32.624
2019-04-01,Uganda,Fort Portal,cereals and tubers,Maize,KG,UGX,Retail,1464.84,0.3959,0.7911,29.9827
2019-05-01,Uganda,Fort Portal,cereals and tubers,Maize,KG,UGX,Retail,1602.01,0.433,1.9582,34.6067
2019-06-01,Uganda,Fort Portal,cereals and tubers,Maize,KG,UGX,Retail,1838.06,0.4968,1.601,30.9611
2019-07-01,Uganda,Fort Portal,cereals and tubers,Maize,KG,UGX,Retail,1993.41,0.5388,2.773,33.5714
2019-08-01,Uganda,Fort Portal,cereals and tubers,Maize,KG,UGX,Retail,2216.53,0.5991,2.9399,29.9921
2019-09-01,Uganda,Fort Portal,cereals and tubers,Maize,KG,UGX,Retail,2250.4,0.6082,-0.0079,34.5749
2019-10-01,Uganda,Fort Portal,cereals and tubers,Maize,KG,UGX,Retail,2088.05,0.5643,-0.887,30.9135
2019-11-01,Uganda,Fort Portal,cereals and tubers,Maize,KG,UGX,Retail,1969.56,0.5323,3.9886,30.1922
2019-12-01,Uganda,Fort Portal,cereals and tubers,Maize,KG,UGX,Retail,1830.43,0.4947,0.4453,33.0902
2020-01-01,Uganda,Fort Portal,cereals and tubers,Maize,KG,UGX,Retail,1623.24,0.4387,-0.1286,33.8434
2020-02-01,Uganda,Fort Portal,cereals and tubers,Maize,KG,UGX,Retail,1617.63,0.4372,3.1634,30.7446
2020-03-01,Uganda,Fort Portal,cereals and tubers,Maize,KG,UGX,Retail,1718.96,0.4646,0.4797,32.8928
2020-04-01,Uganda,Fort Portal,cereals and tubers,Maize,KG,UGX,Retail,1824.82,0.4932,1.7431,29.6443
2020-05-01,Uganda,Fort Portal,cereals and tubers,Maize,KG,UGX,Retail,1992.15,0.5384,1.3458,32.9565
2020-06-01,Uganda,Fort Portal,cereals and tubers,Maize,KG,UGX,Retail,2335.07,0.6311,3.4423,31.778
2020-07-01,Uganda,Fort Portal,cereals and tubers,Maize,KG,UGX,Retail,2541.05,0.6868,3.4985,31.8739
2020-08-01,Uganda,Fort Portal,cereals and tubers,Maize,KG,UGX,Retail,2889.75,0.781,2.3568,33.6787
2020-09-01,Uganda,Fort Portal,cereals and tubers,Maize,KG,UGX,Retail,2787.09,0.7533,-0.126,30.3898
2020-10-01,Uganda,Fort Portal,cereals and tubers,Maize,KG,UGX,Retail,2621.27,0.7085,2.5721,30.6209
2020-11-01,Uganda,Fort Portal,cereals and tubers,Maize,KG,UGX,Retail,2330.05,0.6297,2.8562,34.714
2020-12-01,Uganda,Fort Portal,cereals and tubers,Maize,KG,UGX,Retail,2092.96,0.5657,0.2347,31.481
2021-01-01,Uganda,Fort Portal,cereals and tubers,Maize,KG,UGX,Retail,1827.68,0.494,2.9485,32.5271
2021-02-01,Uganda,Fort Portal,cereals and tubers,Maize,KG,UGX,Retail,1748.31,0.4725,0.7141,30.3263
2021-03-01,Uganda,Fort Portal,cereals and tubers,Maize,KG,UGX,Retail,1945.93,0.5259,0.7811,30.2054
2021-04-01,Uganda,Fort Portal,cereals and tubers,Maize,KG,UGX,Retail,2143.1,0.5792,3.5251,34.3933
2021-05-01,Uganda,Fort Portal,cereals and tubers,Maize,KG,UGX,Retail,2383.26,0.6441,2.1549,30.1059
2021-06-01,Uganda,Fort Portal,cereals and tubers,Maize,KG,UGX,Retail,2626.68,0.7099,3.5135,32.9297
2021-07-01,Uganda,Fort Portal,cereals and tubers,Maize,KG,UGX,Retail,3114.78,0.8418,0.6174,30.9471
2021-08-01,Uganda,Fort Portal,cereals and tubers,Maize,KG,UGX,Retail,3541.14,0.9571,-0.7378,33.23
2021-09-01,Uganda,Fort Portal,cereals and tubers,Maize,KG,UGX,Retail,3737.3,1.0101,-0.4877,32.7769
2021-10-01,Uganda,Fort Portal,cereals and tubers,Maize,KG,UGX,Retail,3467.82,0.9372,1.8562,32.4602
2021-11-01,Uganda,Fort Portal,cereals and tubers,Maize,KG,UGX,Retail,3255.24,0.8798,-1.4387,32.9304
2021-12-01,Uganda,Fort Portal,cereals and tubers,Maize,KG,UGX,Retail,2816.57,0.7612,-0.3967,34.8897
2022-01-01,Uganda,Fort Portal,cereals and tubers,Maize,KG,UGX,Retail,2586.31,0.699,0.411,30.5126
2022-02-01,Uganda,Fort Portal,cereals and tubers,Maize,KG,UGX,Retail,2162.04,0.5843,3.3795,29.9779
2022-03-01,Uganda,Fort Portal,cereals and tubers,Maize,KG,UGX,Retail,2290.47,0.619,-0.6598,33.4652
2022-04-01,Uganda,Fort Portal,cereals and tubers,Maize,KG,UGX,Retail,2531.7,0.6842,-0.8708,32.608
2022-05-01,Uganda,Fort Portal,cereals and tubers,Maize,KG,UGX,Retail,2769.28,0.7485,0.4448,29.8744
2022-06-01,Uganda,Fort Portal,cereals and tubers,Maize,KG,UGX,Retail,3206.25,0.8666,-0.6917,32.1653
2022-07-01,Uganda,Fort Portal,cereals and tubers,Maize,KG,UGX,Retail,3492.84,0.944,-0.1486,30.5581
2022-08-01,Uganda,Fort Portal,cereals and tubers,Maize,KG,UGX,Retail,3480.72,0.9407,-1.1013,32.3439
2022-09-01,Uganda,Fort Portal,cereals and tubers,Maize,KG,UGX,Retail,3587.3,0.9695,-0.7775,33.3833
2022-10-01,Uganda,Fort Portal,cereals and tubers,Maize,KG,UGX,Retail,3249.07,0.8781,-1.2992,32.4943
2022-11-01,Uganda,Fort Portal,cereals and tubers,Maize,KG,UGX,Retail,2921.86,0.7897,1.9499,31.4863
2022-12-01,Uganda,Fort Portal,cereals and tubers,Maize,KG,UGX,Retail,2521.75,0.6816,3.7355,30.9205
2023-01-01,Uganda,Fort Portal,cereals and tubers,Maize,KG,UGX,Retail,2307.78,0.6237,-0.3354,29.9818
2023-02-01,Uganda,Fort Portal,cereals and tubers,Maize,KG,UGX,Retail,2134.85,0.577,3.145,33.2588
2023-03-01,Uganda,Fort Portal,cereals and tubers,Maize,KG,UGX,Retail,2327.3,0.629,2.546,31.8282
2023-04-01,Uganda,Fort Portal,cereals and tubers,Maize,KG,UGX,Retail,2454.66,0.6634,3.9613,33.8749
2023-05-01,Uganda,Fort Portal,cereals and tubers,Maize,KG,UGX,Retail,2677.09,0.7235,3.2069,30.5668
2023-06-01,Uganda,Fort Portal,cereals and tubers,Maize,KG,UGX,Retail,3072.16,0.8303,4.1975,33.1918
2023-07-01,Uganda,Fort Portal,cereals and tubers,Maize,KG,UGX,Retail,3556.6,0.9612,-0.6767,34.7808
2023-08-01,Uganda,Fort Portal,cereals and tubers,Maize,KG,UGX,Retail,3853.44,1.0415,1.3694,34.3938
2023-09-01,Uganda,Fort Portal,cereals and tubers,Maize,KG,UGX,Retail,3843.34,1.0387,-0.458,32.3667
2023-10-01,Uganda,Fort Portal,cereals and tubers,Maize,KG,UGX,Retail,3516.8,0.9505,0.9654,33.9103
2023-11-01,Uganda,Fort Portal,cereals and tubers,Maize,KG,UGX,Retail,3232.78,0.8737,2.6088,30.0764
2023-12-01,Uganda,Fort Portal,cereals and tubers,Maize,KG,UGX,Retail,3024.32,0.8174,-0.3492,33.5687
2024-01-01,Uganda,Fort Portal,cereals and tubers,Maize,KG,UGX,Retail,2891.88,0.7816,0.698,31.0447
2024-02-01,Uganda,Fort Portal,cereals and tubers,Maize,KG,UGX,Retail,2875.98,0.7773,0.5143,30.6829
2024-03-01,Uganda,Fort Portal,cereals and tubers,Maize,KG,UGX,Retail,2925.88,0.7908,2.7094,30.7476
2024-04-01,Uganda,Fort Portal,cereals and tubers,Maize,KG,UGX,Retail,3244.74,0.877,0.4407,32.0983
2024-05-01,Uganda,Fort Portal,cereals and tubers,Maize,KG,UGX,Retail,3561.22,0.9625,2.2879,32.778
2024-06-01,Uganda,Fort Portal,cereals and tubers,Maize,KG,UGX,Retail,4208.42,1.1374,0.7455,31.0352
2024-07-01,Uganda,Fort Portal,cereals and tubers,Maize,KG,UGX,Retail,5234.81,1.4148,0.3098,34.1877
2024-08-01,Uganda,Fort Portal,cereals and tubers,Maize,KG,UGX,Retail,5320.99,1.4381,2.1135,32.3475
2024-09-01,Uganda,Fort Portal,cereals and tubers,Maize,KG,UGX,Retail,5558.76,1.5024,0.9031,31.9056
2024-10-01,Uganda,Fort Portal,cereals and tubers,Maize,KG,UGX,Retail,5192.81,1.4035,1.948,32.0254
2024-11-01,Uganda,Fort Portal,cereals and tubers,Maize,KG,UGX,Retail,4742.38,1.2817,-0.1032,33.9277
2024-12-01,Uganda,Fort Portal,cereals and tubers,Maize,KG,UGX,Retail,4282.4,1.1574,-1.4673,29.7051
2025-01-01,Uganda,Fort Portal,cereals and tubers,Maize,KG,UGX,Retail,4066.36,1.099,1.6911,32.2407
2025-02-01,Uganda,Fort Portal,cereals and tubers,Maize,KG,UGX,Retail,3958.01,1.0697,0.5046,33.893
2025-03-01,Uganda,Fort Portal,cereals and tubers,Maize,KG,UGX,Retail,4225.95,1.1421,1.2194,33.783
2025-04-01,Uganda,Fort Portal,cereals and tubers,Maize,KG,UGX,Retail,4750.79,1.284,-0.3565,29.6946
2025-05-01,Uganda,Fort Portal,cereals and tubers,Maize,KG,UGX,Retail,5029.74,1.3594,0.8004,32.5398
2025-06-01,Uganda,Fort Portal,cereals and tubers,Maize,KG,UGX,Retail,6109.52,1.6512,3.2982,33.4945
2025-07-01,Uganda,Fort Portal,cereals and tubers,Maize,KG,UGX,Retail,6468.64,1.7483,1.2089,34.8735
2025-08-01,Uganda,Fort Portal,cereals and tubers,Maize,KG,UGX,Retail,6849.11,1.8511,2.0421,33.2403
2025-09-01,Uganda,Fort Portal,cereals and tubers,Maize,KG,UGX,Retail,7603.37,2.055,1.7078,30.8059
2025-10-01,Uganda,Fort Portal,cereals and tubers,Maize,KG,UGX,Retail,7739.65,2.0918,2.5014,29.8105
2025-11-01,Uganda,Fort Portal,cereals and tubers,Maize,KG,UGX,Retail,7099.72,1.9188,0.2315,31.0679
2025-12-01,Uganda,Fort Portal,cereals and tubers,Maize,KG,UGX,Retail,5921.1,1.6003,-0.2748,34.7931
2026-01-01,Uganda,Fort Portal,cereals and tubers,Maize,KG,UGX,Retail,5776.31,1.5612,1.1112,31.7677
2026-02-01,Uganda,Fort Portal,cereals and tubers,Maize,KG,UGX,Retail,5229.1,1.4133,2.9358,30.4787
2026-03-01,Uganda,Fort Portal,cereals and tubers,Maize,KG,UGX,Retail,5405.0,1.4608,4.1464,30.261
2026-04-01,Uganda,Fort Portal,cereals and tubers,Maize,KG,UGX,Retail,5412.84,1.4629,1.1562,32.5222
2026-05-01,Uganda,Fort Portal,cereals and tubers,Maize,KG,UGX,Retail,5819.37,1.5728,2.6241,30.4997
2026-06-01,Uganda,Fort Portal,cereals and tubers,Maize,KG,UGX,Retail,6586.83,1.7802,1.0877,33.0283
2026-07-01,Uganda,Fort Portal,cereals and tubers,Maize,KG,UGX,Retail,7450.48,2.0136,2.7063,32.5206
2018-01-01,Uganda,Fort Portal,cereals and tubers,Beans,KG,UGX,Retail,3202.36,0.8655,1.1342,31.445
2018-02-01,Uganda,Fort Portal,cereals and tubers,Beans,KG,UGX,Retail,2908.73,0.7861,-0.0587,31.8105
2018-03-01,Uganda,Fort Portal,cereals and tubers,Beans,KG,UGX,Retail,2869.47,0.7755,0.5767,34.3877
2018-04-01,Uganda,Fort Portal,cereals and tubers,Beans,KG,UGX,Retail,2781.23,0.7517,-1.3213,32.9953
2018-05-01,Uganda,Fort Portal,cereals and tubers,Beans,KG,UGX,Retail,3096.15,0.8368,3.8184,31.8849
2018-06-01,Uganda,Fort Portal,cereals and tubers,Beans,KG,UGX,Retail,3465.78,0.9367,0.3795,31.7233
2018-07-01,Uganda,Fort Portal,cereals and tubers,Beans,KG,UGX,Retail,3730.66,1.0083,0.0647,32.5717
2018-08-01,Uganda,Fort Portal,cereals and tubers,Beans,KG,UGX,Retail,4060.36,1.0974,0.9153,33.1185
2018-09-01,Uganda,Fort Portal,cereals and tubers,Beans,KG,UGX,Retail,4394.68,1.1878,3.0676,31.0562
2018-10-01,Uganda,Fort Portal,cereals and tubers,Beans,KG,UGX,Retail,4283.0,1.1576,0.2114,29.964
2018-11-01,Uganda,Fort Portal,cereals and tubers,Beans,KG,UGX,Retail,3745.42,1.0123,-0.2914,34.4204
2018-12-01,Uganda,Fort Portal,cereals and tubers,Beans,KG,UGX,Retail,3294.48,0.8904,4.0542,32.2587
2019-01-01,Uganda,Fort Portal,cereals and tubers,Beans,KG,UGX,Retail,3182.77,0.8602,0.7307,30.5905
2019-02-01,Uganda,Fort Portal,cereals and tubers,Beans,KG,UGX,Retail,2909.94,0.7865,-0.8162,34.317
2019-03-01,Uganda,Fort Portal,cereals and tubers,Beans,KG,UGX,Retail,2787.02,0.7532,0.2078,30.3554
2019-04-01,Uganda,Fort Portal,cereals and tubers,Beans,KG,UGX,Retail,2882.49,0.7791,1.4202,34.6724
2019-05-01,Uganda,Fort Portal,cereals and tubers,Beans,KG,UGX,Retail,2991.01,0.8084,-1.2677,33.713
2019-06-01,Uganda,Fort Portal,cereals and tubers,Beans,KG,UGX,Retail,3475.53,0.9393,3.2164,31.9011
2019-07-01,Uganda,Fort Portal,cereals and tubers,Beans,KG,UGX,Retail,3466.39,0.9369,-0.5249,34.9974
2019-08-01,Uganda,Fort Portal,cereals and tubers,Beans,KG,UGX,Retail,3606.39,0.9747,3.2299,30.7472
2019-09-01,Uganda,Fort Portal,cereals and tubers,Beans,KG,UGX,Retail,3697.3,0.9993,3.4091,34.3339
2019-10-01,Uganda,Fort Portal,cereals and tubers,Beans,KG,UGX,Retail,3779.4,1.0215,0.9442,34.1025
2019-11-01,Uganda,Fort Portal,cereals and tubers,Beans,KG,UGX,Retail,3553.0,0.9603,2.0413,30.8748
2019-12-01,Uganda,Fort Portal,cereals and tubers,Beans,KG,UGX,Retail,3221.5,0.8707,0.6059,33.1927
2020-01-01,Uganda,Fort Portal,cereals and tubers,Beans,KG,UGX,Retail,3137.14,0.8479,0.8128,34.1832
2020-02-01,Uganda,Fort Portal,cereals and tubers,Beans,KG,UGX,Retail,2843.29,0.7685,3.6075,30.8556
2020-03-01,Uganda,Fort Portal,cereals and tubers,Beans,KG,UGX,Retail,2725.61,0.7367,1.3524,31.7631
2020-04-01,Uganda,Fort Portal,cereals and tubers,Beans,KG,UGX,Retail,2718.64,0.7348,-0.6523,32.4048
2020-05-01,Uganda,Fort Portal,cereals and tubers,Beans,KG,UGX,Retail,3007.46,0.8128,2.0864,34.0833
2020-06-01,Uganda,Fort Portal,cereals and tubers,Beans,KG,UGX,Retail,3331.86,0.9005,1.1045,32.2606
2020-07-01,Uganda,Fort Portal,cereals and tubers,Beans,KG,UGX,Retail,4058.64,1.0969,-1.0741,31.7925
2020-08-01,Uganda,Fort Portal,cereals and tubers,Beans,KG,UGX,Retail,4267.2,1.1533,1.5332,33.6492
2020-09-01,Uganda,Fort Portal,cereals and tubers,Beans,KG,UGX,Retail,4125.48,1.115,3.7445,30.0177
2020-10-01,Uganda,Fort Portal,cereals and tubers,Beans,KG,UGX,Retail,3641.29,0.9841,1.5124,32.1424
2020-11-01,Uganda,Fort Portal,cereals and tubers,Beans,KG,UGX,Retail,3254.76,0.8797,-0.1944,30.8206
2020-12-01,Uganda,Fort Portal,cereals and tubers,Beans,KG,UGX,Retail,2652.12,0.7168,0.1631,33.5274
2021-01-01,Uganda,Fort Portal,cereals and tubers,Beans,KG,UGX,Retail,2430.7,0.6569,-1.025,33.4401
2021-02-01,Uganda,Fort Portal,cereals and tubers,Beans,KG,UGX,Retail,2310.8,0.6245,3.1549,29.6479
2021-03-01,Uganda,Fort Portal,cereals and tubers,Beans,KG,UGX,Retail,2348.46,0.6347,3.706,32.8331
2021-04-01,Uganda,Fort Portal,cereals and tubers,Beans,KG,UGX,Retail,2579.35,0.6971,-0.3911,33.2987
2021-05-01,Uganda,Fort Portal,cereals and tubers,Beans,KG,UGX,Retail,2844.22,0.7687,3.7017,34.4909
2021-06-01,Uganda,Fort Portal,cereals and tubers,Beans,KG,UGX,Retail,3315.21,0.896,1.9421,30.1482
2021-07-01,Uganda,Fort Portal,cereals and tubers,Beans,KG,UGX,Retail,3545.92,0.9584,-1.0926,34.6066
2021-08-01,Uganda,Fort Portal,cereals and tubers,Beans,KG,UGX,Retail,3697.59,0.9993,1.2493,31.9386
2021-09-01,Uganda,Fort Portal,cereals and tubers,Beans,KG,UGX,Retail,3664.68,0.9905,1.5651,29.6151
2021-10-01,Uganda,Fort Portal,cereals and tubers,Beans,KG,UGX,Retail,3449.4,0.9323,1.2323,33.9378
2021-11-01,Uganda,Fort Portal,cereals and tubers,Beans,KG,UGX,Retail,3205.65,0.8664,3.3436,31.632
2021-12-01,Uganda,Fort Portal,cereals and tubers,Beans,KG,UGX,Retail,2847.5,0.7696,0.786,34.8005
2022-01-01,Uganda,Fort Portal,cereals and tubers,Beans,KG,UGX,Retail,2449.92,0.6621,-0.5039,34.6994
2022-02-01,Uganda,Fort Portal,cereals and tubers,Beans,KG,UGX,Retail,2422.51,0.6547,-0.6493,33.755
2022-03-01,Uganda,Fort Portal,cereals and tubers,Beans,KG,UGX,Retail,2393.54,0.6469,1.3056,32.2929
2022-04-01,Uganda,Fort Portal,cereals and tubers,Beans,KG,UGX,Retail,2605.85,0.7043,-0.4474,33.7745
2022-05-01,Uganda,Fort Portal,cereals and tubers,Beans,KG,UGX,Retail,2885.26,0.7798,2.0831,33.1245
2022-06-01,Uganda,Fort Portal,cereals and tubers,Beans,KG,UGX,Retail,3261.57,0.8815,3.778,33.6707
2022-07-01,Uganda,Fort Portal,cereals and tubers,Beans,KG,UGX,Retail,3939.75,1.0648,-0.0534,34.9613
2022-08-01,Uganda,Fort Portal,cereals and tubers,Beans,KG,UGX,Retail,4337.14,1.1722,0.8795,32.3101
2022-09-01,Uganda,Fort Portal,cereals and tubers,Beans,KG,UGX,Retail,4308.4,1.1644,1.8837,31.488
2022-10-01,Uganda,Fort Portal,cereals and tubers,Beans,KG,UGX,Retail,4411.71,1.1924,3.7896,34.6103
2022-11-01,Uganda,Fort Portal,cereals and tubers,Beans,KG,UGX,Retail,3659.77,0.9891,3.9842,31.8449
2022-12-01,Uganda,Fort Portal,cereals and tubers,Beans,KG,UGX,Retail,3224.71,0.8715,3.7264,33.0178
2023-01-01,Uganda,Fort Portal,cereals and tubers,Beans,KG,UGX,Retail,2929.75,0.7918,0.8526,31.7978
2023-02-01,Uganda,Fort Portal,cereals and tubers,Beans,KG,UGX,Retail,2606.21,0.7044,4.0104,30.831
2023-03-01,Uganda,Fort Portal,cereals and tubers,Beans,KG,UGX,Retail,2486.76,0.6721,-0.8467,33.0935
2023-04-01,Uganda,Fort Portal,cereals and tubers,Beans,KG,UGX,Retail,2698.08,0.7292,2.8757,32.4532
2023-05-01,Uganda,Fort Portal,cereals and tubers,Beans,KG,UGX,Retail,2990.25,0.8082,-1.4388,30.7472
2023-06-01,Uganda,Fort Portal,cereals and tubers,Beans,KG,UGX,Retail,3282.12,0.8871,3.2225,31.4432
2023-07-01,Uganda,Fort Portal,cereals and tubers,Beans,KG,UGX,Retail,3738.43,1.0104,-0.1319,34.3544
2023-08-01,Uganda,Fort Portal,cereals and tubers,Beans,KG,UGX,Retail,3885.59,1.0502,2.7918,30.08
2023-09-01,Uganda,Fort Portal,cereals and tubers,Beans,KG,UGX,Retail,4058.46,1.0969,4.1459,30.8387
2023-10-01,Uganda,Fort Portal,cereals and tubers,Beans,KG,UGX,Retail,3766.13,1.0179,3.8498,33.7753
2023-11-01,Uganda,Fort Portal,cereals and tubers,Beans,KG,UGX,Retail,3694.68,0.9986,1.3882,34.6156
2023-12-01,Uganda,Fort Portal,cereals and tubers,Beans,KG,UGX,Retail,3233.8,0.874,3.6372,31.9277
2024-01-01,Uganda,Fort Portal,cereals and tubers,Beans,KG,UGX,Retail,2900.91,0.784,3.7196,32.5735
2024-02-01,Uganda,Fort Portal,cereals and tubers,Beans,KG,UGX,Retail,2792.09,0.7546,-1.2094,33.97
2024-03-01,Uganda,Fort Portal,cereals and tubers,Beans,KG,UGX,Retail,2681.63,0.7248,-0.0006,34.338
2024-04-01,Uganda,Fort Portal,cereals and tubers,Beans,KG,UGX,Retail,2786.1,0.753,3.5568,32.8482
2024-05-01,Uganda,Fort Portal,cereals and tubers,Beans,KG,UGX,Retail,3279.22,0.8863,3.4864,30.163
2024-06-01,Uganda,Fort Portal,cereals and tubers,Beans,KG,UGX,Retail,3453.36,0.9333,1.6282,34.5682
2024-07-01,Uganda,Fort Portal,cereals and tubers,Beans,KG,UGX,Retail,3852.18,1.0411,2.1911,31.364
2024-08-01,Uganda,Fort Portal,cereals and tubers,Beans,KG,UGX,Retail,4047.03,1.0938,0.0774,33.3034
2024-09-01,Uganda,Fort Portal,cereals and tubers,Beans,KG,UGX,Retail,4550.3,1.2298,-1.4866,30.7231
2024-10-01,Uganda,Fort Portal,cereals and tubers,Beans,KG,UGX,Retail,4179.96,1.1297,0.1167,30.3652
2024-11-01,Uganda,Fort Portal,cereals and tubers,Beans,KG,UGX,Retail,3931.16,1.0625,2.1359,32.8122
2024-12-01,Uganda,Fort Portal,cereals and tubers,Beans,KG,UGX,Retail,3221.94,0.8708,0.2946,30.3383
2025-01-01,Uganda,Fort Portal,cereals and tubers,Beans,KG,UGX,Retail,2757.73,0.7453,4.1327,31.5461
2025-02-01,Uganda,Fort Portal,cereals and tubers,Beans,KG,UGX,Retail,2430.33,0.6568,2.8465,34.5226
2025-03-01,Uganda,Fort Portal,cereals and tubers,Beans,KG,UGX,Retail,2499.98,0.6757,-0.9226,30.2391
2025-04-01,Uganda,Fort Portal,cereals and tubers,Beans,KG,UGX,Retail,2702.4,0.7304,3.421,32.0679
2025-05-01,Uganda,Fort Portal,cereals and tubers,Beans,KG,UGX,Retail,2949.68,0.7972,-1.1198,32.8324
2025-06-01,Uganda,Fort Portal,cereals and tubers,Beans,KG,UGX,Retail,3193.07,0.863,0.7776,33.1133
2025-07-01,Uganda,Fort Portal,cereals and tubers,Beans,KG,UGX,Retail,3610.67,0.9759,3.5716,34.0949
2025-08-01,Uganda,Fort Portal,cereals and tubers,Beans,KG,UGX,Retail,4075.75,1.1016,2.362,34.1765
2025-09-01,Uganda,Fort Portal,cereals and tubers,Beans,KG,UGX,Retail,4164.32,1.1255,1.8626,30.5499
2025-10-01,Uganda,Fort Portal,cereals and tubers,Beans,KG,UGX,Retail,4198.69,1.1348,2.2952,31.0714
2025-11-01,Uganda,Fort Portal,cereals and tubers,Beans,KG,UGX,Retail,3993.53,1.0793,-0.1928,34.5213
2025-12-01,Uganda,Fort Portal,cereals and tubers,Beans,KG,UGX,Retail,3677.5,0.9939,-1.4968,32.5338
2026-01-01,Uganda,Fort Portal,cereals and tubers,Beans,KG,UGX,Retail,3323.52,0.8982,3.4554,32.519
2026-02-01,Uganda,Fort Portal,cereals and tubers,Beans,KG,UGX,Retail,3301.35,0.8923,3.7828,32.6529
2026-03-01,Uganda,Fort Portal,cereals and tubers,Beans,KG,UGX,Retail,3353.09,0.9062,3.6235,30.2529
2026-04-01,Uganda,Fort Portal,cereals and tubers,Beans,KG,UGX,Retail,3698.95,0.9997,1.5496,32.9744
2026-05-01,Uganda,Fort Portal,cereals and tubers,Beans,KG,UGX,Retail,4043.8,1.0929,3.7953,31.0192
2026-06-01,Uganda,Fort Portal,cereals and tubers,Beans,KG,UGX,Retail,4183.36,1.1306,-1.3897,30.2401
2026-07-01,Uganda,Fort Portal,cereals and tubers,Beans,KG,UGX,Retail,4800.59,1.2975,-1.0464,31.9664
2018-01-01,Uganda,Fort Portal,cereals and tubers,Rice,KG,UGX,Retail,3857.21,1.0425,3.1783,33.6217
2018-02-01,Uganda,Fort Portal,cereals and tubers,Rice,KG,UGX,Retail,3634.39,0.9823,3.4345,31.7411
2018-03-01,Uganda,Fort Portal,cereals and tubers,Rice,KG,UGX,Retail,3879.46,1.0485,2.6434,30.5586
2018-04-01,Uganda,Fort Portal,cereals and tubers,Rice,KG,UGX,Retail,4110.5,1.1109,3.7792,31.0205
2018-05-01,Uganda,Fort Portal,cereals and tubers,Rice,KG,UGX,Retail,4757.09,1.2857,3.9609,31.5474
2018-06-01,Uganda,Fort Portal,cereals and tubers,Rice,KG,UGX,Retail,5383.25,1.4549,1.0796,33.9688
2018-07-01,Uganda,Fort Portal,cereals and tubers,Rice,KG,UGX,Retail,5825.5,1.5745,1.2716,30.8005
2018-08-01,Uganda,Fort Portal,cereals and tubers,Rice,KG,UGX,Retail,6345.13,1.7149,3.5864,32.8414
2018-09-01,Uganda,Fort Portal,cereals and tubers,Rice,KG,UGX,Retail,6538.02,1.767,2.4159,34.7792
2018-10-01,Uganda,Fort Portal,cereals and tubers,Rice,KG,UGX,Retail,6118.92,1.6538,-0.2149,34.38
2018-11-01,Uganda,Fort Portal,cereals and tubers,Rice,KG,UGX,Retail,5596.92,1.5127,0.6156,33.6734
2018-12-01,Uganda,Fort Portal,cereals and tubers,Rice,KG,UGX,Retail,4946.52,1.3369,0.4612,31.7484
2019-01-01,Uganda,Fort Portal,cereals and tubers,Rice,KG,UGX,Retail,4533.88,1.2254,-0.7799,30.8396
2019-02-01,Uganda,Fort Portal,cereals and tubers,Rice,KG,UGX,Retail,4245.32,1.1474,2.9564,31.8629
2019-03-01,Uganda,Fort Portal,cereals and tubers,Rice,KG,UGX,Retail,4286.34,1.1585,2.2079,30.4492
2019-04-01,Uganda,Fort Portal,cereals and tubers,Rice,KG,UGX,Retail,4584.28,1.239,-0.3136,33.1189
2019-05-01,Uganda,Fort Portal,cereals and tubers,Rice,KG,UGX,Retail,5365.06,1.45,1.0526,32.8194
2019-06-01,Uganda,Fort Portal,cereals and tubers,Rice,KG,UGX,Retail,6357.9,1.7184,2.6299,34.6915
2019-07-01,Uganda,Fort Portal,cereals and tubers,Rice,KG,UGX,Retail,7235.29,1.9555,0.4904,30.8513
2019-08-01,Uganda,Fort Portal,cereals and tubers,Rice,KG,UGX,Retail,7495.67,2.0259,0.0822,30.339
2019-09-01,Uganda,Fort Portal,cereals and tubers,Rice,KG,UGX,Retail,8066.42,2.1801,2.5047,33.337
2019-10-01,Uganda,Fort Portal,cereals and tubers,Rice,KG,UGX,Retail,7113.07,1.9225,1.3987,30.7706
2019-11-01,Uganda,Fort Portal,cereals and tubers,Rice,KG,UGX,Retail,6404.2,1.7309,1.4075,31.227
2019-12-01,Uganda,Fort Portal,cereals and tubers,Rice,KG,UGX,Retail,5647.22,1.5263,4.0836,32.5005
2020-01-01,Uganda,Fort Portal,cereals and tubers,Rice,KG,UGX,Retail,4931.42,1.3328,-1.4556,30.5819
2020-02-01,Uganda,Fort Portal,cereals and tubers,Rice,KG,UGX,Retail,4827.81,1.3048,4.0061,30.5463
2020-03-01,Uganda,Fort Portal,cereals and tubers,Rice,KG,UGX,Retail,4923.7,1.3307,4.1439,32.198
2020-04-01,Uganda,Fort Portal,cereals and tubers,Rice,KG,UGX,Retail,5127.47,1.3858,2.1158,32.28
2020-05-01,Uganda,Fort Portal,cereals and tubers,Rice,KG,UGX,Retail,5783.68,1.5632,-1.0258,33.869
2020-06-01,Uganda,Fort Portal,cereals and tubers,Rice,KG,UGX,Retail,6625.78,1.7908,3.098,34.1777
2020-07-01,Uganda,Fort Portal,cereals and tubers,Rice,KG,UGX,Retail,7928.86,2.1429,3.4402,33.4779
2020-08-01,Uganda,Fort Portal,cereals and tubers,Rice,KG,UGX,Retail,8526.77,2.3045,-1.2042,31.4401
2020-09-01,Uganda,Fort Portal,cereals and tubers,Rice,KG,UGX,Retail,9225.65,2.4934,0.2249,33.6079
2020-10-01,Uganda,Fort Portal,cereals and tubers,Rice,KG,UGX,Retail,9254.46,2.5012,4.04,31.7631
2020-11-01,Uganda,Fort Portal,cereals and tubers,Rice,KG,UGX,Retail,8161.45,2.2058,2.7248,34.9392
2020-12-01,Uganda,Fort Portal,cereals and tubers,Rice,KG,UGX,Retail,7279.66,1.9675,0.1164,29.6825
2021-01-01,Uganda,Fort Portal,cereals and tubers,Rice,KG,UGX,Retail,6970.95,1.884,2.5816,33.9881
2021-02-01,Uganda,Fort Portal,cereals and tubers,Rice,KG,UGX,Retail,6439.6,1.7404,2.6938,33.658
2021-03-01,Uganda,Fort Portal,cereals and tubers,Rice,KG,UGX,Retail,6714.0,1.8146,3.7104,31.6478
2021-04-01,Uganda,Fort Portal,cereals and tubers,Rice,KG,UGX,Retail,7237.03,1.956,-1.2795,32.0118
2021-05-01,Uganda,Fort Portal,cereals and tubers,Rice,KG,UGX,Retail,8363.63,2.2604,3.3314,31.7837
2021-06-01,Uganda,Fort Portal,cereals and tubers,Rice,KG,UGX,Retail,9547.89,2.5805,1.3876,34.0957
2021-07-01,Uganda,Fort Portal,cereals and tubers,Rice,KG,UGX,Retail,10664.37,2.8823,-0.7031,31.5561
2021-08-01,Uganda,Fort Portal,cereals and tubers,Rice,KG,UGX,Retail,11679.05,3.1565,1.5681,34.0854
2021-09-01,Uganda,Fort Portal,cereals and tubers,Rice,KG,UGX,Retail,11443.29,3.0928,-0.9274,30.8118
2021-10-01,Uganda,Fort Portal,cereals and tubers,Rice,KG,UGX,Retail,10871.85,2.9383,0.1895,31.8048
2021-11-01,Uganda,Fort Portal,cereals and tubers,Rice,KG,UGX,Retail,9637.67,2.6048,-1.1237,34.1272
2021-12-01,Uganda,Fort Portal,cereals and tubers,Rice,KG,UGX,Retail,8150.11,2.2027,3.1972,31.2552
2022-01-01,Uganda,Fort Portal,cereals and tubers,Rice,KG,UGX,Retail,7245.13,1.9581,-0.9257,29.6716
2022-02-01,Uganda,Fort Portal,cereals and tubers,Rice,KG,UGX,Retail,6571.24,1.776,3.2615,34.5678
2022-03-01,Uganda,Fort Portal,cereals and tubers,Rice,KG,UGX,Retail,6763.21,1.8279,-1.3238,30.4575
2022-04-01,Uganda,Fort Portal,cereals and tubers,Rice,KG,UGX,Retail,7163.61,1.9361,-0.3322,30.8464
2022-05-01,Uganda,Fort Portal,cereals and tubers,Rice,KG,UGX,Retail,7977.23,2.156,3.4872,33.2196
2022-06-01,Uganda,Fort Portal,cereals and tubers,Rice,KG,UGX,Retail,9168.16,2.4779,0.6726,30.8754
2022-07-01,Uganda,Fort Portal,cereals and tubers,Rice,KG,UGX,Retail,9802.34,2.6493,2.9456,30.3675
2022-08-01,Uganda,Fort Portal,cereals and tubers,Rice,KG,UGX,Retail,10552.92,2.8521,1.1381,33.893
2022-09-01,Uganda,Fort Portal,cereals and tubers,Rice,KG,UGX,Retail,10719.72,2.8972,0.5553,29.6798
2022-10-01,Uganda,Fort Portal,cereals and tubers,Rice,KG,UGX,Retail,9833.88,2.6578,-1.0471,31.4267
2022-11-01,Uganda,Fort Portal,cereals and tubers,Rice,KG,UGX,Retail,9007.02,2.4343,2.7691,33.0576
2022-12-01,Uganda,Fort Portal,cereals and tubers,Rice,KG,UGX,Retail,7331.21,1.9814,2.212,33.0629
2023-01-01,Uganda,Fort Portal,cereals and tubers,Rice,KG,UGX,Retail,6338.62,1.7131,-1.3395,31.9859
2023-02-01,Uganda,Fort Portal,cereals and tubers,Rice,KG,UGX,Retail,5846.31,1.5801,1.1725,32.106
2023-03-01,Uganda,Fort Portal,cereals and tubers,Rice,KG,UGX,Retail,5737.04,1.5506,2.9703,33.4027
2023-04-01,Uganda,Fort Portal,cereals and tubers,Rice,KG,UGX,Retail,5963.57,1.6118,3.7777,31.1508
2023-05-01,Uganda,Fort Portal,cereals and tubers,Rice,KG,UGX,Retail,6675.27,1.8041,-0.4544,32.54
2023-06-01,Uganda,Fort Portal,cereals and tubers,Rice,KG,UGX,Retail,7215.56,1.9502,3.4527,31.2433
2023-07-01,Uganda,Fort Portal,cereals and tubers,Rice,KG,UGX,Retail,7400.0,2.0,1.5182,31.2613
2023-08-01,Uganda,Fort Portal,cereals and tubers,Rice,KG,UGX,Retail,8131.56,2.1977,2.4448,33.7084
2023-09-01,Uganda,Fort Portal,cereals and tubers,Rice,KG,UGX,Retail,8628.54,2.332,1.123,32.0242
2023-10-01,Uganda,Fort Portal,cereals and tubers,Rice,KG,UGX,Retail,8507.17,2.2992,0.6491,31.9612
2023-11-01,Uganda,Fort Portal,cereals and tubers,Rice,KG,UGX,Retail,7830.92,2.1165,2.3739,30.0154
2023-12-01,Uganda,Fort Portal,cereals and tubers,Rice,KG,UGX,Retail,6710.48,1.8136,-0.6807,31.6681
2024-01-01,Uganda,Fort Portal,cereals and tubers,Rice,KG,UGX,Retail,6396.01,1.7287,0.1568,31.3412
2024-02-01,Uganda,Fort Portal,cereals and tubers,Rice,KG,UGX,Retail,6377.6,1.7237,-0.4925,31.0248
2024-03-01,Uganda,Fort Portal,cereals and tubers,Rice,KG,UGX,Retail,6042.9,1.6332,0.3893,34.6827
2024-04-01,Uganda,Fort Portal,cereals and tubers,Rice,KG,UGX,Retail,6455.5,1.7447,2.9308,32.0932
2024-05-01,Uganda,Fort Portal,cereals and tubers,Rice,KG,UGX,Retail,6749.58,1.8242,3.1966,29.7448
2024-06-01,Uganda,Fort Portal,cereals and tubers,Rice,KG,UGX,Retail,7756.93,2.0965,1.2657,31.4961
2024-07-01,Uganda,Fort Portal,cereals and tubers,Rice,KG,UGX,Retail,8532.96,2.3062,0.4372,34.8796
2024-08-01,Uganda,Fort Portal,cereals and tubers,Rice,KG,UGX,Retail,8961.64,2.4221,0.0272,31.4393
2024-09-01,Uganda,Fort Portal,cereals and tubers,Rice,KG,UGX,Retail,9233.46,2.4955,-0.385,33.5525
2024-10-01,Uganda,Fort Portal,cereals and tubers,Rice,KG,UGX,Retail,8725.8,2.3583,-0.328,32.3027
2024-11-01,Uganda,Fort Portal,cereals and tubers,Rice,KG,UGX,Retail,8276.76,2.237,2.7147,32.8882
2024-12-01,Uganda,Fort Portal,cereals and tubers,Rice,KG,UGX,Retail,7231.45,1.9544,0.8677,30.9296
2025-01-01,Uganda,Fort Portal,cereals and tubers,Rice,KG,UGX,Retail,6578.37,1.7779,0.3424,32.8338
2025-02-01,Uganda,Fort Portal,cereals and tubers,Rice,KG,UGX,Retail,5912.51,1.598,-1.2574,33.3393
2025-03-01,Uganda,Fort Portal,cereals and tubers,Rice,KG,UGX,Retail,6066.5,1.6396,4.0335,31.4915
2025-04-01,Uganda,Fort Portal,cereals and tubers,Rice,KG,UGX,Retail,6495.45,1.7555,3.5421,32.8389
2025-05-01,Uganda,Fort Portal,cereals and tubers,Rice,KG,UGX,Retail,7566.16,2.0449,0.9796,31.5126
2025-06-01,Uganda,Fort Portal,cereals and tubers,Rice,KG,UGX,Retail,8456.97,2.2857,0.8142,32.6035
2025-07-01,Uganda,Fort Portal,cereals and tubers,Rice,KG,UGX,Retail,9513.67,2.5713,0.3961,30.0438
2025-08-01,Uganda,Fort Portal,cereals and tubers,Rice,KG,UGX,Retail,9988.11,2.6995,0.4884,34.865
2025-09-01,Uganda,Fort Portal,cereals and tubers,Rice,KG,UGX,Retail,10032.13,2.7114,1.2078,31.2499
2025-10-01,Uganda,Fort Portal,cereals and tubers,Rice,KG,UGX,Retail,9725.82,2.6286,3.1077,32.2299
2025-11-01,Uganda,Fort Portal,cereals and tubers,Rice,KG,UGX,Retail,9222.82,2.4927,2.7451,30.6339
2025-12-01,Uganda,Fort Portal,cereals and tubers,Rice,KG,UGX,Retail,8287.11,2.2398,2.6817,31.0541
2026-01-01,Uganda,Fort Portal,cereals and tubers,Rice,KG,UGX,Retail,7594.39,2.0525,2.6908,30.234
2026-02-01,Uganda,Fort Portal,cereals and tubers,Rice,KG,UGX,Retail,7323.77,1.9794,0.8159,33.7902
2026-03-01,Uganda,Fort Portal,cereals and tubers,Rice,KG,UGX,Retail,7557.88,2.0427,1.0625,31.3214
2026-04-01,Uganda,Fort Portal,cereals and tubers,Rice,KG,UGX,Retail,8082.44,2.1844,-1.3847,30.8984
2026-05-01,Uganda,Fort Portal,cereals and tubers,Rice,KG,UGX,Retail,8221.88,2.2221,-0.8184,32.8548
2026-06-01,Uganda,Fort Portal,cereals and tubers,Rice,KG,UGX,Retail,8868.72,2.397,-1.2448,32.8073
2026-07-01,Uganda,Fort Portal,cereals and tubers,Rice,KG,UGX,Retail,9764.69,2.6391,0.6502,34.9443
2018-01-01,Uganda,Fort Portal,cereals and tubers,Cassava,KG,UGX,Retail,744.67,0.2013,-1.3051,31.4774
2018-02-01,Uganda,Fort Portal,cereals and tubers,Cassava,KG,UGX,Retail,679.96,0.1838,-0.2198,34.808
2018-03-01,Uganda,Fort Portal,cereals and tubers,Cassava,KG,UGX,Retail,717.83,0.194,-1.3798,32.5191
2018-04-01,Uganda,Fort Portal,cereals and tubers,Cassava,KG,UGX,Retail,729.16,0.1971,1.0991,34.6121
2018-05-01,Uganda,Fort Portal,cereals and tubers,Cassava,KG,UGX,Retail,826.46,0.2234,-0.7079,30.0317
2018-06-01,Uganda,Fort Portal,cereals and tubers,Cassava,KG,UGX,Retail,956.58,0.2585,1.9664,32.8486
2018-07-01,Uganda,Fort Portal,cereals and tubers,Cassava,KG,UGX,Retail,1049.42,0.2836,3.9213,31.2596
2018-08-01,Uganda,Fort Portal,cereals and tubers,Cassava,KG,UGX,Retail,1223.96,0.3308,3.2423,30.1315
2018-09-01,Uganda,Fort Portal,cereals and tubers,Cassava,KG,UGX,Retail,1251.4,0.3382,3.742,31.496
2018-10-01,Uganda,Fort Portal,cereals and tubers,Cassava,KG,UGX,Retail,1224.06,0.3308,1.2247,32.069
2018-11-01,Uganda,Fort Portal,cereals and tubers,Cassava,KG,UGX,Retail,1094.42,0.2958,1.0131,33.6222
2018-12-01,Uganda,Fort Portal,cereals and tubers,Cassava,KG,UGX,Retail,934.03,0.2524,-0.9193,29.8867
2019-01-01,Uganda,Fort Portal,cereals and tubers,Cassava,KG,UGX,Retail,934.24,0.2525,2.6169,31.6177
2019-02-01,Uganda,Fort Portal,cereals and tubers,Cassava,KG,UGX,Retail,860.1,0.2325,-0.9193,32.9644
2019-03-01,Uganda,Fort Portal,cereals and tubers,Cassava,KG,UGX,Retail,881.11,0.2381,2.0607,34.9169
2019-04-01,Uganda,Fort Portal,cereals and tubers,Cassava,KG,UGX,Retail,951.8,0.2572,-1.4107,32.3
2019-05-01,Uganda,Fort Portal,cereals and tubers,Cassava,KG,UGX,Retail,1066.17,0.2882,2.4131,33.8833
2019-06-01,Uganda,Fort Portal,cereals and tubers,Cassava,KG,UGX,Retail,1110.74,0.3002,3.7288,29.7616
2019-07-01,Uganda,Fort Portal,cereals and tubers,Cassava,KG,UGX,Retail,1194.06,0.3227,0.6917,33.2042
2019-08-01,Uganda,Fort Portal,cereals and tubers,Cassava,KG,UGX,Retail,1351.62,0.3653,3.8414,34.662
2019-09-01,Uganda,Fort Portal,cereals and tubers,Cassava,KG,UGX,Retail,1375.73,0.3718,1.4046,33.028
2019-10-01,Uganda,Fort Portal,cereals and tubers,Cassava,KG,UGX,Retail,1209.05,0.3268,1.5982,32.7816
2019-11-01,Uganda,Fort Portal,cereals and tubers,Cassava,KG,UGX,Retail,1149.79,0.3108,1.9831,30.6575
2019-12-01,Uganda,Fort Portal,cereals and tubers,Cassava,KG,UGX,Retail,988.26,0.2671,-0.269,30.4919
2020-01-01,Uganda,Fort Portal,cereals and tubers,Cassava,KG,UGX,Retail,853.28,0.2306,-0.2835,30.1405
2020-02-01,Uganda,Fort Portal,cereals and tubers,Cassava,KG,UGX,Retail,773.88,0.2092,3.215,29.9281
2020-03-01,Uganda,Fort Portal,cereals and tubers,Cassava,KG,UGX,Retail,733.88,0.1983,-1.1095,31.9149
2020-04-01,Uganda,Fort Portal,cereals and tubers,Cassava,KG,UGX,Retail,732.12,0.1979,-0.7184,34.6275
2020-05-01,Uganda,Fort Portal,cereals and tubers,Cassava,KG,UGX,Retail,820.71,0.2218,3.3054,34.4921
2020-06-01,Uganda,Fort Portal,cereals and tubers,Cassava,KG,UGX,Retail,957.48,0.2588,2.7643,31.2575
2020-07-01,Uganda,Fort Portal,cereals and tubers,Cassava,KG,UGX,Retail,1031.87,0.2789,1.465,31.0669
2020-08-01,Uganda,Fort Portal,cereals and tubers,Cassava,KG,UGX,Retail,1106.7,0.2991,0.217,32.1175
2020-09-01,Uganda,Fort Portal,cereals and tubers,Cassava,KG,UGX,Retail,1138.13,0.3076,1.2637,31.0464
2020-10-01,Uganda,Fort Portal,cereals and tubers,Cassava,KG,UGX,Retail,1177.87,0.3183,3.3778,31.8538
2020-11-01,Uganda,Fort Portal,cereals and tubers,Cassava,KG,UGX,Retail,987.79,0.267,2.8532,34.1885
2020-12-01,Uganda,Fort Portal,cereals and tubers,Cassava,KG,UGX,Retail,883.01,0.2387,2.1045,30.8914
2021-01-01,Uganda,Fort Portal,cereals and tubers,Cassava,KG,UGX,Retail,810.81,0.2191,1.7372,33.4859
2021-02-01,Uganda,Fort Portal,cereals and tubers,Cassava,KG,UGX,Retail,645.72,0.1745,2.1304,31.5923
2021-03-01,Uganda,Fort Portal,cereals and tubers,Cassava,KG,UGX,Retail,620.23,0.1676,2.3883,33.9002
2021-04-01,Uganda,Fort Portal,cereals and tubers,Cassava,KG,UGX,Retail,730.55,0.1974,3.4775,30.7825
2021-05-01,Uganda,Fort Portal,cereals and tubers,Cassava,KG,UGX,Retail,845.69,0.2286,-0.6378,31.1619
2021-06-01,Uganda,Fort Portal,cereals and tubers,Cassava,KG,UGX,Retail,947.38,0.256,-1.4341,34.5443
2021-07-01,Uganda,Fort Portal,cereals and tubers,Cassava,KG,UGX,Retail,1062.96,0.2873,2.466,30.0953
2021-08-01,Uganda,Fort Portal,cereals and tubers,Cassava,KG,UGX,Retail,1121.35,0.3031,3.6839,32.5981
2021-09-01,Uganda,Fort Portal,cereals and tubers,Cassava,KG,UGX,Retail,1219.8,0.3297,3.0234,33.4487
2021-10-01,Uganda,Fort Portal,cereals and tubers,Cassava,KG,UGX,Retail,1030.66,0.2786,2.2945,33.1891
2021-11-01,Uganda,Fort Portal,cereals and tubers,Cassava,KG,UGX,Retail,927.78,0.2508,0.3029,31.7669
2021-12-01,Uganda,Fort Portal,cereals and tubers,Cassava,KG,UGX,Retail,884.86,0.2392,1.7687,32.3459
2022-01-01,Uganda,Fort Portal,cereals and tubers,Cassava,KG,UGX,Retail,848.27,0.2293,-0.1915,31.7489
2022-02-01,Uganda,Fort Portal,cereals and tubers,Cassava,KG,UGX,Retail,808.57,0.2185,2.5647,34.8202
2022-03-01,Uganda,Fort Portal,cereals and tubers,Cassava,KG,UGX,Retail,802.12,0.2168,0.2846,31.7473
2022-04-01,Uganda,Fort Portal,cereals and tubers,Cassava,KG,UGX,Retail,911.54,0.2464,3.7652,30.2948
2022-05-01,Uganda,Fort Portal,cereals and tubers,Cassava,KG,UGX,Retail,1050.34,0.2839,0.788,30.3248
2022-06-01,Uganda,Fort Portal,cereals and tubers,Cassava,KG,UGX,Retail,1235.71,0.334,2.1113,29.7688
2022-07-01,Uganda,Fort Portal,cereals and tubers,Cassava,KG,UGX,Retail,1445.49,0.3907,3.6818,30.0568
2022-08-01,Uganda,Fort Portal,cereals and tubers,Cassava,KG,UGX,Retail,1739.57,0.4702,0.3729,29.9645
2022-09-01,Uganda,Fort Portal,cereals and tubers,Cassava,KG,UGX,Retail,1800.05,0.4865,3.1107,33.1955
2022-10-01,Uganda,Fort Portal,cereals and tubers,Cassava,KG,UGX,Retail,1842.95,0.4981,2.5993,33.4222
2022-11-01,Uganda,Fort Portal,cereals and tubers,Cassava,KG,UGX,Retail,1831.21,0.4949,1.5817,34.0223
2022-12-01,Uganda,Fort Portal,cereals and tubers,Cassava,KG,UGX,Retail,1600.28,0.4325,-0.7852,33.9754
2023-01-01,Uganda,Fort Portal,cereals and tubers,Cassava,KG,UGX,Retail,1493.48,0.4036,2.5187,33.2457
2023-02-01,Uganda,Fort Portal,cereals and tubers,Cassava,KG,UGX,Retail,1482.72,0.4007,-0.5784,33.3528
2023-03-01,Uganda,Fort Portal,cereals and tubers,Cassava,KG,UGX,Retail,1560.57,0.4218,3.2779,32.9831
2023-04-01,Uganda,Fort Portal,cereals and tubers,Cassava,KG,UGX,Retail,1802.15,0.4871,0.3024,33.675
2023-05-01,Uganda,Fort Portal,cereals and tubers,Cassava,KG,UGX,Retail,1931.63,0.5221,2.6752,31.271
2023-06-01,Uganda,Fort Portal,cereals and tubers,Cassava,KG,UGX,Retail,2165.46,0.5853,1.9399,32.8449
2023-07-01,Uganda,Fort Portal,cereals and tubers,Cassava,KG,UGX,Retail,2401.53,0.6491,0.0287,33.9798
2023-08-01,Uganda,Fort Portal,cereals and tubers,Cassava,KG,UGX,Retail,2443.28,0.6603,2.8456,32.8999
2023-09-01,Uganda,Fort Portal,cereals and tubers,Cassava,KG,UGX,Retail,2391.37,0.6463,2.3739,32.7049
2023-10-01,Uganda,Fort Portal,cereals and tubers,Cassava,KG,UGX,Retail,2241.98,0.6059,2.1968,30.0641
2023-11-01,Uganda,Fort Portal,cereals and tubers,Cassava,KG,UGX,Retail,2083.47,0.5631,0.41,30.8133
2023-12-01,Uganda,Fort Portal,cereals and tubers,Cassava,KG,UGX,Retail,1815.88,0.4908,-0.182,34.9772
2024-01-01,Uganda,Fort Portal,cereals and tubers,Cassava,KG,UGX,Retail,1649.93,0.4459,0.1908,29.9352
2024-02-01,Uganda,Fort Portal,cereals and tubers,Cassava,KG,UGX,Retail,1594.27,0.4309,-0.9577,29.6272
2024-03-01,Uganda,Fort Portal,cereals and tubers,Cassava,KG,UGX,Retail,1547.35,0.4182,0.2696,31.9225
2024-04-01,Uganda,Fort Portal,cereals and tubers,Cassava,KG,UGX,Retail,1442.53,0.3899,-1.1424,29.9843
2024-05-01,Uganda,Fort Portal,cereals and tubers,Cassava,KG,UGX,Retail,1633.33,0.4414,0.3046,30.3992
2024-06-01,Uganda,Fort Portal,cereals and tubers,Cassava,KG,UGX,Retail,1752.17,0.4736,3.7567,31.0127
2024-07-01,Uganda,Fort Portal,cereals and tubers,Cassava,KG,UGX,Retail,1911.9,0.5167,2.2892,32.2508
2024-08-01,Uganda,Fort Portal,cereals and tubers,Cassava,KG,UGX,Retail,1954.53,0.5283,2.9905,33.4629
2024-09-01,Uganda,Fort Portal,cereals and tubers,Cassava,KG,UGX,Retail,1862.98,0.5035,3.8483,32.7549
2024-10-01,Uganda,Fort Portal,cereals and tubers,Cassava,KG,UGX,Retail,1836.09,0.4962,0.8342,34.3977
2024-11-01,Uganda,Fort Portal,cereals and tubers,Cassava,KG,UGX,Retail,1738.81,0.4699,0.3556,29.6513
2024-12-01,Uganda,Fort Portal,cereals and tubers,Cassava,KG,UGX,Retail,1411.77,0.3816,1.495,33.9841
2025-01-01,Uganda,Fort Portal,cereals and tubers,Cassava,KG,UGX,Retail,1328.9,0.3592,3.1478,29.6825
2025-02-01,Uganda,Fort Portal,cereals and tubers,Cassava,KG,UGX,Retail,1168.81,0.3159,0.7621,31.3902
2025-03-01,Uganda,Fort Portal,cereals and tubers,Cassava,KG,UGX,Retail,1155.57,0.3123,-0.2255,30.5905
2025-04-01,Uganda,Fort Portal,cereals and tubers,Cassava,KG,UGX,Retail,1123.56,0.3037,-0.2018,33.5796
2025-05-01,Uganda,Fort Portal,cereals and tubers,Cassava,KG,UGX,Retail,1149.01,0.3105,-1.3096,34.3578
2025-06-01,Uganda,Fort Portal,cereals and tubers,Cassava,KG,UGX,Retail,1257.31,0.3398,3.0376,33.9696
2025-07-01,Uganda,Fort Portal,cereals and tubers,Cassava,KG,UGX,Retail,1461.5,0.395,4.1623,30.5674
2025-08-01,Uganda,Fort Portal,cereals and tubers,Cassava,KG,UGX,Retail,1515.82,0.4097,2.5138,31.1873
2025-09-01,Uganda,Fort Portal,cereals and tubers,Cassava,KG,UGX,Retail,1305.6,0.3529,0.7327,31.401
2025-10-01,Uganda,Fort Portal,cereals and tubers,Cassava,KG,UGX,Retail,1211.97,0.3276,-0.6904,30.6205
2025-11-01,Uganda,Fort Portal,cereals and tubers,Cassava,KG,UGX,Retail,1123.11,0.3035,2.9608,34.094
2025-12-01,Uganda,Fort Portal,cereals and tubers,Cassava,KG,UGX,Retail,950.4,0.2569,3.528,32.8916
2026-01-01,Uganda,Fort Portal,cereals and tubers,Cassava,KG,UGX,Retail,834.62,0.2256,-1.1094,31.5272
2026-02-01,Uganda,Fort Portal,cereals and tubers,Cassava,KG,UGX,Retail,774.82,0.2094,1.7887,30.135
2026-03-01,Uganda,Fort Portal,cereals and tubers,Cassava,KG,UGX,Retail,756.74,0.2045,2.2933,31.5526
2026-04-01,Uganda,Fort Portal,cereals and tubers,Cassava,KG,UGX,Retail,807.72,0.2183,0.1676,34.3007
2026-05-01,Uganda,Fort Portal,cereals and tubers,Cassava,KG,UGX,Retail,946.2,0.2557,1.6423,34.6995
2026-06-01,Uganda,Fort Portal,cereals and tubers,Cassava,KG,UGX,Retail,1047.31,0.2831,0.095,33.0655
2026-07-01,Uganda,Fort Portal,cereals and tubers,Cassava,KG,UGX,Retail,1256.87,0.3397,-1.3657,32.9836
2018-01-01,Uganda,Fort Portal,cereals and tubers,Sorghum,KG,UGX,Retail,972.71,0.2629,3.1538,33.0597
2018-02-01,Uganda,Fort Portal,cereals and tubers,Sorghum,KG,UGX,Retail,952.28,0.2574,2.3166,29.693
2018-03-01,Uganda,Fort Portal,cereals and tubers,Sorghum,KG,UGX,Retail,965.91,0.2611,3.6509,30.8544
2018-04-01,Uganda,Fort Portal,cereals and tubers,Sorghum,KG,UGX,Retail,989.95,0.2676,2.6034,32.3135
2018-05-01,Uganda,Fort Portal,cereals and tubers,Sorghum,KG,UGX,Retail,1057.75,0.2859,0.0955,31.3644
2018-06-01,Uganda,Fort Portal,cereals and tubers,Sorghum,KG,UGX,Retail,1171.87,0.3167,1.1881,32.2308
2018-07-01,Uganda,Fort Portal,cereals and tubers,Sorghum,KG,UGX,Retail,1328.49,0.3591,0.087,33.2319
2018-08-01,Uganda,Fort Portal,cereals and tubers,Sorghum,KG,UGX,Retail,1294.53,0.3499,0.8847,32.6019
2018-09-01,Uganda,Fort Portal,cereals and tubers,Sorghum,KG,UGX,Retail,1316.55,0.3558,3.8876,31.0527
2018-10-01,Uganda,Fort Portal,cereals and tubers,Sorghum,KG,UGX,Retail,1312.37,0.3547,0.9441,32.5523
2018-11-01,Uganda,Fort Portal,cereals and tubers,Sorghum,KG,UGX,Retail,1235.76,0.334,3.5758,33.9138
2018-12-01,Uganda,Fort Portal,cereals and tubers,Sorghum,KG,UGX,Retail,1180.36,0.319,1.0654,29.82
2019-01-01,Uganda,Fort Portal,cereals and tubers,Sorghum,KG,UGX,Retail,1033.46,0.2793,1.8958,34.4148
2019-02-01,Uganda,Fort Portal,cereals and tubers,Sorghum,KG,UGX,Retail,978.72,0.2645,-0.6029,30.5723
2019-03-01,Uganda,Fort Portal,cereals and tubers,Sorghum,KG,UGX,Retail,1008.04,0.2724,3.8496,33.8843
2019-04-01,Uganda,Fort Portal,cereals and tubers,Sorghum,KG,UGX,Retail,1100.76,0.2975,3.2905,30.1164
2019-05-01,Uganda,Fort Portal,cereals and tubers,Sorghum,KG,UGX,Retail,1158.85,0.3132,2.5147,30.814
2019-06-01,Uganda,Fort Portal,cereals and tubers,Sorghum,KG,UGX,Retail,1300.82,0.3516,-0.8706,34.4178
2019-07-01,Uganda,Fort Portal,cereals and tubers,Sorghum,KG,UGX,Retail,1466.23,0.3963,3.7646,29.6261
2019-08-01,Uganda,Fort Portal,cereals and tubers,Sorghum,KG,UGX,Retail,1656.85,0.4478,2.4401,31.3374
2019-09-01,Uganda,Fort Portal,cereals and tubers,Sorghum,KG,UGX,Retail,1728.52,0.4672,2.8488,29.7544
2019-10-01,Uganda,Fort Portal,cereals and tubers,Sorghum,KG,UGX,Retail,1706.31,0.4612,3.9012,31.9773
2019-11-01,Uganda,Fort Portal,cereals and tubers,Sorghum,KG,UGX,Retail,1496.79,0.4045,0.8313,31.4721
2019-12-01,Uganda,Fort Portal,cereals and tubers,Sorghum,KG,UGX,Retail,1229.81,0.3324,0.5411,31.4197
2020-01-01,Uganda,Fort Portal,cereals and tubers,Sorghum,KG,UGX,Retail,1175.17,0.3176,3.7435,29.7184
2020-02-01,Uganda,Fort Portal,cereals and tubers,Sorghum,KG,UGX,Retail,1035.47,0.2799,2.1664,32.2176
2020-03-01,Uganda,Fort Portal,cereals and tubers,Sorghum,KG,UGX,Retail,1053.34,0.2847,-0.0185,30.8132
2020-04-01,Uganda,Fort Portal,cereals and tubers,Sorghum,KG,UGX,Retail,1108.06,0.2995,-1.4004,33.59
2020-05-01,Uganda,Fort Portal,cereals and tubers,Sorghum,KG,UGX,Retail,1265.35,0.342,0.9329,32.4461
2020-06-01,Uganda,Fort Portal,cereals and tubers,Sorghum,KG,UGX,Retail,1470.31,0.3974,3.5371,33.2833
2020-07-01,Uganda,Fort Portal,cereals and tubers,Sorghum,KG,UGX,Retail,1774.77,0.4797,1.2101,31.9353
2020-08-01,Uganda,Fort Portal,cereals and tubers,Sorghum,KG,UGX,Retail,1998.37,0.5401,1.6056,32.8031
2020-09-01,Uganda,Fort Portal,cereals and tubers,Sorghum,KG,UGX,Retail,1961.11,0.53,-0.6713,31.0748
2020-10-01,Uganda,Fort Portal,cereals and tubers,Sorghum,KG,UGX,Retail,1839.67,0.4972,0.3191,32.7361
2020-11-01,Uganda,Fort Portal,cereals and tubers,Sorghum,KG,UGX,Retail,1590.42,0.4298,-0.486,29.8995
2020-12-01,Uganda,Fort Portal,cereals and tubers,Sorghum,KG,UGX,Retail,1345.2,0.3636,-0.6063,33.3558
2021-01-01,Uganda,Fort Portal,cereals and tubers,Sorghum,KG,UGX,Retail,1210.63,0.3272,4.0909,34.2206
2021-02-01,Uganda,Fort Portal,cereals and tubers,Sorghum,KG,UGX,Retail,1229.19,0.3322,3.7494,32.9915
2021-03-01,Uganda,Fort Portal,cereals and tubers,Sorghum,KG,UGX,Retail,1294.41,0.3498,0.0863,34.9833
2021-04-01,Uganda,Fort Portal,cereals and tubers,Sorghum,KG,UGX,Retail,1406.93,0.3803,0.5145,34.6508
2021-05-01,Uganda,Fort Portal,cereals and tubers,Sorghum,KG,UGX,Retail,1448.36,0.3914,-0.3039,29.9212
2021-06-01,Uganda,Fort Portal,cereals and tubers,Sorghum,KG,UGX,Retail,1655.72,0.4475,0.5248,31.8747
2021-07-01,Uganda,Fort Portal,cereals and tubers,Sorghum,KG,UGX,Retail,1862.74,0.5034,3.1375,29.6724
2021-08-01,Uganda,Fort Portal,cereals and tubers,Sorghum,KG,UGX,Retail,1923.01,0.5197,1.7903,33.685
2021-09-01,Uganda,Fort Portal,cereals and tubers,Sorghum,KG,UGX,Retail,1925.0,0.5203,3.6483,30.1043
2021-10-01,Uganda,Fort Portal,cereals and tubers,Sorghum,KG,UGX,Retail,1847.76,0.4994,3.6815,33.4837
2021-11-01,Uganda,Fort Portal,cereals and tubers,Sorghum,KG,UGX,Retail,1611.93,0.4357,1.9996,33.9194
2021-12-01,Uganda,Fort Portal,cereals and tubers,Sorghum,KG,UGX,Retail,1442.33,0.3898,2.1052,34.1382
2022-01-01,Uganda,Fort Portal,cereals and tubers,Sorghum,KG,UGX,Retail,1327.46,0.3588,-0.3931,32.5683
2022-02-01,Uganda,Fort Portal,cereals and tubers,Sorghum,KG,UGX,Retail,1313.79,0.3551,0.7963,33.2699
2022-03-01,Uganda,Fort Portal,cereals and tubers,Sorghum,KG,UGX,Retail,1297.01,0.3505,3.5012,33.8748
2022-04-01,Uganda,Fort Portal,cereals and tubers,Sorghum,KG,UGX,Retail,1324.8,0.3581,1.4986,30.6603
2022-05-01,Uganda,Fort Portal,cereals and tubers,Sorghum,KG,UGX,Retail,1375.96,0.3719,-1.1071,32.3949
2022-06-01,Uganda,Fort Portal,cereals and tubers,Sorghum,KG,UGX,Retail,1485.67,0.4015,1.512,33.304
2022-07-01,Uganda,Fort Portal,cereals and tubers,Sorghum,KG,UGX,Retail,1690.92,0.457,0.8763,30.2631
2022-08-01,Uganda,Fort Portal,cereals and tubers,Sorghum,KG,UGX,Retail,1759.78,0.4756,1.0324,34.2632
2022-09-01,Uganda,Fort Portal,cereals and tubers,Sorghum,KG,UGX,Retail,1797.66,0.4859,3.9354,30.1414
2022-10-01,Uganda,Fort Portal,cereals and tubers,Sorghum,KG,UGX,Retail,1665.75,0.4502,1.1386,33.0654
2022-11-01,Uganda,Fort Portal,cereals and tubers,Sorghum,KG,UGX,Retail,1567.35,0.4236,2.9803,32.2777
2022-12-01,Uganda,Fort Portal,cereals and tubers,Sorghum,KG,UGX,Retail,1331.14,0.3598,3.9753,30.8962
2023-01-01,Uganda,Fort Portal,cereals and tubers,Sorghum,KG,UGX,Retail,1245.34,0.3366,2.5574,30.3565
2023-02-01,Uganda,Fort Portal,cereals and tubers,Sorghum,KG,UGX,Retail,1220.92,0.33,3.3755,33.8093
2023-03-01,Uganda,Fort Portal,cereals and tubers,Sorghum,KG,UGX,Retail,1227.46,0.3317,-0.7039,33.2893
2023-04-01,Uganda,Fort Portal,cereals and tubers,Sorghum,KG,UGX,Retail,1358.15,0.3671,-0.8541,31.7615
2023-05-01,Uganda,Fort Portal,cereals and tubers,Sorghum,KG,UGX,Retail,1505.66,0.4069,2.6125,32.5171
2023-06-01,Uganda,Fort Portal,cereals and tubers,Sorghum,KG,UGX,Retail,1604.53,0.4337,1.5984,29.8921
2023-07-01,Uganda,Fort Portal,cereals and tubers,Sorghum,KG,UGX,Retail,1696.27,0.4585,1.2672,32.299
2023-08-01,Uganda,Fort Portal,cereals and tubers,Sorghum,KG,UGX,Retail,1883.4,0.509,2.0441,31.6917
2023-09-01,Uganda,Fort Portal,cereals and tubers,Sorghum,KG,UGX,Retail,1797.22,0.4857,0.4938,33.4608
2023-10-01,Uganda,Fort Portal,cereals and tubers,Sorghum,KG,UGX,Retail,1561.48,0.422,-0.5878,33.3059
2023-11-01,Uganda,Fort Portal,cereals and tubers,Sorghum,KG,UGX,Retail,1427.43,0.3858,-1.1245,32.8938
2023-12-01,Uganda,Fort Portal,cereals and tubers,Sorghum,KG,UGX,Retail,1274.08,0.3443,-0.8465,34.4689
2024-01-01,Uganda,Fort Portal,cereals and tubers,Sorghum,KG,UGX,Retail,1134.87,0.3067,2.7057,34.4549
2024-02-01,Uganda,Fort Portal,cereals and tubers,Sorghum,KG,UGX,Retail,1108.14,0.2995,1.8284,33.4031
2024-03-01,Uganda,Fort Portal,cereals and tubers,Sorghum,KG,UGX,Retail,1114.06,0.3011,0.1533,34.1942
2024-04-01,Uganda,Fort Portal,cereals and tubers,Sorghum,KG,UGX,Retail,1180.76,0.3191,3.1879,29.8732
2024-05-01,Uganda,Fort Portal,cereals and tubers,Sorghum,KG,UGX,Retail,1365.65,0.3691,-0.5305,32.4462
2024-06-01,Uganda,Fort Portal,cereals and tubers,Sorghum,KG,UGX,Retail,1608.73,0.4348,0.4601,34.9257
2024-07-01,Uganda,Fort Portal,cereals and tubers,Sorghum,KG,UGX,Retail,1722.56,0.4656,2.8354,30.3296
2024-08-01,Uganda,Fort Portal,cereals and tubers,Sorghum,KG,UGX,Retail,1715.79,0.4637,2.3794,29.7168
2024-09-01,Uganda,Fort Portal,cereals and tubers,Sorghum,KG,UGX,Retail,1755.38,0.4744,3.793,30.0446
2024-10-01,Uganda,Fort Portal,cereals and tubers,Sorghum,KG,UGX,Retail,1682.05,0.4546,-0.3912,30.6212
2024-11-01,Uganda,Fort Portal,cereals and tubers,Sorghum,KG,UGX,Retail,1563.44,0.4226,3.8082,32.8602
2024-12-01,Uganda,Fort Portal,cereals and tubers,Sorghum,KG,UGX,Retail,1383.8,0.374,0.5885,34.3156
2025-01-01,Uganda,Fort Portal,cereals and tubers,Sorghum,KG,UGX,Retail,1307.93,0.3535,1.9191,33.6625
2025-02-01,Uganda,Fort Portal,cereals and tubers,Sorghum,KG,UGX,Retail,1250.43,0.338,2.3866,30.2421
2025-03-01,Uganda,Fort Portal,cereals and tubers,Sorghum,KG,UGX,Retail,1140.29,0.3082,-0.0129,34.9794
2025-04-01,Uganda,Fort Portal,cereals and tubers,Sorghum,KG,UGX,Retail,1224.69,0.331,-0.816,31.3069
2025-05-01,Uganda,Fort Portal,cereals and tubers,Sorghum,KG,UGX,Retail,1324.66,0.358,0.7312,34.0749
2025-06-01,Uganda,Fort Portal,cereals and tubers,Sorghum,KG,UGX,Retail,1418.55,0.3834,-0.2833,32.5098
2025-07-01,Uganda,Fort Portal,cereals and tubers,Sorghum,KG,UGX,Retail,1535.49,0.415,3.58,31.7327
2025-08-01,Uganda,Fort Portal,cereals and tubers,Sorghum,KG,UGX,Retail,1692.4,0.4574,-1.295,33.2541
2025-09-01,Uganda,Fort Portal,cereals and tubers,Sorghum,KG,UGX,Retail,1658.34,0.4482,0.9233,29.6593
2025-10-01,Uganda,Fort Portal,cereals and tubers,Sorghum,KG,UGX,Retail,1509.08,0.4079,0.4526,30.4198
2025-11-01,Uganda,Fort Portal,cereals and tubers,Sorghum,KG,UGX,Retail,1316.7,0.3559,2.8842,30.6119
2025-12-01,Uganda,Fort Portal,cereals and tubers,Sorghum,KG,UGX,Retail,1086.64,0.2937,4.0312,33.6976
2026-01-01,Uganda,Fort Portal,cereals and tubers,Sorghum,KG,UGX,Retail,1001.69,0.2707,1.5112,30.5036
2026-02-01,Uganda,Fort Portal,cereals and tubers,Sorghum,KG,UGX,Retail,908.13,0.2454,-0.6741,30.0513
2026-03-01,Uganda,Fort Portal,cereals and tubers,Sorghum,KG,UGX,Retail,838.96,0.2267,1.9577,30.6452
2026-04-01,Uganda,Fort Portal,cereals and tubers,Sorghum,KG,UGX,Retail,887.59,0.2399,3.4426,30.2589
2026-05-01,Uganda,Fort Portal,cereals and tubers,Sorghum,KG,UGX,Retail,948.98,0.2565,0.8769,32.727
2026-06-01,Uganda,Fort Portal,cereals and tubers,Sorghum,KG,UGX,Retail,1042.95,0.2819,-1.4999,34.0131
2026-07-01,Uganda,Fort Portal,cereals and tubers,Sorghum,KG,UGX,Retail,1278.57,0.3456,-1.0936,31.4547
2018-01-01,Uganda,Fort Portal,cereals and tubers,Sweet Potato,KG,UGX,Retail,806.9,0.2181,-0.7277,32.5502
2018-02-01,Uganda,Fort Portal,cereals and tubers,Sweet Potato,KG,UGX,Retail,785.8,0.2124,1.9362,33.9754
2018-03-01,Uganda,Fort Portal,cereals and tubers,Sweet Potato,KG,UGX,Retail,767.31,0.2074,3.5648,32.1632
2018-04-01,Uganda,Fort Portal,cereals and tubers,Sweet Potato,KG,UGX,Retail,754.04,0.2038,2.2374,32.9346
2018-05-01,Uganda,Fort Portal,cereals and tubers,Sweet Potato,KG,UGX,Retail,846.68,0.2288,4.0999,34.6905
2018-06-01,Uganda,Fort Portal,cereals and tubers,Sweet Potato,KG,UGX,Retail,941.77,0.2545,1.6839,33.7606
2018-07-01,Uganda,Fort Portal,cereals and tubers,Sweet Potato,KG,UGX,Retail,1021.34,0.276,1.8397,29.7023
2018-08-01,Uganda,Fort Portal,cereals and tubers,Sweet Potato,KG,UGX,Retail,1048.92,0.2835,-0.9695,33.2244
2018-09-01,Uganda,Fort Portal,cereals and tubers,Sweet Potato,KG,UGX,Retail,1162.93,0.3143,2.1518,30.622
2018-10-01,Uganda,Fort Portal,cereals and tubers,Sweet Potato,KG,UGX,Retail,999.12,0.27,2.0224,31.2216
2018-11-01,Uganda,Fort Portal,cereals and tubers,Sweet Potato,KG,UGX,Retail,862.06,0.233,-0.2307,34.2333
2018-12-01,Uganda,Fort Portal,cereals and tubers,Sweet Potato,KG,UGX,Retail,699.01,0.1889,2.2681,32.3804
2019-01-01,Uganda,Fort Portal,cereals and tubers,Sweet Potato,KG,UGX,Retail,588.24,0.159,1.3984,30.104
2019-02-01,Uganda,Fort Portal,cereals and tubers,Sweet Potato,KG,UGX,Retail,508.74,0.1375,-1.4244,34.0902
2019-03-01,Uganda,Fort Portal,cereals and tubers,Sweet Potato,KG,UGX,Retail,524.82,0.1418,2.8275,33.4611
2019-04-01,Uganda,Fort Portal,cereals and tubers,Sweet Potato,KG,UGX,Retail,588.96,0.1592,4.1257,33.1287
2019-05-01,Uganda,Fort Portal,cereals and tubers,Sweet Potato,KG,UGX,Retail,655.39,0.1771,-0.9221,32.7846
2019-06-01,Uganda,Fort Portal,cereals and tubers,Sweet Potato,KG,UGX,Retail,749.3,0.2025,1.701,31.2392
2019-07-01,Uganda,Fort Portal,cereals and tubers,Sweet Potato,KG,UGX,Retail,767.87,0.2075,1.0534,31.1476
2019-08-01,Uganda,Fort Portal,cereals and tubers,Sweet Potato,KG,UGX,Retail,775.05,0.2095,1.7862,31.1306
2019-09-01,Uganda,Fort Portal,cereals and tubers,Sweet Potato,KG,UGX,Retail,726.26,0.1963,1.7585,31.8838
2019-10-01,Uganda,Fort Portal,cereals and tubers,Sweet Potato,KG,UGX,Retail,679.94,0.1838,1.9797,33.3212
2019-11-01,Uganda,Fort Portal,cereals and tubers,Sweet Potato,KG,UGX,Retail,613.16,0.1657,1.5602,32.7167
2019-12-01,Uganda,Fort Portal,cereals and tubers,Sweet Potato,KG,UGX,Retail,587.37,0.1587,0.4308,31.3154
2020-01-01,Uganda,Fort Portal,cereals and tubers,Sweet Potato,KG,UGX,Retail,497.05,0.1343,3.1281,32.1327
2020-02-01,Uganda,Fort Portal,cereals and tubers,Sweet Potato,KG,UGX,Retail,504.41,0.1363,0.6441,33.376
2020-03-01,Uganda,Fort Portal,cereals and tubers,Sweet Potato,KG,UGX,Retail,531.3,0.1436,2.845,34.3972
2020-04-01,Uganda,Fort Portal,cereals and tubers,Sweet Potato,KG,UGX,Retail,570.28,0.1541,1.3185,34.6907
2020-05-01,Uganda,Fort Portal,cereals and tubers,Sweet Potato,KG,UGX,Retail,605.82,0.1637,4.1829,30.445
2020-06-01,Uganda,Fort Portal,cereals and tubers,Sweet Potato,KG,UGX,Retail,681.15,0.1841,0.9927,33.56
2020-07-01,Uganda,Fort Portal,cereals and tubers,Sweet Potato,KG,UGX,Retail,819.41,0.2215,0.6295,32.7399
2020-08-01,Uganda,Fort Portal,cereals and tubers,Sweet Potato,KG,UGX,Retail,795.93,0.2151,2.6675,30.8395
2020-09-01,Uganda,Fort Portal,cereals and tubers,Sweet Potato,KG,UGX,Retail,878.95,0.2376,0.4852,32.8327
2020-10-01,Uganda,Fort Portal,cereals and tubers,Sweet Potato,KG,UGX,Retail,850.53,0.2299,0.1897,31.971
2020-11-01,Uganda,Fort Portal,cereals and tubers,Sweet Potato,KG,UGX,Retail,835.58,0.2258,1.6256,29.9002
2020-12-01,Uganda,Fort Portal,cereals and tubers,Sweet Potato,KG,UGX,Retail,692.44,0.1871,-0.46,32.2247
2021-01-01,Uganda,Fort Portal,cereals and tubers,Sweet Potato,KG,UGX,Retail,682.05,0.1843,1.273,29.7675
2021-02-01,Uganda,Fort Portal,cereals and tubers,Sweet Potato,KG,UGX,Retail,658.14,0.1779,-1.2108,31.8408
2021-03-01,Uganda,Fort Portal,cereals and tubers,Sweet Potato,KG,UGX,Retail,577.02,0.156,2.2282,29.9486
2021-04-01,Uganda,Fort Portal,cereals and tubers,Sweet Potato,KG,UGX,Retail,658.35,0.1779,2.2706,32.4684
2021-05-01,Uganda,Fort Portal,cereals and tubers,Sweet Potato,KG,UGX,Retail,672.37,0.1817,-0.3307,30.2498
2021-06-01,Uganda,Fort Portal,cereals and tubers,Sweet Potato,KG,UGX,Retail,857.15,0.2317,2.1313,32.2242
2021-07-01,Uganda,Fort Portal,cereals and tubers,Sweet Potato,KG,UGX,Retail,909.59,0.2458,-1.0936,33.2595
2021-08-01,Uganda,Fort Portal,cereals and tubers,Sweet Potato,KG,UGX,Retail,948.26,0.2563,2.3161,31.1925
2021-09-01,Uganda,Fort Portal,cereals and tubers,Sweet Potato,KG,UGX,Retail,885.24,0.2393,-0.3041,34.9121
2021-10-01,Uganda,Fort Portal,cereals and tubers,Sweet Potato,KG,UGX,Retail,824.16,0.2227,-0.7747,34.116
2021-11-01,Uganda,Fort Portal,cereals and tubers,Sweet Potato,KG,UGX,Retail,746.56,0.2018,0.1,31.019
2021-12-01,Uganda,Fort Portal,cereals and tubers,Sweet Potato,KG,UGX,Retail,677.57,0.1831,0.8438,34.1392
2022-01-01,Uganda,Fort Portal,cereals and tubers,Sweet Potato,KG,UGX,Retail,656.62,0.1775,1.5273,30.9449
2022-02-01,Uganda,Fort Portal,cereals and tubers,Sweet Potato,KG,UGX,Retail,637.52,0.1723,3.4361,34.1159
2022-03-01,Uganda,Fort Portal,cereals and tubers,Sweet Potato,KG,UGX,Retail,650.73,0.1759,2.4784,33.4013
2022-04-01,Uganda,Fort Portal,cereals and tubers,Sweet Potato,KG,UGX,Retail,717.34,0.1939,0.0018,33.8463
2022-05-01,Uganda,Fort Portal,cereals and tubers,Sweet Potato,KG,UGX,Retail,838.48,0.2266,3.5087,33.3439
2022-06-01,Uganda,Fort Portal,cereals and tubers,Sweet Potato,KG,UGX,Retail,887.52,0.2399,0.5496,30.4512
2022-07-01,Uganda,Fort Portal,cereals and tubers,Sweet Potato,KG,UGX,Retail,1059.86,0.2864,3.1458,30.3109
2022-08-01,Uganda,Fort Portal,cereals and tubers,Sweet Potato,KG,UGX,Retail,1118.99,0.3024,4.1291,34.4331
2022-09-01,Uganda,Fort Portal,cereals and tubers,Sweet Potato,KG,UGX,Retail,1178.87,0.3186,3.018,30.229
2022-10-01,Uganda,Fort Portal,cereals and tubers,Sweet Potato,KG,UGX,Retail,1029.72,0.2783,1.5319,33.8266
2022-11-01,Uganda,Fort Portal,cereals and tubers,Sweet Potato,KG,UGX,Retail,952.4,0.2574,-0.893,33.3698
2022-12-01,Uganda,Fort Portal,cereals and tubers,Sweet Potato,KG,UGX,Retail,903.91,0.2443,3.3011,32.2
2023-01-01,Uganda,Fort Portal,cereals and tubers,Sweet Potato,KG,UGX,Retail,845.47,0.2285,1.3947,33.8266
2023-02-01,Uganda,Fort Portal,cereals and tubers,Sweet Potato,KG,UGX,Retail,823.47,0.2226,0.0167,31.2708
2023-03-01,Uganda,Fort Portal,cereals and tubers,Sweet Potato,KG,UGX,Retail,819.56,0.2215,-0.1833,33.3665
2023-04-01,Uganda,Fort Portal,cereals and tubers,Sweet Potato,KG,UGX,Retail,884.6,0.2391,2.8044,30.8058
2023-05-01,Uganda,Fort Portal,cereals and tubers,Sweet Potato,KG,UGX,Retail,1088.43,0.2942,1.7162,30.699
2023-06-01,Uganda,Fort Portal,cereals and tubers,Sweet Potato,KG,UGX,Retail,1052.46,0.2844,3.5117,33.2749
2023-07-01,Uganda,Fort Portal,cereals and tubers,Sweet Potato,KG,UGX,Retail,1219.21,0.3295,2.972,33.0747
2023-08-01,Uganda,Fort Portal,cereals and tubers,Sweet Potato,KG,UGX,Retail,1351.03,0.3651,3.8433,32.4459
2023-09-01,Uganda,Fort Portal,cereals and tubers,Sweet Potato,KG,UGX,Retail,1376.15,0.3719,3.2566,34.6773
2023-10-01,Uganda,Fort Portal,cereals and tubers,Sweet Potato,KG,UGX,Retail,1389.41,0.3755,-0.7177,32.8852
2023-11-01,Uganda,Fort Portal,cereals and tubers,Sweet Potato,KG,UGX,Retail,1116.67,0.3018,0.6297,33.6385
2023-12-01,Uganda,Fort Portal,cereals and tubers,Sweet Potato,KG,UGX,Retail,1017.22,0.2749,0.2177,32.9994
2024-01-01,Uganda,Fort Portal,cereals and tubers,Sweet Potato,KG,UGX,Retail,905.35,0.2447,2.9849,29.6166
2024-02-01,Uganda,Fort Portal,cereals and tubers,Sweet Potato,KG,UGX,Retail,886.27,0.2395,0.2475,34.782
2024-03-01,Uganda,Fort Portal,cereals and tubers,Sweet Potato,KG,UGX,Retail,897.56,0.2426,-0.1261,34.8855
2024-04-01,Uganda,Fort Portal,cereals and tubers,Sweet Potato,KG,UGX,Retail,884.47,0.239,3.6843,34.5594
2024-05-01,Uganda,Fort Portal,cereals and tubers,Sweet Potato,KG,UGX,Retail,1008.29,0.2725,4.0772,31.3759
2024-06-01,Uganda,Fort Portal,cereals and tubers,Sweet Potato,KG,UGX,Retail,1031.36,0.2787,-1.3332,31.4703
2024-07-01,Uganda,Fort Portal,cereals and tubers,Sweet Potato,KG,UGX,Retail,1058.36,0.286,0.2407,32.7299
2024-08-01,Uganda,Fort Portal,cereals and tubers,Sweet Potato,KG,UGX,Retail,1082.57,0.2926,0.5183,33.6392
2024-09-01,Uganda,Fort Portal,cereals and tubers,Sweet Potato,KG,UGX,Retail,1049.01,0.2835,2.5746,33.7219
2024-10-01,Uganda,Fort Portal,cereals and tubers,Sweet Potato,KG,UGX,Retail,929.96,0.2513,3.5507,34.7546
2024-11-01,Uganda,Fort Portal,cereals and tubers,Sweet Potato,KG,UGX,Retail,865.64,0.234,2.3708,30.8807
2024-12-01,Uganda,Fort Portal,cereals and tubers,Sweet Potato,KG,UGX,Retail,784.65,0.2121,2.052,33.4463
2025-01-01,Uganda,Fort Portal,cereals and tubers,Sweet Potato,KG,UGX,Retail,661.64,0.1788,2.5207,33.798
2025-02-01,Uganda,Fort Portal,cereals and tubers,Sweet Potato,KG,UGX,Retail,671.67,0.1815,-0.8328,29.7157
2025-03-01,Uganda,Fort Portal,cereals and tubers,Sweet Potato,KG,UGX,Retail,655.41,0.1771,2.5786,30.1879
2025-04-01,Uganda,Fort Portal,cereals and tubers,Sweet Potato,KG,UGX,Retail,674.4,0.1823,-0.0398,32.6623
2025-05-01,Uganda,Fort Portal,cereals and tubers,Sweet Potato,KG,UGX,Retail,765.86,0.207,-0.3516,29.6237
2025-06-01,Uganda,Fort Portal,cereals and tubers,Sweet Potato,KG,UGX,Retail,825.25,0.223,1.4421,34.6177
2025-07-01,Uganda,Fort Portal,cereals and tubers,Sweet Potato,KG,UGX,Retail,976.05,0.2638,1.4199,32.6591
2025-08-01,Uganda,Fort Portal,cereals and tubers,Sweet Potato,KG,UGX,Retail,1063.11,0.2873,0.3728,30.1372
2025-09-01,Uganda,Fort Portal,cereals and tubers,Sweet Potato,KG,UGX,Retail,1024.56,0.2769,3.9307,31.9664
2025-10-01,Uganda,Fort Portal,cereals and tubers,Sweet Potato,KG,UGX,Retail,944.6,0.2553,-1.3345,29.855
2025-11-01,Uganda,Fort Portal,cereals and tubers,Sweet Potato,KG,UGX,Retail,778.88,0.2105,2.7109,30.8271
2025-12-01,Uganda,Fort Portal,cereals and tubers,Sweet Potato,KG,UGX,Retail,727.2,0.1965,-1.4525,29.7236
2026-01-01,Uganda,Fort Portal,cereals and tubers,Sweet Potato,KG,UGX,Retail,670.62,0.1812,1.5876,32.7269
2026-02-01,Uganda,Fort Portal,cereals and tubers,Sweet Potato,KG,UGX,Retail,674.94,0.1824,1.1195,33.667
2026-03-01,Uganda,Fort Portal,cereals and tubers,Sweet Potato,KG,UGX,Retail,679.28,0.1836,-0.145,34.2134
2026-04-01,Uganda,Fort Portal,cereals and tubers,Sweet Potato,KG,UGX,Retail,699.67,0.1891,1.2181,31.0872
2026-05-01,Uganda,Fort Portal,cereals and tubers,Sweet Potato,KG,UGX,Retail,784.29,0.212,-1.2867,34.2028
2026-06-01,Uganda,Fort Portal,cereals and tubers,Sweet Potato,KG,UGX,Retail,762.93,0.2062,-1.2388,30.4564
2026-07-01,Uganda,Fort Portal,cereals and tubers,Sweet Potato,KG,UGX,Retail,836.35,0.226,-0.0005,32.5613
2018-01-01,Uganda,Fort Portal,cereals and tubers,Groundnuts,KG,UGX,Retail,4549.51,1.2296,3.5286,33.4848
2018-02-01,Uganda,Fort Portal,cereals and tubers,Groundnuts,KG,UGX,Retail,4382.02,1.1843,3.4181,34.5754
2018-03-01,Uganda,Fort Portal,cereals and tubers,Groundnuts,KG,UGX,Retail,4801.51,1.2977,0.2767,30.7323
2018-04-01,Uganda,Fort Portal,cereals and tubers,Groundnuts,KG,UGX,Retail,5324.74,1.4391,2.0801,33.2772
2018-05-01,Uganda,Fort Portal,cereals and tubers,Groundnuts,KG,UGX,Retail,6357.31,1.7182,3.1801,33.8286
2018-06-01,Uganda,Fort Portal,cereals and tubers,Groundnuts,KG,UGX,Retail,7152.5,1.9331,0.983,30.4297
2018-07-01,Uganda,Fort Portal,cereals and tubers,Groundnuts,KG,UGX,Retail,7917.36,2.1398,-0.5927,32.8669
2018-08-01,Uganda,Fort Portal,cereals and tubers,Groundnuts,KG,UGX,Retail,8016.18,2.1665,-0.0904,31.9817
2018-09-01,Uganda,Fort Portal,cereals and tubers,Groundnuts,KG,UGX,Retail,7706.17,2.0827,0.5945,34.8035
2018-10-01,Uganda,Fort Portal,cereals and tubers,Groundnuts,KG,UGX,Retail,7264.77,1.9635,3.7033,29.6037
2018-11-01,Uganda,Fort Portal,cereals and tubers,Groundnuts,KG,UGX,Retail,6180.73,1.6705,4.1792,33.5317
2018-12-01,Uganda,Fort Portal,cereals and tubers,Groundnuts,KG,UGX,Retail,5566.19,1.5044,2.6387,31.8048
2019-01-01,Uganda,Fort Portal,cereals and tubers,Groundnuts,KG,UGX,Retail,4854.72,1.3121,-0.6173,33.887
2019-02-01,Uganda,Fort Portal,cereals and tubers,Groundnuts,KG,UGX,Retail,4518.38,1.2212,3.3888,33.5942
2019-03-01,Uganda,Fort Portal,cereals and tubers,Groundnuts,KG,UGX,Retail,4598.76,1.2429,1.4702,31.7342
2019-04-01,Uganda,Fort Portal,cereals and tubers,Groundnuts,KG,UGX,Retail,4542.04,1.2276,2.1905,31.9485
2019-05-01,Uganda,Fort Portal,cereals and tubers,Groundnuts,KG,UGX,Retail,5216.4,1.4098,-1.1916,33.9908
2019-06-01,Uganda,Fort Portal,cereals and tubers,Groundnuts,KG,UGX,Retail,6155.98,1.6638,-0.1974,29.8034
2019-07-01,Uganda,Fort Portal,cereals and tubers,Groundnuts,KG,UGX,Retail,7196.56,1.945,-0.3607,34.9785
2019-08-01,Uganda,Fort Portal,cereals and tubers,Groundnuts,KG,UGX,Retail,7621.08,2.0598,-0.1902,29.8271
2019-09-01,Uganda,Fort Portal,cereals and tubers,Groundnuts,KG,UGX,Retail,7381.93,1.9951,1.7986,34.1815
2019-10-01,Uganda,Fort Portal,cereals and tubers,Groundnuts,KG,UGX,Retail,7382.91,1.9954,1.9777,30.8515
2019-11-01,Uganda,Fort Portal,cereals and tubers,Groundnuts,KG,UGX,Retail,6279.02,1.697,3.4377,30.9236
2019-12-01,Uganda,Fort Portal,cereals and tubers,Groundnuts,KG,UGX,Retail,5620.38,1.519,3.5062,32.9902
2020-01-01,Uganda,Fort Portal,cereals and tubers,Groundnuts,KG,UGX,Retail,4603.12,1.2441,3.9197,33.6825
2020-02-01,Uganda,Fort Portal,cereals and tubers,Groundnuts,KG,UGX,Retail,4206.7,1.1369,0.9837,32.2136
2020-03-01,Uganda,Fort Portal,cereals and tubers,Groundnuts,KG,UGX,Retail,4183.15,1.1306,3.894,33.0458
2020-04-01,Uganda,Fort Portal,cereals and tubers,Groundnuts,KG,UGX,Retail,4587.62,1.2399,-1.288,34.2031
2020-05-01,Uganda,Fort Portal,cereals and tubers,Groundnuts,KG,UGX,Retail,5204.36,1.4066,2.7018,29.8161
2020-06-01,Uganda,Fort Portal,cereals and tubers,Groundnuts,KG,UGX,Retail,5818.41,1.5725,2.2611,32.0705
2020-07-01,Uganda,Fort Portal,cereals and tubers,Groundnuts,KG,UGX,Retail,6659.3,1.7998,0.2728,31.2383
2020-08-01,Uganda,Fort Portal,cereals and tubers,Groundnuts,KG,UGX,Retail,7133.18,1.9279,1.1437,32.0488
2020-09-01,Uganda,Fort Portal,cereals and tubers,Groundnuts,KG,UGX,Retail,7345.6,1.9853,2.5076,31.867
2020-10-01,Uganda,Fort Portal,cereals and tubers,Groundnuts,KG,UGX,Retail,7163.17,1.936,3.3567,31.8955
2020-11-01,Uganda,Fort Portal,cereals and tubers,Groundnuts,KG,UGX,Retail,6558.74,1.7726,3.8004,33.744
2020-12-01,Uganda,Fort Portal,cereals and tubers,Groundnuts,KG,UGX,Retail,5922.5,1.6007,1.6066,34.1875
2021-01-01,Uganda,Fort Portal,cereals and tubers,Groundnuts,KG,UGX,Retail,4932.77,1.3332,-0.4817,32.9831
2021-02-01,Uganda,Fort Portal,cereals and tubers,Groundnuts,KG,UGX,Retail,4880.63,1.3191,3.0789,30.2735
2021-03-01,Uganda,Fort Portal,cereals and tubers,Groundnuts,KG,UGX,Retail,5224.82,1.4121,1.4539,30.9922
2021-04-01,Uganda,Fort Portal,cereals and tubers,Groundnuts,KG,UGX,Retail,5688.81,1.5375,1.2145,31.2065
2021-05-01,Uganda,Fort Portal,cereals and tubers,Groundnuts,KG,UGX,Retail,5766.24,1.5584,3.383,34.2775
2021-06-01,Uganda,Fort Portal,cereals and tubers,Groundnuts,KG,UGX,Retail,6755.45,1.8258,3.7091,34.7425
2021-07-01,Uganda,Fort Portal,cereals and tubers,Groundnuts,KG,UGX,Retail,8030.68,2.1705,-0.9488,33.9204
2021-08-01,Uganda,Fort Portal,cereals and tubers,Groundnuts,KG,UGX,Retail,8594.16,2.3227,0.6689,34.8679
2021-09-01,Uganda,Fort Portal,cereals and tubers,Groundnuts,KG,UGX,Retail,9504.8,2.5689,3.6735,32.8
2021-10-01,Uganda,Fort Portal,cereals and tubers,Groundnuts,KG,UGX,Retail,9128.29,2.4671,3.4039,33.7159
2021-11-01,Uganda,Fort Portal,cereals and tubers,Groundnuts,KG,UGX,Retail,8102.04,2.1897,2.0031,30.7817
2021-12-01,Uganda,Fort Portal,cereals and tubers,Groundnuts,KG,UGX,Retail,6938.87,1.8754,-1.3337,30.4323
2022-01-01,Uganda,Fort Portal,cereals and tubers,Groundnuts,KG,UGX,Retail,6024.79,1.6283,1.5821,30.3064
2022-02-01,Uganda,Fort Portal,cereals and tubers,Groundnuts,KG,UGX,Retail,5505.74,1.488,0.0009,30.9714
2022-03-01,Uganda,Fort Portal,cereals and tubers,Groundnuts,KG,UGX,Retail,5785.38,1.5636,4.1564,33.9818
2022-04-01,Uganda,Fort Portal,cereals and tubers,Groundnuts,KG,UGX,Retail,6384.59,1.7256,2.6532,30.5635
2022-05-01,Uganda,Fort Portal,cereals and tubers,Groundnuts,KG,UGX,Retail,6894.56,1.8634,3.5942,31.6531
2022-06-01,Uganda,Fort Portal,cereals and tubers,Groundnuts,KG,UGX,Retail,7694.08,2.0795,2.5377,31.2255
2022-07-01,Uganda,Fort Portal,cereals and tubers,Groundnuts,KG,UGX,Retail,9086.83,2.4559,3.1475,32.0735
2022-08-01,Uganda,Fort Portal,cereals and tubers,Groundnuts,KG,UGX,Retail,10155.79,2.7448,-0.9122,34.8216
2022-09-01,Uganda,Fort Portal,cereals and tubers,Groundnuts,KG,UGX,Retail,10617.03,2.8695,4.0096,33.2783
2022-10-01,Uganda,Fort Portal,cereals and tubers,Groundnuts,KG,UGX,Retail,10797.88,2.9183,0.6872,33.796
2022-11-01,Uganda,Fort Portal,cereals and tubers,Groundnuts,KG,UGX,Retail,9405.3,2.542,-1.0739,30.841
2022-12-01,Uganda,Fort Portal,cereals and tubers,Groundnuts,KG,UGX,Retail,9012.33,2.4358,2.4682,32.3055
2023-01-01,Uganda,Fort Portal,cereals and tubers,Groundnuts,KG,UGX,Retail,9327.74,2.521,1.2052,33.8598
2023-02-01,Uganda,Fort Portal,cereals and tubers,Groundnuts,KG,UGX,Retail,8406.52,2.272,4.1702,34.2427
2023-03-01,Uganda,Fort Portal,cereals and tubers,Groundnuts,KG,UGX,Retail,8085.39,2.1852,3.4623,33.2813
2023-04-01,Uganda,Fort Portal,cereals and tubers,Groundnuts,KG,UGX,Retail,8374.35,2.2633,-0.7037,34.4918
2023-05-01,Uganda,Fort Portal,cereals and tubers,Groundnuts,KG,UGX,Retail,9657.69,2.6102,3.0784,31.2174
2023-06-01,Uganda,Fort Portal,cereals and tubers,Groundnuts,KG,UGX,Retail,11041.38,2.9842,3.9987,32.282
2023-07-01,Uganda,Fort Portal,cereals and tubers,Groundnuts,KG,UGX,Retail,12095.03,3.2689,3.2635,30.827
2023-08-01,Uganda,Fort Portal,cereals and tubers,Groundnuts,KG,UGX,Retail,12936.62,3.4964,3.7237,29.9929
2023-09-01,Uganda,Fort Portal,cereals and tubers,Groundnuts,KG,UGX,Retail,13522.29,3.6547,4.0947,34.627
2023-10-01,Uganda,Fort Portal,cereals and tubers,Groundnuts,KG,UGX,Retail,13007.97,3.5157,2.3788,32.863
2023-11-01,Uganda,Fort Portal,cereals and tubers,Groundnuts,KG,UGX,Retail,12421.9,3.3573,2.2221,31.399
2023-12-01,Uganda,Fort Portal,cereals and tubers,Groundnuts,KG,UGX,Retail,10486.32,2.8341,0.8939,34.2018
2024-01-01,Uganda,Fort Portal,cereals and tubers,Groundnuts,KG,UGX,Retail,8859.06,2.3943,-0.0705,29.6396
2024-02-01,Uganda,Fort Portal,cereals and tubers,Groundnuts,KG,UGX,Retail,8532.38,2.306,4.0785,31.9429
2024-03-01,Uganda,Fort Portal,cereals and tubers,Groundnuts,KG,UGX,Retail,8235.75,2.2259,4.0044,29.7464
2024-04-01,Uganda,Fort Portal,cereals and tubers,Groundnuts,KG,UGX,Retail,9036.74,2.4424,3.0862,33.7733
2024-05-01,Uganda,Fort Portal,cereals and tubers,Groundnuts,KG,UGX,Retail,9724.78,2.6283,2.5344,32.9604
2024-06-01,Uganda,Fort Portal,cereals and tubers,Groundnuts,KG,UGX,Retail,10870.2,2.9379,0.0168,33.978
2024-07-01,Uganda,Fort Portal,cereals and tubers,Groundnuts,KG,UGX,Retail,11577.36,3.129,2.6329,34.6737
2024-08-01,Uganda,Fort Portal,cereals and tubers,Groundnuts,KG,UGX,Retail,11610.81,3.1381,2.9593,31.1641
2024-09-01,Uganda,Fort Portal,cereals and tubers,Groundnuts,KG,UGX,Retail,11337.8,3.0643,1.7755,29.7864
2024-10-01,Uganda,Fort Portal,cereals and tubers,Groundnuts,KG,UGX,Retail,11281.78,3.0491,2.6999,32.6397
2024-11-01,Uganda,Fort Portal,cereals and tubers,Groundnuts,KG,UGX,Retail,10396.96,2.81,3.4916,32.818
2024-12-01,Uganda,Fort Portal,cereals and tubers,Groundnuts,KG,UGX,Retail,9078.26,2.4536,1.7353,30.0476
2025-01-01,Uganda,Fort Portal,cereals and tubers,Groundnuts,KG,UGX,Retail,8790.9,2.3759,-1.1536,32.7233
2025-02-01,Uganda,Fort Portal,cereals and tubers,Groundnuts,KG,UGX,Retail,8733.22,2.3603,-0.3161,30.8596
2025-03-01,Uganda,Fort Portal,cereals and tubers,Groundnuts,KG,UGX,Retail,8727.6,2.3588,3.5835,33.9429
2025-04-01,Uganda,Fort Portal,cereals and tubers,Groundnuts,KG,UGX,Retail,9481.48,2.5626,-1.1752,33.8275
2025-05-01,Uganda,Fort Portal,cereals and tubers,Groundnuts,KG,UGX,Retail,10483.46,2.8334,1.1733,30.1794
2025-06-01,Uganda,Fort Portal,cereals and tubers,Groundnuts,KG,UGX,Retail,12332.46,3.3331,4.1905,30.5289
2025-07-01,Uganda,Fort Portal,cereals and tubers,Groundnuts,KG,UGX,Retail,13219.85,3.5729,3.4332,34.9236
2025-08-01,Uganda,Fort Portal,cereals and tubers,Groundnuts,KG,UGX,Retail,13763.91,3.72,3.3849,32.8108
2025-09-01,Uganda,Fort Portal,cereals and tubers,Groundnuts,KG,UGX,Retail,13427.86,3.6292,-0.8644,33.6049
2025-10-01,Uganda,Fort Portal,cereals and tubers,Groundnuts,KG,UGX,Retail,12722.28,3.4385,-1.1589,31.1746
2025-11-01,Uganda,Fort Portal,cereals and tubers,Groundnuts,KG,UGX,Retail,10850.1,2.9325,0.8095,30.6711
2025-12-01,Uganda,Fort Portal,cereals and tubers,Groundnuts,KG,UGX,Retail,9447.77,2.5535,0.1874,32.839
2026-01-01,Uganda,Fort Portal,cereals and tubers,Groundnuts,KG,UGX,Retail,8557.31,2.3128,-0.1257,31.3126
2026-02-01,Uganda,Fort Portal,cereals and tubers,Groundnuts,KG,UGX,Retail,7813.33,2.1117,-1.2829,34.9957
2026-03-01,Uganda,Fort Portal,cereals and tubers,Groundnuts,KG,UGX,Retail,7749.09,2.0943,0.1379,32.5963
2026-04-01,Uganda,Fort Portal,cereals and tubers,Groundnuts,KG,UGX,Retail,7565.85,2.0448,1.1038,30.9437
2026-05-01,Uganda,Fort Portal,cereals and tubers,Groundnuts,KG,UGX,Retail,8615.26,2.3284,1.2528,31.8846
2026-06-01,Uganda,Fort Portal,cereals and tubers,Groundnuts,KG,UGX,Retail,9124.02,2.466,4.1769,32.6345
2026-07-01,Uganda,Fort Portal,cereals and tubers,Groundnuts,KG,UGX,Retail,10323.86,2.7902,1.7314,34.7433
2018-01-01,Uganda,Fort Portal,cereals and tubers,Millet,KG,UGX,Retail,1334.14,0.3606,-0.2716,30.6266
2018-02-01,Uganda,Fort Portal,cereals and tubers,Millet,KG,UGX,Retail,1295.74,0.3502,3.1728,32.2463
2018-03-01,Uganda,Fort Portal,cereals and tubers,Millet,KG,UGX,Retail,1345.73,0.3637,0.3514,31.0872
2018-04-01,Uganda,Fort Portal,cereals and tubers,Millet,KG,UGX,Retail,1432.11,0.3871,0.8352,30.9177
2018-05-01,Uganda,Fort Portal,cereals and tubers,Millet,KG,UGX,Retail,1676.04,0.453,2.1221,33.463
2018-06-01,Uganda,Fort Portal,cereals and tubers,Millet,KG,UGX,Retail,1969.62,0.5323,-0.923,29.6107
2018-07-01,Uganda,Fort Portal,cereals and tubers,Millet,KG,UGX,Retail,2175.0,0.5878,2.5287,34.6463
2018-08-01,Uganda,Fort Portal,cereals and tubers,Millet,KG,UGX,Retail,2582.77,0.698,2.9528,33.5376
2018-09-01,Uganda,Fort Portal,cereals and tubers,Millet,KG,UGX,Retail,2920.86,0.7894,1.1835,30.4968
2018-10-01,Uganda,Fort Portal,cereals and tubers,Millet,KG,UGX,Retail,2797.66,0.7561,3.1673,33.4194
2018-11-01,Uganda,Fort Portal,cereals and tubers,Millet,KG,UGX,Retail,2683.86,0.7254,0.6157,33.3277
2018-12-01,Uganda,Fort Portal,cereals and tubers,Millet,KG,UGX,Retail,2368.26,0.6401,1.0447,30.9095
2019-01-01,Uganda,Fort Portal,cereals and tubers,Millet,KG,UGX,Retail,2105.59,0.5691,-1.2951,33.2257
2019-02-01,Uganda,Fort Portal,cereals and tubers,Millet,KG,UGX,Retail,1991.61,0.5383,0.2922,31.9179
2019-03-01,Uganda,Fort Portal,cereals and tubers,Millet,KG,UGX,Retail,2008.79,0.5429,0.8533,31.1191
2019-04-01,Uganda,Fort Portal,cereals and tubers,Millet,KG,UGX,Retail,2297.35,0.6209,3.6785,32.3332
2019-05-01,Uganda,Fort Portal,cereals and tubers,Millet,KG,UGX,Retail,2435.63,0.6583,2.5213,30.4231
2019-06-01,Uganda,Fort Portal,cereals and tubers,Millet,KG,UGX,Retail,2905.94,0.7854,-0.8551,31.98
2019-07-01,Uganda,Fort Portal,cereals and tubers,Millet,KG,UGX,Retail,3244.6,0.8769,1.2413,32.0632
2019-08-01,Uganda,Fort Portal,cereals and tubers,Millet,KG,UGX,Retail,3334.52,0.9012,0.2682,34.6576
2019-09-01,Uganda,Fort Portal,cereals and tubers,Millet,KG,UGX,Retail,3286.03,0.8881,2.6689,29.8276
2019-10-01,Uganda,Fort Portal,cereals and tubers,Millet,KG,UGX,Retail,3119.1,0.843,0.2754,34.4677
2019-11-01,Uganda,Fort Portal,cereals and tubers,Millet,KG,UGX,Retail,2718.87,0.7348,2.6424,30.5046
2019-12-01,Uganda,Fort Portal,cereals and tubers,Millet,KG,UGX,Retail,2570.19,0.6946,1.8449,32.9585
2020-01-01,Uganda,Fort Portal,cereals and tubers,Millet,KG,UGX,Retail,2350.67,0.6353,-0.576,34.387
2020-02-01,Uganda,Fort Portal,cereals and tubers,Millet,KG,UGX,Retail,2094.83,0.5662,-0.2914,31.832
2020-03-01,Uganda,Fort Portal,cereals and tubers,Millet,KG,UGX,Retail,2263.41,0.6117,1.2096,31.889
2020-04-01,Uganda,Fort Portal,cereals and tubers,Millet,KG,UGX,Retail,2421.42,0.6544,1.0329,33.0535
2020-05-01,Uganda,Fort Portal,cereals and tubers,Millet,KG,UGX,Retail,2614.56,0.7066,2.5082,32.3132
2020-06-01,Uganda,Fort Portal,cereals and tubers,Millet,KG,UGX,Retail,2980.59,0.8056,0.0956,33.2114
2020-07-01,Uganda,Fort Portal,cereals and tubers,Millet,KG,UGX,Retail,3330.38,0.9001,-1.0865,32.971
2020-08-01,Uganda,Fort Portal,cereals and tubers,Millet,KG,UGX,Retail,3338.82,0.9024,2.4258,33.0385
2020-09-01,Uganda,Fort Portal,cereals and tubers,Millet,KG,UGX,Retail,3555.98,0.9611,0.7372,32.9102
2020-10-01,Uganda,Fort Portal,cereals and tubers,Millet,KG,UGX,Retail,3507.57,0.948,3.1517,31.3844
2020-11-01,Uganda,Fort Portal,cereals and tubers,Millet,KG,UGX,Retail,3068.29,0.8293,0.5193,29.6377
2020-12-01,Uganda,Fort Portal,cereals and tubers,Millet,KG,UGX,Retail,2408.7,0.651,-0.1225,30.2717
2021-01-01,Uganda,Fort Portal,cereals and tubers,Millet,KG,UGX,Retail,2188.31,0.5914,3.2191,34.5356
2021-02-01,Uganda,Fort Portal,cereals and tubers,Millet,KG,UGX,Retail,2272.31,0.6141,0.2261,32.062
2021-03-01,Uganda,Fort Portal,cereals and tubers,Millet,KG,UGX,Retail,2228.68,0.6023,0.312,31.6798
2021-04-01,Uganda,Fort Portal,cereals and tubers,Millet,KG,UGX,Retail,2137.1,0.5776,1.7625,33.16
2021-05-01,Uganda,Fort Portal,cereals and tubers,Millet,KG,UGX,Retail,2482.42,0.6709,-1.3619,33.5739
2021-06-01,Uganda,Fort Portal,cereals and tubers,Millet,KG,UGX,Retail,3007.66,0.8129,-0.2517,31.2991
2021-07-01,Uganda,Fort Portal,cereals and tubers,Millet,KG,UGX,Retail,3419.32,0.9241,2.0922,32.8156
2021-08-01,Uganda,Fort Portal,cereals and tubers,Millet,KG,UGX,Retail,3619.14,0.9781,3.9403,31.4352
2021-09-01,Uganda,Fort Portal,cereals and tubers,Millet,KG,UGX,Retail,3751.72,1.014,0.6474,33.9251
2021-10-01,Uganda,Fort Portal,cereals and tubers,Millet,KG,UGX,Retail,3941.99,1.0654,-0.3211,30.8325
2021-11-01,Uganda,Fort Portal,cereals and tubers,Millet,KG,UGX,Retail,3539.74,0.9567,2.157,31.6082
2021-12-01,Uganda,Fort Portal,cereals and tubers,Millet,KG,UGX,Retail,3241.36,0.876,2.8015,29.7713
2022-01-01,Uganda,Fort Portal,cereals and tubers,Millet,KG,UGX,Retail,2997.19,0.8101,-0.3014,34.475
2022-02-01,Uganda,Fort Portal,cereals and tubers,Millet,KG,UGX,Retail,2734.1,0.7389,2.1611,30.2532
2022-03-01,Uganda,Fort Portal,cereals and tubers,Millet,KG,UGX,Retail,2746.98,0.7424,2.4935,32.5719
2022-04-01,Uganda,Fort Portal,cereals and tubers,Millet,KG,UGX,Retail,2976.46,0.8044,1.7114,32.6744
2022-05-01,Uganda,Fort Portal,cereals and tubers,Millet,KG,UGX,Retail,3554.37,0.9606,0.9207,34.4332
2022-06-01,Uganda,Fort Portal,cereals and tubers,Millet,KG,UGX,Retail,3519.87,0.9513,0.373,33.8089
2022-07-01,Uganda,Fort Portal,cereals and tubers,Millet,KG,UGX,Retail,3942.01,1.0654,-0.5185,29.9875
2022-08-01,Uganda,Fort Portal,cereals and tubers,Millet,KG,UGX,Retail,4148.62,1.1212,2.08,29.656
2022-09-01,Uganda,Fort Portal,cereals and tubers,Millet,KG,UGX,Retail,4273.93,1.1551,0.2245,31.1888
2022-10-01,Uganda,Fort Portal,cereals and tubers,Millet,KG,UGX,Retail,3890.31,1.0514,-0.5148,34.1741
2022-11-01,Uganda,Fort Portal,cereals and tubers,Millet,KG,UGX,Retail,3325.17,0.8987,0.1877,31.0224
2022-12-01,Uganda,Fort Portal,cereals and tubers,Millet,KG,UGX,Retail,2690.13,0.7271,0.4888,31.7496
2023-01-01,Uganda,Fort Portal,cereals and tubers,Millet,KG,UGX,Retail,2476.28,0.6693,2.7358,32.1874
2023-02-01,Uganda,Fort Portal,cereals and tubers,Millet,KG,UGX,Retail,2367.4,0.6398,2.2401,34.6545
2023-03-01,Uganda,Fort Portal,cereals and tubers,Millet,KG,UGX,Retail,2339.74,0.6324,3.3371,30.5726
2023-04-01,Uganda,Fort Portal,cereals and tubers,Millet,KG,UGX,Retail,2676.79,0.7235,-0.452,32.8401
2023-05-01,Uganda,Fort Portal,cereals and tubers,Millet,KG,UGX,Retail,3145.34,0.8501,1.5877,32.8409
2023-06-01,Uganda,Fort Portal,cereals and tubers,Millet,KG,UGX,Retail,3734.92,1.0094,2.392,29.9728
2023-07-01,Uganda,Fort Portal,cereals and tubers,Millet,KG,UGX,Retail,4399.64,1.1891,-0.6188,33.256
2023-08-01,Uganda,Fort Portal,cereals and tubers,Millet,KG,UGX,Retail,5290.91,1.43,1.2327,31.6885
2023-09-01,Uganda,Fort Portal,cereals and tubers,Millet,KG,UGX,Retail,6132.64,1.6575,2.0956,30.0763
2023-10-01,Uganda,Fort Portal,cereals and tubers,Millet,KG,UGX,Retail,5516.61,1.491,-0.3934,31.1452
2023-11-01,Uganda,Fort Portal,cereals and tubers,Millet,KG,UGX,Retail,4985.14,1.3473,2.9245,34.698
2023-12-01,Uganda,Fort Portal,cereals and tubers,Millet,KG,UGX,Retail,4568.29,1.2347,-0.5271,29.9262
2024-01-01,Uganda,Fort Portal,cereals and tubers,Millet,KG,UGX,Retail,4322.1,1.1681,0.1428,32.7473
2024-02-01,Uganda,Fort Portal,cereals and tubers,Millet,KG,UGX,Retail,4420.29,1.1947,-0.4374,31.6242
2024-03-01,Uganda,Fort Portal,cereals and tubers,Millet,KG,UGX,Retail,4929.69,1.3323,2.2049,34.6628
2024-04-01,Uganda,Fort Portal,cereals and tubers,Millet,KG,UGX,Retail,5282.08,1.4276,0.2303,33.9476
2024-05-01,Uganda,Fort Portal,cereals and tubers,Millet,KG,UGX,Retail,5835.32,1.5771,3.8216,32.1713
2024-06-01,Uganda,Fort Portal,cereals and tubers,Millet,KG,UGX,Retail,6585.72,1.7799,0.3458,31.0513
2024-07-01,Uganda,Fort Portal,cereals and tubers,Millet,KG,UGX,Retail,7016.67,1.8964,4.0704,32.4601
2024-08-01,Uganda,Fort Portal,cereals and tubers,Millet,KG,UGX,Retail,6986.95,1.8884,0.5301,34.19
2024-09-01,Uganda,Fort Portal,cereals and tubers,Millet,KG,UGX,Retail,6996.61,1.891,2.5873,33.4783
2024-10-01,Uganda,Fort Portal,cereals and tubers,Millet,KG,UGX,Retail,6571.47,1.7761,3.3583,31.7169
2024-11-01,Uganda,Fort Portal,cereals and tubers,Millet,KG,UGX,Retail,6687.73,1.8075,-0.4545,30.6798
2024-12-01,Uganda,Fort Portal,cereals and tubers,Millet,KG,UGX,Retail,6338.16,1.713,2.7757,34.4724
2025-01-01,Uganda,Fort Portal,cereals and tubers,Millet,KG,UGX,Retail,5681.38,1.5355,-1.1804,32.3403
2025-02-01,Uganda,Fort Portal,cereals and tubers,Millet,KG,UGX,Retail,5373.62,1.4523,4.0374,34.2323
2025-03-01,Uganda,Fort Portal,cereals and tubers,Millet,KG,UGX,Retail,6079.01,1.643,3.4213,30.7554
2025-04-01,Uganda,Fort Portal,cereals and tubers,Millet,KG,UGX,Retail,6364.22,1.7201,1.731,31.7026
2025-05-01,Uganda,Fort Portal,cereals and tubers,Millet,KG,UGX,Retail,6525.93,1.7638,2.9688,30.8967
2025-06-01,Uganda,Fort Portal,cereals and tubers,Millet,KG,UGX,Retail,6817.86,1.8427,2.6788,34.7433
2025-07-01,Uganda,Fort Portal,cereals and tubers,Millet,KG,UGX,Retail,7643.68,2.0659,-0.6873,33.0743
2025-08-01,Uganda,Fort Portal,cereals and tubers,Millet,KG,UGX,Retail,7794.54,2.1066,0.2301,29.7706
2025-09-01,Uganda,Fort Portal,cereals and tubers,Millet,KG,UGX,Retail,8428.95,2.2781,0.3317,30.1266
2025-10-01,Uganda,Fort Portal,cereals and tubers,Millet,KG,UGX,Retail,8388.03,2.267,2.1911,31.161
2025-11-01,Uganda,Fort Portal,cereals and tubers,Millet,KG,UGX,Retail,7637.0,2.0641,1.6053,33.6674
2025-12-01,Uganda,Fort Portal,cereals and tubers,Millet,KG,UGX,Retail,6934.33,1.8741,1.191,33.4398
2026-01-01,Uganda,Fort Portal,cereals and tubers,Millet,KG,UGX,Retail,5620.26,1.519,2.3355,32.4473
2026-02-01,Uganda,Fort Portal,cereals and tubers,Millet,KG,UGX,Retail,5496.51,1.4855,0.1532,31.327
2026-03-01,Uganda,Fort Portal,cereals and tubers,Millet,KG,UGX,Retail,5500.51,1.4866,3.9201,30.7279
2026-04-01,Uganda,Fort Portal,cereals and tubers,Millet,KG,UGX,Retail,5906.47,1.5963,4.1499,32.9415
2026-05-01,Uganda,Fort Portal,cereals and tubers,Millet,KG,UGX,Retail,6923.62,1.8712,3.9731,31.416
2026-06-01,Uganda,Fort Portal,cereals and tubers,Millet,KG,UGX,Retail,7660.16,2.0703,0.9588,30.8995
2026-07-01,Uganda,Fort Portal,cereals and tubers,Millet,KG,UGX,Retail,8329.12,2.2511,-0.2463,34.0272
2018-01-01,Uganda,Kasese,cereals and tubers,Maize,KG,UGX,Retail,1071.99,0.2897,3.7962,29.8278
2018-02-01,Uganda,Kasese,cereals and tubers,Maize,KG,UGX,Retail,1072.84,0.29,-1.08,34.312
2018-03-01,Uganda,Kasese,cereals and tubers,Maize,KG,UGX,Retail,1151.98,0.3113,1.8882,29.7943
2018-04-01,Uganda,Kasese,cereals and tubers,Maize,KG,UGX,Retail,1323.36,0.3577,2.0217,32.6089
2018-05-01,Uganda,Kasese,cereals and tubers,Maize,KG,UGX,Retail,1465.77,0.3962,4.0182,34.9757
2018-06-01,Uganda,Kasese,cereals and tubers,Maize,KG,UGX,Retail,1632.85,0.4413,-0.9767,30.3234
2018-07-01,Uganda,Kasese,cereals and tubers,Maize,KG,UGX,Retail,1916.61,0.518,4.0972,31.9547
2018-08-01,Uganda,Kasese,cereals and tubers,Maize,KG,UGX,Retail,2120.5,0.5731,0.5124,31.6791
2018-09-01,Uganda,Kasese,cereals and tubers,Maize,KG,UGX,Retail,2197.15,0.5938,2.4135,30.2365
2018-10-01,Uganda,Kasese,cereals and tubers,Maize,KG,UGX,Retail,2031.34,0.549,-1.2232,33.1265
2018-11-01,Uganda,Kasese,cereals and tubers,Maize,KG,UGX,Retail,1763.03,0.4765,-1.1723,31.4118
2018-12-01,Uganda,Kasese,cereals and tubers,Maize,KG,UGX,Retail,1569.08,0.4241,3.2129,32.7007
2019-01-01,Uganda,Kasese,cereals and tubers,Maize,KG,UGX,Retail,1389.17,0.3755,4.1593,33.4999
2019-02-01,Uganda,Kasese,cereals and tubers,Maize,KG,UGX,Retail,1367.65,0.3696,-1.092,30.7456
2019-03-01,Uganda,Kasese,cereals and tubers,Maize,KG,UGX,Retail,1416.06,0.3827,3.4471,33.3488
2019-04-01,Uganda,Kasese,cereals and tubers,Maize,KG,UGX,Retail,1572.72,0.4251,4.0529,34.7613
2019-05-01,Uganda,Kasese,cereals and tubers,Maize,KG,UGX,Retail,1840.98,0.4976,2.188,33.2078
2019-06-01,Uganda,Kasese,cereals and tubers,Maize,KG,UGX,Retail,2069.95,0.5594,2.426,30.7952
2019-07-01,Uganda,Kasese,cereals and tubers,Maize,KG,UGX,Retail,2220.14,0.6,3.2795,34.4886
2019-08-01,Uganda,Kasese,cereals and tubers,Maize,KG,UGX,Retail,2377.34,0.6425,-0.56,31.547
2019-09-01,Uganda,Kasese,cereals and tubers,Maize,KG,UGX,Retail,2280.17,0.6163,0.343,33.4342
2019-10-01,Uganda,Kasese,cereals and tubers,Maize,KG,UGX,Retail,2247.31,0.6074,-0.4869,32.3981
2019-11-01,Uganda,Kasese,cereals and tubers,Maize,KG,UGX,Retail,1955.69,0.5286,1.448,33.0661
2019-12-01,Uganda,Kasese,cereals and tubers,Maize,KG,UGX,Retail,1775.76,0.4799,2.9365,33.1098
2020-01-01,Uganda,Kasese,cereals and tubers,Maize,KG,UGX,Retail,1523.73,0.4118,0.9816,32.4929
2020-02-01,Uganda,Kasese,cereals and tubers,Maize,KG,UGX,Retail,1486.21,0.4017,2.3003,30.7038
2020-03-01,Uganda,Kasese,cereals and tubers,Maize,KG,UGX,Retail,1407.11,0.3803,3.1304,32.451
2020-04-01,Uganda,Kasese,cereals and tubers,Maize,KG,UGX,Retail,1415.86,0.3827,2.3236,30.3628
2020-05-01,Uganda,Kasese,cereals and tubers,Maize,KG,UGX,Retail,1443.81,0.3902,4.1761,29.8213
2020-06-01,Uganda,Kasese,cereals and tubers,Maize,KG,UGX,Retail,1499.43,0.4053,1.9071,31.8421
2020-07-01,Uganda,Kasese,cereals and tubers,Maize,KG,UGX,Retail,1675.34,0.4528,1.8425,33.8551
2020-08-01,Uganda,Kasese,cereals and tubers,Maize,KG,UGX,Retail,1865.95,0.5043,1.0115,34.2443
2020-09-01,Uganda,Kasese,cereals and tubers,Maize,KG,UGX,Retail,1983.24,0.536,1.3716,29.7165
2020-10-01,Uganda,Kasese,cereals and tubers,Maize,KG,UGX,Retail,1614.27,0.4363,1.1428,31.7544
2020-11-01,Uganda,Kasese,cereals and tubers,Maize,KG,UGX,Retail,1534.48,0.4147,1.9877,34.3535
2020-12-01,Uganda,Kasese,cereals and tubers,Maize,KG,UGX,Retail,1476.81,0.3991,-0.125,29.6952
2021-01-01,Uganda,Kasese,cereals and tubers,Maize,KG,UGX,Retail,1462.63,0.3953,0.376,31.4744
2021-02-01,Uganda,Kasese,cereals and tubers,Maize,KG,UGX,Retail,1357.49,0.3669,2.4501,31.1126
2021-03-01,Uganda,Kasese,cereals and tubers,Maize,KG,UGX,Retail,1415.29,0.3825,1.3693,33.6522
2021-04-01,Uganda,Kasese,cereals and tubers,Maize,KG,UGX,Retail,1513.86,0.4092,2.6156,32.0947
2021-05-01,Uganda,Kasese,cereals and tubers,Maize,KG,UGX,Retail,1652.78,0.4467,0.5493,30.3861
2021-06-01,Uganda,Kasese,cereals and tubers,Maize,KG,UGX,Retail,1980.73,0.5353,3.5117,30.1517
2021-07-01,Uganda,Kasese,cereals and tubers,Maize,KG,UGX,Retail,2122.11,0.5735,-0.8873,31.555
2021-08-01,Uganda,Kasese,cereals and tubers,Maize,KG,UGX,Retail,2324.61,0.6283,3.2757,30.3753
2021-09-01,Uganda,Kasese,cereals and tubers,Maize,KG,UGX,Retail,2379.96,0.6432,2.0818,31.1808
2021-10-01,Uganda,Kasese,cereals and tubers,Maize,KG,UGX,Retail,2214.82,0.5986,3.1773,30.0151
2021-11-01,Uganda,Kasese,cereals and tubers,Maize,KG,UGX,Retail,2120.2,0.573,-1.2858,34.4537
2021-12-01,Uganda,Kasese,cereals and tubers,Maize,KG,UGX,Retail,1907.54,0.5156,2.3045,34.915
2022-01-01,Uganda,Kasese,cereals and tubers,Maize,KG,UGX,Retail,1787.85,0.4832,-1.2471,29.6206
2022-02-01,Uganda,Kasese,cereals and tubers,Maize,KG,UGX,Retail,1658.32,0.4482,1.0759,32.9663
2022-03-01,Uganda,Kasese,cereals and tubers,Maize,KG,UGX,Retail,1568.6,0.4239,2.3596,32.0279
2022-04-01,Uganda,Kasese,cereals and tubers,Maize,KG,UGX,Retail,1736.47,0.4693,-0.2108,34.9602
2022-05-01,Uganda,Kasese,cereals and tubers,Maize,KG,UGX,Retail,2107.73,0.5697,0.3512,30.4251
2022-06-01,Uganda,Kasese,cereals and tubers,Maize,KG,UGX,Retail,2170.1,0.5865,-0.1864,33.0929
2022-07-01,Uganda,Kasese,cereals and tubers,Maize,KG,UGX,Retail,2464.36,0.666,-1.1211,33.4705
2022-08-01,Uganda,Kasese,cereals and tubers,Maize,KG,UGX,Retail,2638.76,0.7132,2.3769,30.8472
2022-09-01,Uganda,Kasese,cereals and tubers,Maize,KG,UGX,Retail,2609.78,0.7053,1.6827,34.8356
2022-10-01,Uganda,Kasese,cereals and tubers,Maize,KG,UGX,Retail,2498.37,0.6752,0.8091,31.4127
2022-11-01,Uganda,Kasese,cereals and tubers,Maize,KG,UGX,Retail,2260.77,0.611,2.7612,32.2273
2022-12-01,Uganda,Kasese,cereals and tubers,Maize,KG,UGX,Retail,1995.68,0.5394,-0.5013,29.8714
2023-01-01,Uganda,Kasese,cereals and tubers,Maize,KG,UGX,Retail,1717.62,0.4642,0.1517,30.2368
2023-02-01,Uganda,Kasese,cereals and tubers,Maize,KG,UGX,Retail,1668.41,0.4509,-1.0595,34.8858
2023-03-01,Uganda,Kasese,cereals and tubers,Maize,KG,UGX,Retail,1740.55,0.4704,3.8185,33.2867
2023-04-01,Uganda,Kasese,cereals and tubers,Maize,KG,UGX,Retail,1908.19,0.5157,1.2103,33.3119
2023-05-01,Uganda,Kasese,cereals and tubers,Maize,KG,UGX,Retail,2100.95,0.5678,-1.44,34.502
2023-06-01,Uganda,Kasese,cereals and tubers,Maize,KG,UGX,Retail,2201.29,0.5949,0.5137,31.7956
2023-07-01,Uganda,Kasese,cereals and tubers,Maize,KG,UGX,Retail,2545.37,0.6879,0.6433,31.6187
2023-08-01,Uganda,Kasese,cereals and tubers,Maize,KG,UGX,Retail,2631.85,0.7113,0.8749,30.4072
2023-09-01,Uganda,Kasese,cereals and tubers,Maize,KG,UGX,Retail,2802.69,0.7575,0.4067,34.7887
2023-10-01,Uganda,Kasese,cereals and tubers,Maize,KG,UGX,Retail,2779.18,0.7511,2.8101,34.7179
2023-11-01,Uganda,Kasese,cereals and tubers,Maize,KG,UGX,Retail,2651.11,0.7165,1.7336,29.8199
2023-12-01,Uganda,Kasese,cereals and tubers,Maize,KG,UGX,Retail,2184.5,0.5904,0.5895,33.2855
2024-01-01,Uganda,Kasese,cereals and tubers,Maize,KG,UGX,Retail,2089.65,0.5648,-0.0385,33.645
2024-02-01,Uganda,Kasese,cereals and tubers,Maize,KG,UGX,Retail,2211.53,0.5977,-1.4655,29.8938
2024-03-01,Uganda,Kasese,cereals and tubers,Maize,KG,UGX,Retail,2340.51,0.6326,1.3337,31.0603
2024-04-01,Uganda,Kasese,cereals and tubers,Maize,KG,UGX,Retail,2485.76,0.6718,1.7377,34.0151
2024-05-01,Uganda,Kasese,cereals and tubers,Maize,KG,UGX,Retail,2675.9,0.7232,2.6979,33.0265
2024-06-01,Uganda,Kasese,cereals and tubers,Maize,KG,UGX,Retail,2902.61,0.7845,-1.2245,34.5873
2024-07-01,Uganda,Kasese,cereals and tubers,Maize,KG,UGX,Retail,2938.14,0.7941,0.7778,34.252
2024-08-01,Uganda,Kasese,cereals and tubers,Maize,KG,UGX,Retail,3420.94,0.9246,2.6454,34.0785
2024-09-01,Uganda,Kasese,cereals and tubers,Maize,KG,UGX,Retail,3645.43,0.9853,2.8372,31.3714
2024-10-01,Uganda,Kasese,cereals and tubers,Maize,KG,UGX,Retail,3726.32,1.0071,0.6103,29.8932
2024-11-01,Uganda,Kasese,cereals and tubers,Maize,KG,UGX,Retail,3415.22,0.923,2.8136,32.305
2024-12-01,Uganda,Kasese,cereals and tubers,Maize,KG,UGX,Retail,3056.26,0.826,-1.2989,30.5567
2025-01-01,Uganda,Kasese,cereals and tubers,Maize,KG,UGX,Retail,2815.37,0.7609,0.6963,33.2729
2025-02-01,Uganda,Kasese,cereals and tubers,Maize,KG,UGX,Retail,2606.85,0.7046,2.2612,31.8538
2025-03-01,Uganda,Kasese,cereals and tubers,Maize,KG,UGX,Retail,2735.3,0.7393,3.7031,33.2341
2025-04-01,Uganda,Kasese,cereals and tubers,Maize,KG,UGX,Retail,2834.19,0.766,0.2187,33.6193
2025-05-01,Uganda,Kasese,cereals and tubers,Maize,KG,UGX,Retail,3167.27,0.856,2.7737,34.3604
2025-06-01,Uganda,Kasese,cereals and tubers,Maize,KG,UGX,Retail,3537.63,0.9561,-0.8354,34.0814
2025-07-01,Uganda,Kasese,cereals and tubers,Maize,KG,UGX,Retail,3708.29,1.0022,1.2269,33.2856
2025-08-01,Uganda,Kasese,cereals and tubers,Maize,KG,UGX,Retail,4258.72,1.151,0.4375,33.2926
2025-09-01,Uganda,Kasese,cereals and tubers,Maize,KG,UGX,Retail,4250.32,1.1487,1.8225,32.4535
2025-10-01,Uganda,Kasese,cereals and tubers,Maize,KG,UGX,Retail,3672.88,0.9927,0.7973,29.9713
2025-11-01,Uganda,Kasese,cereals and tubers,Maize,KG,UGX,Retail,3233.35,0.8739,2.6237,31.2155
2025-12-01,Uganda,Kasese,cereals and tubers,Maize,KG,UGX,Retail,2831.5,0.7653,3.6975,34.2642
2026-01-01,Uganda,Kasese,cereals and tubers,Maize,KG,UGX,Retail,2419.44,0.6539,2.9837,34.8315
2026-02-01,Uganda,Kasese,cereals and tubers,Maize,KG,UGX,Retail,2162.01,0.5843,-0.1082,33.0496
2026-03-01,Uganda,Kasese,cereals and tubers,Maize,KG,UGX,Retail,2261.55,0.6112,2.4338,29.7417
2026-04-01,Uganda,Kasese,cereals and tubers,Maize,KG,UGX,Retail,2360.66,0.638,2.7959,31.7699
2026-05-01,Uganda,Kasese,cereals and tubers,Maize,KG,UGX,Retail,2506.34,0.6774,2.6136,34.0574
2026-06-01,Uganda,Kasese,cereals and tubers,Maize,KG,UGX,Retail,2731.73,0.7383,-1.2744,33.7819
2026-07-01,Uganda,Kasese,cereals and tubers,Maize,KG,UGX,Retail,3013.47,0.8145,3.4537,34.346
2018-01-01,Uganda,Kasese,cereals and tubers,Beans,KG,UGX,Retail,3100.13,0.8379,2.9414,33.8891
2018-02-01,Uganda,Kasese,cereals and tubers,Beans,KG,UGX,Retail,2834.61,0.7661,0.8172,30.2213
2018-03-01,Uganda,Kasese,cereals and tubers,Beans,KG,UGX,Retail,2954.34,0.7985,2.1822,32.9087
2018-04-01,Uganda,Kasese,cereals and tubers,Beans,KG,UGX,Retail,2901.62,0.7842,2.0057,32.0546
2018-05-01,Uganda,Kasese,cereals and tubers,Beans,KG,UGX,Retail,3584.25,0.9687,3.4195,32.4403
2018-06-01,Uganda,Kasese,cereals and tubers,Beans,KG,UGX,Retail,4301.01,1.1624,-0.5623,30.1476
2018-07-01,Uganda,Kasese,cereals and tubers,Beans,KG,UGX,Retail,4763.19,1.2873,2.6427,29.8865
2018-08-01,Uganda,Kasese,cereals and tubers,Beans,KG,UGX,Retail,4837.03,1.3073,1.5624,29.9392
2018-09-01,Uganda,Kasese,cereals and tubers,Beans,KG,UGX,Retail,4697.01,1.2695,1.2479,34.5778
2018-10-01,Uganda,Kasese,cereals and tubers,Beans,KG,UGX,Retail,4710.32,1.2731,-0.5386,29.6405
2018-11-01,Uganda,Kasese,cereals and tubers,Beans,KG,UGX,Retail,4616.61,1.2477,2.7799,32.0026
2018-12-01,Uganda,Kasese,cereals and tubers,Beans,KG,UGX,Retail,4489.1,1.2133,3.8183,33.8527
2019-01-01,Uganda,Kasese,cereals and tubers,Beans,KG,UGX,Retail,3797.66,1.0264,0.0331,34.187
2019-02-01,Uganda,Kasese,cereals and tubers,Beans,KG,UGX,Retail,3672.66,0.9926,3.8896,30.0117
2019-03-01,Uganda,Kasese,cereals and tubers,Beans,KG,UGX,Retail,3635.78,0.9826,-1.0645,31.418
2019-04-01,Uganda,Kasese,cereals and tubers,Beans,KG,UGX,Retail,3877.55,1.048,2.5528,29.6114
2019-05-01,Uganda,Kasese,cereals and tubers,Beans,KG,UGX,Retail,4093.57,1.1064,2.9379,30.2812
2019-06-01,Uganda,Kasese,cereals and tubers,Beans,KG,UGX,Retail,4405.46,1.1907,-0.4518,30.2019
2019-07-01,Uganda,Kasese,cereals and tubers,Beans,KG,UGX,Retail,4719.04,1.2754,-1.1504,32.4947
2019-08-01,Uganda,Kasese,cereals and tubers,Beans,KG,UGX,Retail,4809.15,1.2998,-1.1717,33.0205
2019-09-01,Uganda,Kasese,cereals and tubers,Beans,KG,UGX,Retail,5129.22,1.3863,3.2512,33.9074
2019-10-01,Uganda,Kasese,cereals and tubers,Beans,KG,UGX,Retail,4961.57,1.341,0.7724,34.0418
2019-11-01,Uganda,Kasese,cereals and tubers,Beans,KG,UGX,Retail,4485.78,1.2124,0.6585,30.0356
2019-12-01,Uganda,Kasese,cereals and tubers,Beans,KG,UGX,Retail,4139.53,1.1188,-0.067,31.2178
2020-01-01,Uganda,Kasese,cereals and tubers,Beans,KG,UGX,Retail,3904.03,1.0551,4.1996,30.3758
2020-02-01,Uganda,Kasese,cereals and tubers,Beans,KG,UGX,Retail,3577.8,0.967,2.5273,32.2925
2020-03-01,Uganda,Kasese,cereals and tubers,Beans,KG,UGX,Retail,3948.34,1.0671,2.5681,32.8057
2020-04-01,Uganda,Kasese,cereals and tubers,Beans,KG,UGX,Retail,4302.19,1.1628,-0.1067,34.5221
2020-05-01,Uganda,Kasese,cereals and tubers,Beans,KG,UGX,Retail,4267.08,1.1533,-1.3159,31.0376
2020-06-01,Uganda,Kasese,cereals and tubers,Beans,KG,UGX,Retail,4317.06,1.1668,0.6772,34.6533
2020-07-01,Uganda,Kasese,cereals and tubers,Beans,KG,UGX,Retail,4952.03,1.3384,3.5676,32.8112
2020-08-01,Uganda,Kasese,cereals and tubers,Beans,KG,UGX,Retail,5215.25,1.4095,-0.5869,31.0636
2020-09-01,Uganda,Kasese,cereals and tubers,Beans,KG,UGX,Retail,4822.8,1.3035,2.9458,32.0161
2020-10-01,Uganda,Kasese,cereals and tubers,Beans,KG,UGX,Retail,4699.93,1.2703,3.1693,30.2053
2020-11-01,Uganda,Kasese,cereals and tubers,Beans,KG,UGX,Retail,4375.18,1.1825,3.0534,33.9651
2020-12-01,Uganda,Kasese,cereals and tubers,Beans,KG,UGX,Retail,3821.82,1.0329,-0.2197,31.8304
2021-01-01,Uganda,Kasese,cereals and tubers,Beans,KG,UGX,Retail,3445.1,0.9311,-0.8791,32.9955
2021-02-01,Uganda,Kasese,cereals and tubers,Beans,KG,UGX,Retail,3251.82,0.8789,-0.6166,32.7665
2021-03-01,Uganda,Kasese,cereals and tubers,Beans,KG,UGX,Retail,3167.18,0.856,0.6833,33.8796
2021-04-01,Uganda,Kasese,cereals and tubers,Beans,KG,UGX,Retail,3340.1,0.9027,-0.1022,34.2413
2021-05-01,Uganda,Kasese,cereals and tubers,Beans,KG,UGX,Retail,3768.1,1.0184,1.9592,34.9038
2021-06-01,Uganda,Kasese,cereals and tubers,Beans,KG,UGX,Retail,4776.32,1.2909,-1.1068,34.1546
2021-07-01,Uganda,Kasese,cereals and tubers,Beans,KG,UGX,Retail,5837.12,1.5776,0.4748,29.8983
2021-08-01,Uganda,Kasese,cereals and tubers,Beans,KG,UGX,Retail,6138.76,1.6591,-0.9829,30.5917
2021-09-01,Uganda,Kasese,cereals and tubers,Beans,KG,UGX,Retail,5866.89,1.5856,0.104,34.0121
2021-10-01,Uganda,Kasese,cereals and tubers,Beans,KG,UGX,Retail,5599.51,1.5134,0.3343,34.4934
2021-11-01,Uganda,Kasese,cereals and tubers,Beans,KG,UGX,Retail,4959.03,1.3403,0.1189,34.0632
2021-12-01,Uganda,Kasese,cereals and tubers,Beans,KG,UGX,Retail,4207.81,1.1372,-1.1969,34.8163
2022-01-01,Uganda,Kasese,cereals and tubers,Beans,KG,UGX,Retail,3871.77,1.0464,2.2499,30.2864
2022-02-01,Uganda,Kasese,cereals and tubers,Beans,KG,UGX,Retail,3518.55,0.951,1.1219,33.2458
2022-03-01,Uganda,Kasese,cereals and tubers,Beans,KG,UGX,Retail,3615.38,0.9771,3.5424,33.8182
2022-04-01,Uganda,Kasese,cereals and tubers,Beans,KG,UGX,Retail,3740.19,1.0109,1.1175,32.9455
2022-05-01,Uganda,Kasese,cereals and tubers,Beans,KG,UGX,Retail,4361.42,1.1788,-0.7308,34.2043
2022-06-01,Uganda,Kasese,cereals and tubers,Beans,KG,UGX,Retail,5609.93,1.5162,3.8315,34.7599
2022-07-01,Uganda,Kasese,cereals and tubers,Beans,KG,UGX,Retail,6336.48,1.7126,0.6915,32.4416
2022-08-01,Uganda,Kasese,cereals and tubers,Beans,KG,UGX,Retail,6587.44,1.7804,3.1876,30.362
2022-09-01,Uganda,Kasese,cereals and tubers,Beans,KG,UGX,Retail,7517.44,2.0317,3.8728,34.9821
2022-10-01,Uganda,Kasese,cereals and tubers,Beans,KG,UGX,Retail,7187.4,1.9425,4.0436,30.2599
2022-11-01,Uganda,Kasese,cereals and tubers,Beans,KG,UGX,Retail,6601.92,1.7843,-0.0957,32.8745
2022-12-01,Uganda,Kasese,cereals and tubers,Beans,KG,UGX,Retail,5793.64,1.5658,-0.1415,31.2231
2023-01-01,Uganda,Kasese,cereals and tubers,Beans,KG,UGX,Retail,5446.54,1.472,1.8267,33.4243
2023-02-01,Uganda,Kasese,cereals and tubers,Beans,KG,UGX,Retail,4967.48,1.3426,0.736,29.6757
2023-03-01,Uganda,Kasese,cereals and tubers,Beans,KG,UGX,Retail,5397.94,1.4589,1.1152,34.683
2023-04-01,Uganda,Kasese,cereals and tubers,Beans,KG,UGX,Retail,5981.73,1.6167,3.2116,34.4966
2023-05-01,Uganda,Kasese,cereals and tubers,Beans,KG,UGX,Retail,6898.9,1.8646,3.8083,32.8831
2023-06-01,Uganda,Kasese,cereals and tubers,Beans,KG,UGX,Retail,7733.26,2.0901,2.9368,30.889
2023-07-01,Uganda,Kasese,cereals and tubers,Beans,KG,UGX,Retail,8320.97,2.2489,2.2048,33.9166
2023-08-01,Uganda,Kasese,cereals and tubers,Beans,KG,UGX,Retail,9995.14,2.7014,2.0189,29.7984
2023-09-01,Uganda,Kasese,cereals and tubers,Beans,KG,UGX,Retail,10320.92,2.7894,3.5047,32.9856
2023-10-01,Uganda,Kasese,cereals and tubers,Beans,KG,UGX,Retail,9593.9,2.5929,0.6918,32.3255
2023-11-01,Uganda,Kasese,cereals and tubers,Beans,KG,UGX,Retail,7994.33,2.1606,2.8436,31.6385
2023-12-01,Uganda,Kasese,cereals and tubers,Beans,KG,UGX,Retail,7190.79,1.9435,3.5179,33.8463
2024-01-01,Uganda,Kasese,cereals and tubers,Beans,KG,UGX,Retail,6768.65,1.8294,1.6136,30.7033
2024-02-01,Uganda,Kasese,cereals and tubers,Beans,KG,UGX,Retail,6561.87,1.7735,-0.5698,30.7371
2024-03-01,Uganda,Kasese,cereals and tubers,Beans,KG,UGX,Retail,5950.08,1.6081,0.5661,33.9995
2024-04-01,Uganda,Kasese,cereals and tubers,Beans,KG,UGX,Retail,7040.97,1.903,-1.0966,31.5522
2024-05-01,Uganda,Kasese,cereals and tubers,Beans,KG,UGX,Retail,7965.79,2.1529,2.4534,34.5215
2024-06-01,Uganda,Kasese,cereals and tubers,Beans,KG,UGX,Retail,9062.52,2.4493,2.9371,34.2541
2024-07-01,Uganda,Kasese,cereals and tubers,Beans,KG,UGX,Retail,10211.24,2.7598,1.7409,33.4571
2024-08-01,Uganda,Kasese,cereals and tubers,Beans,KG,UGX,Retail,10686.23,2.8882,-1.0965,33.4101
2024-09-01,Uganda,Kasese,cereals and tubers,Beans,KG,UGX,Retail,11281.59,3.0491,-0.2248,34.7513
2024-10-01,Uganda,Kasese,cereals and tubers,Beans,KG,UGX,Retail,10868.69,2.9375,2.695,34.8298
2024-11-01,Uganda,Kasese,cereals and tubers,Beans,KG,UGX,Retail,9599.33,2.5944,3.7011,34.0628
2024-12-01,Uganda,Kasese,cereals and tubers,Beans,KG,UGX,Retail,8085.69,2.1853,3.9366,33.1319
2025-01-01,Uganda,Kasese,cereals and tubers,Beans,KG,UGX,Retail,7588.57,2.051,0.3519,30.0441
2025-02-01,Uganda,Kasese,cereals and tubers,Beans,KG,UGX,Retail,7161.48,1.9355,3.0782,34.7054
2025-03-01,Uganda,Kasese,cereals and tubers,Beans,KG,UGX,Retail,6859.87,1.854,-0.3228,32.6857
2025-04-01,Uganda,Kasese,cereals and tubers,Beans,KG,UGX,Retail,7552.91,2.0413,-0.4965,32.7408
2025-05-01,Uganda,Kasese,cereals and tubers,Beans,KG,UGX,Retail,7695.74,2.0799,3.8717,30.9781
2025-06-01,Uganda,Kasese,cereals and tubers,Beans,KG,UGX,Retail,8414.48,2.2742,3.6121,33.5737
2025-07-01,Uganda,Kasese,cereals and tubers,Beans,KG,UGX,Retail,9690.52,2.6191,-0.0159,34.844
2025-08-01,Uganda,Kasese,cereals and tubers,Beans,KG,UGX,Retail,9785.7,2.6448,-0.8326,34.8843
2025-09-01,Uganda,Kasese,cereals and tubers,Beans,KG,UGX,Retail,9790.48,2.6461,2.7544,30.4651
2025-10-01,Uganda,Kasese,cereals and tubers,Beans,KG,UGX,Retail,9606.01,2.5962,3.2923,31.3759
2025-11-01,Uganda,Kasese,cereals and tubers,Beans,KG,UGX,Retail,9007.82,2.4345,-1.4376,32.9617
2025-12-01,Uganda,Kasese,cereals and tubers,Beans,KG,UGX,Retail,8034.98,2.1716,3.4229,31.131
2026-01-01,Uganda,Kasese,cereals and tubers,Beans,KG,UGX,Retail,7387.27,1.9966,3.9746,34.8098
2026-02-01,Uganda,Kasese,cereals and tubers,Beans,KG,UGX,Retail,7177.59,1.9399,3.7918,30.4739
2026-03-01,Uganda,Kasese,cereals and tubers,Beans,KG,UGX,Retail,7755.38,2.096,-0.3363,32.1854
2026-04-01,Uganda,Kasese,cereals and tubers,Beans,KG,UGX,Retail,8122.2,2.1952,3.3161,29.6225
2026-05-01,Uganda,Kasese,cereals and tubers,Beans,KG,UGX,Retail,9151.86,2.4735,4.1662,32.7823
2026-06-01,Uganda,Kasese,cereals and tubers,Beans,KG,UGX,Retail,9882.91,2.6711,0.7173,31.3418
2026-07-01,Uganda,Kasese,cereals and tubers,Beans,KG,UGX,Retail,11594.93,3.1338,1.0336,32.3371
2018-01-01,Uganda,Kasese,cereals and tubers,Rice,KG,UGX,Retail,3962.39,1.0709,1.4418,29.7511
2018-02-01,Uganda,Kasese,cereals and tubers,Rice,KG,UGX,Retail,3890.87,1.0516,0.6155,34.3787
2018-03-01,Uganda,Kasese,cereals and tubers,Rice,KG,UGX,Retail,3877.34,1.0479,-0.8721,32.2721
2018-04-01,Uganda,Kasese,cereals and tubers,Rice,KG,UGX,Retail,4067.65,1.0994,1.2428,33.3669
2018-05-01,Uganda,Kasese,cereals and tubers,Rice,KG,UGX,Retail,4257.99,1.1508,-0.9501,32.3839
2018-06-01,Uganda,Kasese,cereals and tubers,Rice,KG,UGX,Retail,4818.07,1.3022,1.7056,30.5016
2018-07-01,Uganda,Kasese,cereals and tubers,Rice,KG,UGX,Retail,5406.49,1.4612,-1.2473,33.6021
2018-08-01,Uganda,Kasese,cereals and tubers,Rice,KG,UGX,Retail,5860.7,1.584,0.3834,34.9405
2018-09-01,Uganda,Kasese,cereals and tubers,Rice,KG,UGX,Retail,5574.4,1.5066,1.5754,34.9488
2018-10-01,Uganda,Kasese,cereals and tubers,Rice,KG,UGX,Retail,5073.92,1.3713,-0.7135,32.7917
2018-11-01,Uganda,Kasese,cereals and tubers,Rice,KG,UGX,Retail,4452.57,1.2034,2.2218,34.6801
2018-12-01,Uganda,Kasese,cereals and tubers,Rice,KG,UGX,Retail,3750.41,1.0136,-1.0589,32.1884
2019-01-01,Uganda,Kasese,cereals and tubers,Rice,KG,UGX,Retail,3442.72,0.9305,0.5441,29.7464
2019-02-01,Uganda,Kasese,cereals and tubers,Rice,KG,UGX,Retail,3145.94,0.8503,2.3883,30.0645
2019-03-01,Uganda,Kasese,cereals and tubers,Rice,KG,UGX,Retail,3167.05,0.856,-0.7412,32.17
2019-04-01,Uganda,Kasese,cereals and tubers,Rice,KG,UGX,Retail,3403.01,0.9197,-0.8785,33.3681
2019-05-01,Uganda,Kasese,cereals and tubers,Rice,KG,UGX,Retail,3744.51,1.012,-0.6177,32.7996
2019-06-01,Uganda,Kasese,cereals and tubers,Rice,KG,UGX,Retail,4336.39,1.172,-1.3119,31.9298
2019-07-01,Uganda,Kasese,cereals and tubers,Rice,KG,UGX,Retail,5354.26,1.4471,1.6043,34.9648
2019-08-01,Uganda,Kasese,cereals and tubers,Rice,KG,UGX,Retail,5817.13,1.5722,1.7835,34.5639
2019-09-01,Uganda,Kasese,cereals and tubers,Rice,KG,UGX,Retail,6373.77,1.7226,2.9524,32.5627
2019-10-01,Uganda,Kasese,cereals and tubers,Rice,KG,UGX,Retail,5983.89,1.6173,3.8153,29.6038
2019-11-01,Uganda,Kasese,cereals and tubers,Rice,KG,UGX,Retail,5466.52,1.4774,1.3368,32.8765
2019-12-01,Uganda,Kasese,cereals and tubers,Rice,KG,UGX,Retail,4958.53,1.3401,-0.0128,29.9564
2020-01-01,Uganda,Kasese,cereals and tubers,Rice,KG,UGX,Retail,4651.61,1.2572,2.0561,34.3167
2020-02-01,Uganda,Kasese,cereals and tubers,Rice,KG,UGX,Retail,4437.7,1.1994,0.0846,31.4132
2020-03-01,Uganda,Kasese,cereals and tubers,Rice,KG,UGX,Retail,4179.76,1.1297,1.3384,34.6557
2020-04-01,Uganda,Kasese,cereals and tubers,Rice,KG,UGX,Retail,4462.33,1.206,1.3221,31.4833
2020-05-01,Uganda,Kasese,cereals and tubers,Rice,KG,UGX,Retail,5286.71,1.4288,1.9899,33.2923
2020-06-01,Uganda,Kasese,cereals and tubers,Rice,KG,UGX,Retail,6097.11,1.6479,-1.3475,30.0107
2020-07-01,Uganda,Kasese,cereals and tubers,Rice,KG,UGX,Retail,6359.78,1.7189,2.7535,34.7205
2020-08-01,Uganda,Kasese,cereals and tubers,Rice,KG,UGX,Retail,7022.93,1.8981,1.5492,31.3385
2020-09-01,Uganda,Kasese,cereals and tubers,Rice,KG,UGX,Retail,6862.52,1.8547,0.1401,33.3466
2020-10-01,Uganda,Kasese,cereals and tubers,Rice,KG,UGX,Retail,6307.57,1.7047,-0.9001,30.4404
2020-11-01,Uganda,Kasese,cereals and tubers,Rice,KG,UGX,Retail,5583.71,1.5091,3.3139,34.9961
2020-12-01,Uganda,Kasese,cereals and tubers,Rice,KG,UGX,Retail,5308.96,1.4349,1.5415,33.8492
2021-01-01,Uganda,Kasese,cereals and tubers,Rice,KG,UGX,Retail,4472.03,1.2087,3.1136,33.6952
2021-02-01,Uganda,Kasese,cereals and tubers,Rice,KG,UGX,Retail,4160.33,1.1244,-1.369,30.6919
2021-03-01,Uganda,Kasese,cereals and tubers,Rice,KG,UGX,Retail,3723.42,1.0063,3.865,33.0478
2021-04-01,Uganda,Kasese,cereals and tubers,Rice,KG,UGX,Retail,3952.76,1.0683,1.284,33.8119
2021-05-01,Uganda,Kasese,cereals and tubers,Rice,KG,UGX,Retail,4554.69,1.231,-0.9612,33.256
2021-06-01,Uganda,Kasese,cereals and tubers,Rice,KG,UGX,Retail,5004.35,1.3525,0.3559,32.0555
2021-07-01,Uganda,Kasese,cereals and tubers,Rice,KG,UGX,Retail,5902.95,1.5954,3.7537,34.1736
2021-08-01,Uganda,Kasese,cereals and tubers,Rice,KG,UGX,Retail,6909.48,1.8674,3.9979,31.2981
2021-09-01,Uganda,Kasese,cereals and tubers,Rice,KG,UGX,Retail,6967.25,1.883,2.4801,29.6856
2021-10-01,Uganda,Kasese,cereals and tubers,Rice,KG,UGX,Retail,6963.53,1.882,-1.4382,32.47
2021-11-01,Uganda,Kasese,cereals and tubers,Rice,KG,UGX,Retail,6197.4,1.675,3.7106,33.0783
2021-12-01,Uganda,Kasese,cereals and tubers,Rice,KG,UGX,Retail,5157.72,1.394,0.212,32.791
2022-01-01,Uganda,Kasese,cereals and tubers,Rice,KG,UGX,Retail,4580.44,1.238,-1.1032,31.411
2022-02-01,Uganda,Kasese,cereals and tubers,Rice,KG,UGX,Retail,4499.61,1.2161,0.3436,32.958
2022-03-01,Uganda,Kasese,cereals and tubers,Rice,KG,UGX,Retail,4511.9,1.2194,3.8388,30.479
2022-04-01,Uganda,Kasese,cereals and tubers,Rice,KG,UGX,Retail,4930.25,1.3325,3.4156,33.1975
2022-05-01,Uganda,Kasese,cereals and tubers,Rice,KG,UGX,Retail,5736.13,1.5503,0.7509,31.8211
2022-06-01,Uganda,Kasese,cereals and tubers,Rice,KG,UGX,Retail,6677.64,1.8048,2.3251,34.6171
2022-07-01,Uganda,Kasese,cereals and tubers,Rice,KG,UGX,Retail,7524.47,2.0336,1.6179,32.8934
2022-08-01,Uganda,Kasese,cereals and tubers,Rice,KG,UGX,Retail,8159.73,2.2053,3.2833,33.159
2022-09-01,Uganda,Kasese,cereals and tubers,Rice,KG,UGX,Retail,7739.42,2.0917,3.8719,33.169
2022-10-01,Uganda,Kasese,cereals and tubers,Rice,KG,UGX,Retail,7651.82,2.0681,0.921,32.1635
2022-11-01,Uganda,Kasese,cereals and tubers,Rice,KG,UGX,Retail,6995.02,1.8905,2.9255,30.0237
2022-12-01,Uganda,Kasese,cereals and tubers,Rice,KG,UGX,Retail,5960.14,1.6108,2.8882,34.9581
2023-01-01,Uganda,Kasese,cereals and tubers,Rice,KG,UGX,Retail,5326.88,1.4397,0.0094,32.1102
2023-02-01,Uganda,Kasese,cereals and tubers,Rice,KG,UGX,Retail,4878.29,1.3185,-1.3465,32.5135
2023-03-01,Uganda,Kasese,cereals and tubers,Rice,KG,UGX,Retail,5022.8,1.3575,0.8716,31.5973
2023-04-01,Uganda,Kasese,cereals and tubers,Rice,KG,UGX,Retail,5562.44,1.5034,1.2219,33.9096
2023-05-01,Uganda,Kasese,cereals and tubers,Rice,KG,UGX,Retail,6233.2,1.6846,3.2321,34.048
2023-06-01,Uganda,Kasese,cereals and tubers,Rice,KG,UGX,Retail,7065.01,1.9095,2.2384,33.2829
2023-07-01,Uganda,Kasese,cereals and tubers,Rice,KG,UGX,Retail,8197.93,2.2157,2.9105,31.2572
2023-08-01,Uganda,Kasese,cereals and tubers,Rice,KG,UGX,Retail,9182.01,2.4816,4.1439,30.5648
2023-09-01,Uganda,Kasese,cereals and tubers,Rice,KG,UGX,Retail,9295.65,2.5123,-0.6895,34.9898
2023-10-01,Uganda,Kasese,cereals and tubers,Rice,KG,UGX,Retail,8702.47,2.352,-0.4156,33.3518
2023-11-01,Uganda,Kasese,cereals and tubers,Rice,KG,UGX,Retail,7816.03,2.1124,1.5042,34.9064
2023-12-01,Uganda,Kasese,cereals and tubers,Rice,KG,UGX,Retail,6875.12,1.8581,2.0387,32.8749
2024-01-01,Uganda,Kasese,cereals and tubers,Rice,KG,UGX,Retail,6343.55,1.7145,3.6268,32.5856
2024-02-01,Uganda,Kasese,cereals and tubers,Rice,KG,UGX,Retail,5606.55,1.5153,-0.9964,30.1784
2024-03-01,Uganda,Kasese,cereals and tubers,Rice,KG,UGX,Retail,5573.73,1.5064,-0.0732,34.4978
2024-04-01,Uganda,Kasese,cereals and tubers,Rice,KG,UGX,Retail,6430.35,1.7379,4.1084,34.1001
2024-05-01,Uganda,Kasese,cereals and tubers,Rice,KG,UGX,Retail,6896.38,1.8639,-1.0095,33.9386
2024-06-01,Uganda,Kasese,cereals and tubers,Rice,KG,UGX,Retail,7499.04,2.0268,-0.0056,33.9267
2024-07-01,Uganda,Kasese,cereals and tubers,Rice,KG,UGX,Retail,8144.52,2.2012,2.8756,34.4054
2024-08-01,Uganda,Kasese,cereals and tubers,Rice,KG,UGX,Retail,8330.04,2.2514,2.9438,31.4586
2024-09-01,Uganda,Kasese,cereals and tubers,Rice,KG,UGX,Retail,8656.74,2.3397,2.3745,32.7041
2024-10-01,Uganda,Kasese,cereals and tubers,Rice,KG,UGX,Retail,7762.75,2.098,1.1777,32.9439
2024-11-01,Uganda,Kasese,cereals and tubers,Rice,KG,UGX,Retail,6924.76,1.8716,-0.0151,31.384
2024-12-01,Uganda,Kasese,cereals and tubers,Rice,KG,UGX,Retail,5725.4,1.5474,0.735,33.2688
2025-01-01,Uganda,Kasese,cereals and tubers,Rice,KG,UGX,Retail,5266.84,1.4235,3.5719,33.6915
2025-02-01,Uganda,Kasese,cereals and tubers,Rice,KG,UGX,Retail,4843.49,1.3091,0.526,33.4443
2025-03-01,Uganda,Kasese,cereals and tubers,Rice,KG,UGX,Retail,4801.58,1.2977,1.3696,31.316
2025-04-01,Uganda,Kasese,cereals and tubers,Rice,KG,UGX,Retail,4975.68,1.3448,4.1837,34.6186
2025-05-01,Uganda,Kasese,cereals and tubers,Rice,KG,UGX,Retail,5329.22,1.4403,-0.3542,34.938
2025-06-01,Uganda,Kasese,cereals and tubers,Rice,KG,UGX,Retail,5995.69,1.6205,4.0066,29.8299
2025-07-01,Uganda,Kasese,cereals and tubers,Rice,KG,UGX,Retail,6416.3,1.7341,2.3603,34.4988
2025-08-01,Uganda,Kasese,cereals and tubers,Rice,KG,UGX,Retail,6716.56,1.8153,0.3075,32.7762
2025-09-01,Uganda,Kasese,cereals and tubers,Rice,KG,UGX,Retail,6581.82,1.7789,2.3476,34.3378
2025-10-01,Uganda,Kasese,cereals and tubers,Rice,KG,UGX,Retail,6255.98,1.6908,-0.7923,33.4316
2025-11-01,Uganda,Kasese,cereals and tubers,Rice,KG,UGX,Retail,5496.87,1.4856,1.2665,31.085
2025-12-01,Uganda,Kasese,cereals and tubers,Rice,KG,UGX,Retail,4765.76,1.288,3.1763,31.5666
2026-01-01,Uganda,Kasese,cereals and tubers,Rice,KG,UGX,Retail,4427.42,1.1966,0.6075,30.1808
2026-02-01,Uganda,Kasese,cereals and tubers,Rice,KG,UGX,Retail,4223.75,1.1416,1.3187,30.0313
2026-03-01,Uganda,Kasese,cereals and tubers,Rice,KG,UGX,Retail,4368.51,1.1807,3.032,32.5671
2026-04-01,Uganda,Kasese,cereals and tubers,Rice,KG,UGX,Retail,4677.36,1.2642,3.9394,32.0169
2026-05-01,Uganda,Kasese,cereals and tubers,Rice,KG,UGX,Retail,5135.88,1.3881,-0.1818,33.1511
2026-06-01,Uganda,Kasese,cereals and tubers,Rice,KG,UGX,Retail,5714.28,1.5444,2.4046,33.2004
2026-07-01,Uganda,Kasese,cereals and tubers,Rice,KG,UGX,Retail,6693.32,1.809,-0.6004,31.1439
2018-01-01,Uganda,Kasese,cereals and tubers,Cassava,KG,UGX,Retail,719.16,0.1944,3.1992,33.284
2018-02-01,Uganda,Kasese,cereals and tubers,Cassava,KG,UGX,Retail,682.6,0.1845,2.3312,32.3173
2018-03-01,Uganda,Kasese,cereals and tubers,Cassava,KG,UGX,Retail,704.41,0.1904,-0.3536,30.3576
2018-04-01,Uganda,Kasese,cereals and tubers,Cassava,KG,UGX,Retail,686.23,0.1855,0.321,33.8537
2018-05-01,Uganda,Kasese,cereals and tubers,Cassava,KG,UGX,Retail,830.74,0.2245,-0.8649,30.271
2018-06-01,Uganda,Kasese,cereals and tubers,Cassava,KG,UGX,Retail,922.81,0.2494,-0.3474,29.6754
2018-07-01,Uganda,Kasese,cereals and tubers,Cassava,KG,UGX,Retail,1004.02,0.2714,4.1789,31.417
2018-08-01,Uganda,Kasese,cereals and tubers,Cassava,KG,UGX,Retail,1026.86,0.2775,1.3256,30.8386
2018-09-01,Uganda,Kasese,cereals and tubers,Cassava,KG,UGX,Retail,948.09,0.2562,0.7837,34.4429
2018-10-01,Uganda,Kasese,cereals and tubers,Cassava,KG,UGX,Retail,914.57,0.2472,2.5644,30.7647
2018-11-01,Uganda,Kasese,cereals and tubers,Cassava,KG,UGX,Retail,882.36,0.2385,0.2409,33.9107
2018-12-01,Uganda,Kasese,cereals and tubers,Cassava,KG,UGX,Retail,785.24,0.2122,2.2762,31.3454
2019-01-01,Uganda,Kasese,cereals and tubers,Cassava,KG,UGX,Retail,789.95,0.2135,0.3411,31.5699
2019-02-01,Uganda,Kasese,cereals and tubers,Cassava,KG,UGX,Retail,770.72,0.2083,1.8943,30.9181
2019-03-01,Uganda,Kasese,cereals and tubers,Cassava,KG,UGX,Retail,807.16,0.2182,3.3793,32.2585
2019-04-01,Uganda,Kasese,cereals and tubers,Cassava,KG,UGX,Retail,930.47,0.2515,1.2844,32.9423
2019-05-01,Uganda,Kasese,cereals and tubers,Cassava,KG,UGX,Retail,1033.3,0.2793,-1.4143,32.4796
2019-06-01,Uganda,Kasese,cereals and tubers,Cassava,KG,UGX,Retail,1162.3,0.3141,-0.9538,33.6278
2019-07-01,Uganda,Kasese,cereals and tubers,Cassava,KG,UGX,Retail,1348.09,0.3643,-1.1892,33.9371
2019-08-01,Uganda,Kasese,cereals and tubers,Cassava,KG,UGX,Retail,1353.01,0.3657,-0.128,33.3127
2019-09-01,Uganda,Kasese,cereals and tubers,Cassava,KG,UGX,Retail,1356.98,0.3668,2.6106,32.11
2019-10-01,Uganda,Kasese,cereals and tubers,Cassava,KG,UGX,Retail,1314.32,0.3552,0.7403,31.4958
2019-11-01,Uganda,Kasese,cereals and tubers,Cassava,KG,UGX,Retail,1122.46,0.3034,-1.2797,30.6107
2019-12-01,Uganda,Kasese,cereals and tubers,Cassava,KG,UGX,Retail,976.08,0.2638,1.8991,29.6276
2020-01-01,Uganda,Kasese,cereals and tubers,Cassava,KG,UGX,Retail,930.89,0.2516,0.6574,33.002
2020-02-01,Uganda,Kasese,cereals and tubers,Cassava,KG,UGX,Retail,864.89,0.2338,1.013,32.5947
2020-03-01,Uganda,Kasese,cereals and tubers,Cassava,KG,UGX,Retail,790.9,0.2138,-0.8244,33.8828
2020-04-01,Uganda,Kasese,cereals and tubers,Cassava,KG,UGX,Retail,847.57,0.2291,3.1254,34.717
2020-05-01,Uganda,Kasese,cereals and tubers,Cassava,KG,UGX,Retail,903.63,0.2442,2.2182,30.509
2020-06-01,Uganda,Kasese,cereals and tubers,Cassava,KG,UGX,Retail,1159.27,0.3133,1.8092,31.013
2020-07-01,Uganda,Kasese,cereals and tubers,Cassava,KG,UGX,Retail,1384.75,0.3743,1.843,34.7282
2020-08-01,Uganda,Kasese,cereals and tubers,Cassava,KG,UGX,Retail,1459.17,0.3944,3.5004,32.5519
2020-09-01,Uganda,Kasese,cereals and tubers,Cassava,KG,UGX,Retail,1450.47,0.392,2.8168,30.1671
2020-10-01,Uganda,Kasese,cereals and tubers,Cassava,KG,UGX,Retail,1451.38,0.3923,4.1071,34.548
2020-11-01,Uganda,Kasese,cereals and tubers,Cassava,KG,UGX,Retail,1176.19,0.3179,-1.1445,31.0542
2020-12-01,Uganda,Kasese,cereals and tubers,Cassava,KG,UGX,Retail,1060.96,0.2867,-0.99,32.0377
2021-01-01,Uganda,Kasese,cereals and tubers,Cassava,KG,UGX,Retail,1028.08,0.2779,3.5151,32.3976
2021-02-01,Uganda,Kasese,cereals and tubers,Cassava,KG,UGX,Retail,948.4,0.2563,1.4885,30.2072
2021-03-01,Uganda,Kasese,cereals and tubers,Cassava,KG,UGX,Retail,1048.78,0.2835,2.0245,32.8438
2021-04-01,Uganda,Kasese,cereals and tubers,Cassava,KG,UGX,Retail,1070.31,0.2893,0.1772,29.9531
2021-05-01,Uganda,Kasese,cereals and tubers,Cassava,KG,UGX,Retail,1224.76,0.331,0.8744,32.278
2021-06-01,Uganda,Kasese,cereals and tubers,Cassava,KG,UGX,Retail,1381.18,0.3733,4.1309,33.8993
2021-07-01,Uganda,Kasese,cereals and tubers,Cassava,KG,UGX,Retail,1420.64,0.384,1.9666,32.217
2021-08-01,Uganda,Kasese,cereals and tubers,Cassava,KG,UGX,Retail,1547.26,0.4182,4.1847,33.6193
2021-09-01,Uganda,Kasese,cereals and tubers,Cassava,KG,UGX,Retail,1402.67,0.3791,1.365,31.6174
2021-10-01,Uganda,Kasese,cereals and tubers,Cassava,KG,UGX,Retail,1355.88,0.3665,2.7717,30.8287
2021-11-01,Uganda,Kasese,cereals and tubers,Cassava,KG,UGX,Retail,1224.17,0.3309,-0.8514,30.7683
2021-12-01,Uganda,Kasese,cereals and tubers,Cassava,KG,UGX,Retail,1079.42,0.2917,-0.675,33.9813
2022-01-01,Uganda,Kasese,cereals and tubers,Cassava,KG,UGX,Retail,844.33,0.2282,2.2821,34.5158
2022-02-01,Uganda,Kasese,cereals and tubers,Cassava,KG,UGX,Retail,805.13,0.2176,3.2079,31.0102
2022-03-01,Uganda,Kasese,cereals and tubers,Cassava,KG,UGX,Retail,721.31,0.1949,2.6769,33.7971
2022-04-01,Uganda,Kasese,cereals and tubers,Cassava,KG,UGX,Retail,743.36,0.2009,2.7186,30.8508
2022-05-01,Uganda,Kasese,cereals and tubers,Cassava,KG,UGX,Retail,838.3,0.2266,3.8696,32.5908
2022-06-01,Uganda,Kasese,cereals and tubers,Cassava,KG,UGX,Retail,940.73,0.2543,1.9154,34.5923
2022-07-01,Uganda,Kasese,cereals and tubers,Cassava,KG,UGX,Retail,987.78,0.267,-0.0102,34.3774
2022-08-01,Uganda,Kasese,cereals and tubers,Cassava,KG,UGX,Retail,1091.32,0.295,1.0136,34.1967
2022-09-01,Uganda,Kasese,cereals and tubers,Cassava,KG,UGX,Retail,1153.99,0.3119,0.1574,33.2107
2022-10-01,Uganda,Kasese,cereals and tubers,Cassava,KG,UGX,Retail,960.64,0.2596,2.496,32.4456
2022-11-01,Uganda,Kasese,cereals and tubers,Cassava,KG,UGX,Retail,881.13,0.2381,2.7742,32.5961
2022-12-01,Uganda,Kasese,cereals and tubers,Cassava,KG,UGX,Retail,793.4,0.2144,2.74,34.9196
2023-01-01,Uganda,Kasese,cereals and tubers,Cassava,KG,UGX,Retail,697.75,0.1886,-1.1192,33.8097
2023-02-01,Uganda,Kasese,cereals and tubers,Cassava,KG,UGX,Retail,669.04,0.1808,-0.9882,32.8696
2023-03-01,Uganda,Kasese,cereals and tubers,Cassava,KG,UGX,Retail,673.02,0.1819,-0.376,31.9485
2023-04-01,Uganda,Kasese,cereals and tubers,Cassava,KG,UGX,Retail,710.38,0.192,0.855,34.3304
2023-05-01,Uganda,Kasese,cereals and tubers,Cassava,KG,UGX,Retail,818.51,0.2212,2.8979,33.8017
2023-06-01,Uganda,Kasese,cereals and tubers,Cassava,KG,UGX,Retail,863.12,0.2333,1.575,30.4292
2023-07-01,Uganda,Kasese,cereals and tubers,Cassava,KG,UGX,Retail,906.59,0.245,1.5305,30.8133
2023-08-01,Uganda,Kasese,cereals and tubers,Cassava,KG,UGX,Retail,932.05,0.2519,2.0124,29.9055
2023-09-01,Uganda,Kasese,cereals and tubers,Cassava,KG,UGX,Retail,851.44,0.2301,3.393,31.0982
2023-10-01,Uganda,Kasese,cereals and tubers,Cassava,KG,UGX,Retail,767.47,0.2074,-0.9653,34.6249
2023-11-01,Uganda,Kasese,cereals and tubers,Cassava,KG,UGX,Retail,665.67,0.1799,1.3019,32.6771
2023-12-01,Uganda,Kasese,cereals and tubers,Cassava,KG,UGX,Retail,539.67,0.1459,2.6341,29.6788
2024-01-01,Uganda,Kasese,cereals and tubers,Cassava,KG,UGX,Retail,511.07,0.1381,-0.4237,33.0308
2024-02-01,Uganda,Kasese,cereals and tubers,Cassava,KG,UGX,Retail,514.36,0.139,-1.1373,34.2033
2024-03-01,Uganda,Kasese,cereals and tubers,Cassava,KG,UGX,Retail,517.66,0.1399,-1.0632,30.3734
2024-04-01,Uganda,Kasese,cereals and tubers,Cassava,KG,UGX,Retail,521.0,0.1408,-0.8464,33.6947
2024-05-01,Uganda,Kasese,cereals and tubers,Cassava,KG,UGX,Retail,577.58,0.1561,0.8414,33.5147
2024-06-01,Uganda,Kasese,cereals and tubers,Cassava,KG,UGX,Retail,627.15,0.1695,3.4677,33.1314
2024-07-01,Uganda,Kasese,cereals and tubers,Cassava,KG,UGX,Retail,751.16,0.203,1.5773,31.001
2024-08-01,Uganda,Kasese,cereals and tubers,Cassava,KG,UGX,Retail,855.95,0.2313,0.9829,34.4426
2024-09-01,Uganda,Kasese,cereals and tubers,Cassava,KG,UGX,Retail,841.56,0.2274,1.554,33.542
2024-10-01,Uganda,Kasese,cereals and tubers,Cassava,KG,UGX,Retail,842.08,0.2276,-0.9781,34.7431
2024-11-01,Uganda,Kasese,cereals and tubers,Cassava,KG,UGX,Retail,710.14,0.1919,3.5962,33.1403
2024-12-01,Uganda,Kasese,cereals and tubers,Cassava,KG,UGX,Retail,610.98,0.1651,0.8772,30.6576
2025-01-01,Uganda,Kasese,cereals and tubers,Cassava,KG,UGX,Retail,571.8,0.1545,2.576,29.7621
2025-02-01,Uganda,Kasese,cereals and tubers,Cassava,KG,UGX,Retail,555.5,0.1501,1.0646,32.2447
2025-03-01,Uganda,Kasese,cereals and tubers,Cassava,KG,UGX,Retail,559.08,0.1511,-1.012,32.7765
2025-04-01,Uganda,Kasese,cereals and tubers,Cassava,KG,UGX,Retail,579.66,0.1567,2.0572,32.6012
2025-05-01,Uganda,Kasese,cereals and tubers,Cassava,KG,UGX,Retail,675.02,0.1824,1.1314,31.2635
2025-06-01,Uganda,Kasese,cereals and tubers,Cassava,KG,UGX,Retail,731.25,0.1976,2.8873,29.6643
2025-07-01,Uganda,Kasese,cereals and tubers,Cassava,KG,UGX,Retail,802.57,0.2169,1.5272,32.1712
2025-08-01,Uganda,Kasese,cereals and tubers,Cassava,KG,UGX,Retail,829.29,0.2241,3.3088,33.6587
2025-09-01,Uganda,Kasese,cereals and tubers,Cassava,KG,UGX,Retail,828.84,0.224,0.9448,29.7975
2025-10-01,Uganda,Kasese,cereals and tubers,Cassava,KG,UGX,Retail,756.47,0.2045,0.9551,31.3332
2025-11-01,Uganda,Kasese,cereals and tubers,Cassava,KG,UGX,Retail,597.93,0.1616,2.7986,32.4245
2025-12-01,Uganda,Kasese,cereals and tubers,Cassava,KG,UGX,Retail,592.3,0.1601,3.7534,30.2094
2026-01-01,Uganda,Kasese,cereals and tubers,Cassava,KG,UGX,Retail,596.11,0.1611,1.0221,34.7118
2026-02-01,Uganda,Kasese,cereals and tubers,Cassava,KG,UGX,Retail,599.94,0.1621,0.8157,33.9201
2026-03-01,Uganda,Kasese,cereals and tubers,Cassava,KG,UGX,Retail,603.8,0.1632,-1.0284,31.5222
2026-04-01,Uganda,Kasese,cereals and tubers,Cassava,KG,UGX,Retail,678.02,0.1832,-1.4469,32.3819
2026-05-01,Uganda,Kasese,cereals and tubers,Cassava,KG,UGX,Retail,779.04,0.2106,3.3931,30.8553
2026-06-01,Uganda,Kasese,cereals and tubers,Cassava,KG,UGX,Retail,861.2,0.2328,-0.523,31.0216
2026-07-01,Uganda,Kasese,cereals and tubers,Cassava,KG,UGX,Retail,997.37,0.2696,4.1873,30.9098
2018-01-01,Uganda,Kasese,cereals and tubers,Sorghum,KG,UGX,Retail,963.28,0.2603,0.688,32.0076
2018-02-01,Uganda,Kasese,cereals and tubers,Sorghum,KG,UGX,Retail,974.49,0.2634,-0.6581,31.8941
2018-03-01,Uganda,Kasese,cereals and tubers,Sorghum,KG,UGX,Retail,1010.37,0.2731,3.3161,33.6584
2018-04-01,Uganda,Kasese,cereals and tubers,Sorghum,KG,UGX,Retail,1059.58,0.2864,0.966,34.0873
2018-05-01,Uganda,Kasese,cereals and tubers,Sorghum,KG,UGX,Retail,1194.58,0.3229,3.5581,29.865
2018-06-01,Uganda,Kasese,cereals and tubers,Sorghum,KG,UGX,Retail,1384.59,0.3742,-0.7088,33.9853
2018-07-01,Uganda,Kasese,cereals and tubers,Sorghum,KG,UGX,Retail,1520.89,0.4111,3.1459,32.754
2018-08-01,Uganda,Kasese,cereals and tubers,Sorghum,KG,UGX,Retail,1636.94,0.4424,2.913,30.1484
2018-09-01,Uganda,Kasese,cereals and tubers,Sorghum,KG,UGX,Retail,1626.94,0.4397,0.3924,33.6995
2018-10-01,Uganda,Kasese,cereals and tubers,Sorghum,KG,UGX,Retail,1449.89,0.3919,1.1464,33.6929
2018-11-01,Uganda,Kasese,cereals and tubers,Sorghum,KG,UGX,Retail,1275.79,0.3448,2.4284,31.3387
2018-12-01,Uganda,Kasese,cereals and tubers,Sorghum,KG,UGX,Retail,1094.02,0.2957,-0.189,32.0754
2019-01-01,Uganda,Kasese,cereals and tubers,Sorghum,KG,UGX,Retail,1065.16,0.2879,3.1013,32.8936
2019-02-01,Uganda,Kasese,cereals and tubers,Sorghum,KG,UGX,Retail,1010.68,0.2732,-0.8715,29.6079
2019-03-01,Uganda,Kasese,cereals and tubers,Sorghum,KG,UGX,Retail,1012.1,0.2735,1.5911,34.6304
2019-04-01,Uganda,Kasese,cereals and tubers,Sorghum,KG,UGX,Retail,1088.57,0.2942,-0.2763,33.3718
2019-05-01,Uganda,Kasese,cereals and tubers,Sorghum,KG,UGX,Retail,1120.16,0.3027,-1.1265,33.3457
2019-06-01,Uganda,Kasese,cereals and tubers,Sorghum,KG,UGX,Retail,1313.29,0.3549,-0.0492,29.7696
2019-07-01,Uganda,Kasese,cereals and tubers,Sorghum,KG,UGX,Retail,1457.71,0.394,2.6709,30.8447
2019-08-01,Uganda,Kasese,cereals and tubers,Sorghum,KG,UGX,Retail,1534.05,0.4146,2.8436,31.8127
2019-09-01,Uganda,Kasese,cereals and tubers,Sorghum,KG,UGX,Retail,1487.22,0.402,0.0971,30.4933
2019-10-01,Uganda,Kasese,cereals and tubers,Sorghum,KG,UGX,Retail,1453.56,0.3929,3.1611,30.0232
2019-11-01,Uganda,Kasese,cereals and tubers,Sorghum,KG,UGX,Retail,1308.1,0.3535,0.0213,29.7734
2019-12-01,Uganda,Kasese,cereals and tubers,Sorghum,KG,UGX,Retail,1239.91,0.3351,-0.7728,30.8028
2020-01-01,Uganda,Kasese,cereals and tubers,Sorghum,KG,UGX,Retail,1063.07,0.2873,0.8307,32.1296
2020-02-01,Uganda,Kasese,cereals and tubers,Sorghum,KG,UGX,Retail,1012.18,0.2736,0.609,32.2911
2020-03-01,Uganda,Kasese,cereals and tubers,Sorghum,KG,UGX,Retail,1026.85,0.2775,3.9973,29.9653
2020-04-01,Uganda,Kasese,cereals and tubers,Sorghum,KG,UGX,Retail,1039.79,0.281,-0.3962,31.6274
2020-05-01,Uganda,Kasese,cereals and tubers,Sorghum,KG,UGX,Retail,1184.25,0.3201,2.8309,34.8797
2020-06-01,Uganda,Kasese,cereals and tubers,Sorghum,KG,UGX,Retail,1397.82,0.3778,-0.0352,33.8745
2020-07-01,Uganda,Kasese,cereals and tubers,Sorghum,KG,UGX,Retail,1635.5,0.442,1.3947,34.1722
2020-08-01,Uganda,Kasese,cereals and tubers,Sorghum,KG,UGX,Retail,1794.92,0.4851,1.6748,30.2456
2020-09-01,Uganda,Kasese,cereals and tubers,Sorghum,KG,UGX,Retail,1861.36,0.5031,4.1218,30.566
2020-10-01,Uganda,Kasese,cereals and tubers,Sorghum,KG,UGX,Retail,1717.18,0.4641,1.3767,31.6221
2020-11-01,Uganda,Kasese,cereals and tubers,Sorghum,KG,UGX,Retail,1647.01,0.4451,-0.3776,32.2646
2020-12-01,Uganda,Kasese,cereals and tubers,Sorghum,KG,UGX,Retail,1434.99,0.3878,3.0497,31.2837
2021-01-01,Uganda,Kasese,cereals and tubers,Sorghum,KG,UGX,Retail,1344.98,0.3635,0.112,31.389
2021-02-01,Uganda,Kasese,cereals and tubers,Sorghum,KG,UGX,Retail,1299.56,0.3512,3.2908,31.3116
2021-03-01,Uganda,Kasese,cereals and tubers,Sorghum,KG,UGX,Retail,1302.65,0.3521,3.3009,30.0649
2021-04-01,Uganda,Kasese,cereals and tubers,Sorghum,KG,UGX,Retail,1355.54,0.3664,1.5299,34.0761
2021-05-01,Uganda,Kasese,cereals and tubers,Sorghum,KG,UGX,Retail,1572.46,0.425,1.2917,34.7954
2021-06-01,Uganda,Kasese,cereals and tubers,Sorghum,KG,UGX,Retail,1852.98,0.5008,2.9464,30.286
2021-07-01,Uganda,Kasese,cereals and tubers,Sorghum,KG,UGX,Retail,2017.26,0.5452,1.5956,31.0291
2021-08-01,Uganda,Kasese,cereals and tubers,Sorghum,KG,UGX,Retail,2113.87,0.5713,3.5127,32.1498
2021-09-01,Uganda,Kasese,cereals and tubers,Sorghum,KG,UGX,Retail,2120.61,0.5731,-1.1773,33.0162
2021-10-01,Uganda,Kasese,cereals and tubers,Sorghum,KG,UGX,Retail,2087.34,0.5641,0.7901,30.911
2021-11-01,Uganda,Kasese,cereals and tubers,Sorghum,KG,UGX,Retail,1793.06,0.4846,0.2337,29.9997
2021-12-01,Uganda,Kasese,cereals and tubers,Sorghum,KG,UGX,Retail,1606.64,0.4342,1.5731,34.8144
2022-01-01,Uganda,Kasese,cereals and tubers,Sorghum,KG,UGX,Retail,1350.5,0.365,-0.3126,34.0938
2022-02-01,Uganda,Kasese,cereals and tubers,Sorghum,KG,UGX,Retail,1254.45,0.339,3.9679,31.3567
2022-03-01,Uganda,Kasese,cereals and tubers,Sorghum,KG,UGX,Retail,1297.37,0.3506,3.51,34.2656
2022-04-01,Uganda,Kasese,cereals and tubers,Sorghum,KG,UGX,Retail,1365.92,0.3692,3.3443,33.495
2022-05-01,Uganda,Kasese,cereals and tubers,Sorghum,KG,UGX,Retail,1612.3,0.4358,1.2936,33.0555
2022-06-01,Uganda,Kasese,cereals and tubers,Sorghum,KG,UGX,Retail,1767.59,0.4777,2.9465,31.9139
2022-07-01,Uganda,Kasese,cereals and tubers,Sorghum,KG,UGX,Retail,1991.08,0.5381,-0.4405,31.8893
2022-08-01,Uganda,Kasese,cereals and tubers,Sorghum,KG,UGX,Retail,2180.15,0.5892,1.9576,33.8295
2022-09-01,Uganda,Kasese,cereals and tubers,Sorghum,KG,UGX,Retail,2206.28,0.5963,0.6668,33.6097
2022-10-01,Uganda,Kasese,cereals and tubers,Sorghum,KG,UGX,Retail,2243.73,0.6064,4.0781,34.7212
2022-11-01,Uganda,Kasese,cereals and tubers,Sorghum,KG,UGX,Retail,2025.52,0.5474,3.5404,32.3597
2022-12-01,Uganda,Kasese,cereals and tubers,Sorghum,KG,UGX,Retail,1734.43,0.4688,3.1745,31.1296
2023-01-01,Uganda,Kasese,cereals and tubers,Sorghum,KG,UGX,Retail,1516.79,0.4099,-0.355,34.3472
2023-02-01,Uganda,Kasese,cereals and tubers,Sorghum,KG,UGX,Retail,1484.94,0.4013,3.3063,32.263
2023-03-01,Uganda,Kasese,cereals and tubers,Sorghum,KG,UGX,Retail,1464.24,0.3957,3.7827,31.8583
2023-04-01,Uganda,Kasese,cereals and tubers,Sorghum,KG,UGX,Retail,1459.09,0.3943,-0.9814,32.7859
2023-05-01,Uganda,Kasese,cereals and tubers,Sorghum,KG,UGX,Retail,1686.35,0.4558,2.038,29.8007
2023-06-01,Uganda,Kasese,cereals and tubers,Sorghum,KG,UGX,Retail,1874.74,0.5067,3.6039,33.3557
2023-07-01,Uganda,Kasese,cereals and tubers,Sorghum,KG,UGX,Retail,1996.73,0.5397,-1.0746,30.474
2023-08-01,Uganda,Kasese,cereals and tubers,Sorghum,KG,UGX,Retail,2189.56,0.5918,2.6216,33.0487
2023-09-01,Uganda,Kasese,cereals and tubers,Sorghum,KG,UGX,Retail,2193.66,0.5929,3.3956,31.4007
2023-10-01,Uganda,Kasese,cereals and tubers,Sorghum,KG,UGX,Retail,1984.77,0.5364,0.9249,34.9443
2023-11-01,Uganda,Kasese,cereals and tubers,Sorghum,KG,UGX,Retail,1827.56,0.4939,1.6173,33.9718
2023-12-01,Uganda,Kasese,cereals and tubers,Sorghum,KG,UGX,Retail,1560.77,0.4218,0.8108,33.0634
2024-01-01,Uganda,Kasese,cereals and tubers,Sorghum,KG,UGX,Retail,1461.83,0.3951,-0.6195,32.0409
2024-02-01,Uganda,Kasese,cereals and tubers,Sorghum,KG,UGX,Retail,1355.6,0.3664,2.6355,32.9144
2024-03-01,Uganda,Kasese,cereals and tubers,Sorghum,KG,UGX,Retail,1367.44,0.3696,-0.4329,31.6207
2024-04-01,Uganda,Kasese,cereals and tubers,Sorghum,KG,UGX,Retail,1455.92,0.3935,3.1083,33.4918
2024-05-01,Uganda,Kasese,cereals and tubers,Sorghum,KG,UGX,Retail,1583.58,0.428,-0.5248,31.2738
2024-06-01,Uganda,Kasese,cereals and tubers,Sorghum,KG,UGX,Retail,1814.66,0.4904,-0.5678,30.3863
2024-07-01,Uganda,Kasese,cereals and tubers,Sorghum,KG,UGX,Retail,2004.23,0.5417,-0.4373,30.0261
2024-08-01,Uganda,Kasese,cereals and tubers,Sorghum,KG,UGX,Retail,2087.79,0.5643,3.4909,29.9053
2024-09-01,Uganda,Kasese,cereals and tubers,Sorghum,KG,UGX,Retail,2153.34,0.582,1.7091,32.4665
2024-10-01,Uganda,Kasese,cereals and tubers,Sorghum,KG,UGX,Retail,2048.72,0.5537,-1.4018,29.8562
2024-11-01,Uganda,Kasese,cereals and tubers,Sorghum,KG,UGX,Retail,1865.85,0.5043,4.0194,31.8031
2024-12-01,Uganda,Kasese,cereals and tubers,Sorghum,KG,UGX,Retail,1588.98,0.4295,4.0978,33.8072
2025-01-01,Uganda,Kasese,cereals and tubers,Sorghum,KG,UGX,Retail,1406.75,0.3802,1.377,34.4487
2025-02-01,Uganda,Kasese,cereals and tubers,Sorghum,KG,UGX,Retail,1395.55,0.3772,2.2432,33.8528
2025-03-01,Uganda,Kasese,cereals and tubers,Sorghum,KG,UGX,Retail,1362.44,0.3682,3.9336,34.9352
2025-04-01,Uganda,Kasese,cereals and tubers,Sorghum,KG,UGX,Retail,1520.47,0.4109,-0.2343,33.7845
2025-05-01,Uganda,Kasese,cereals and tubers,Sorghum,KG,UGX,Retail,1778.16,0.4806,1.7895,30.0682
2025-06-01,Uganda,Kasese,cereals and tubers,Sorghum,KG,UGX,Retail,1952.96,0.5278,3.9668,30.1088
2025-07-01,Uganda,Kasese,cereals and tubers,Sorghum,KG,UGX,Retail,2030.68,0.5488,3.4068,30.1913
2025-08-01,Uganda,Kasese,cereals and tubers,Sorghum,KG,UGX,Retail,2006.32,0.5422,0.7337,34.1185
2025-09-01,Uganda,Kasese,cereals and tubers,Sorghum,KG,UGX,Retail,1874.17,0.5065,-0.7193,30.9844
2025-10-01,Uganda,Kasese,cereals and tubers,Sorghum,KG,UGX,Retail,1632.16,0.4411,-1.2762,33.0074
2025-11-01,Uganda,Kasese,cereals and tubers,Sorghum,KG,UGX,Retail,1449.63,0.3918,2.951,33.5628
2025-12-01,Uganda,Kasese,cereals and tubers,Sorghum,KG,UGX,Retail,1401.01,0.3787,-0.601,32.854
2026-01-01,Uganda,Kasese,cereals and tubers,Sorghum,KG,UGX,Retail,1250.89,0.3381,1.4398,30.3063
2026-02-01,Uganda,Kasese,cereals and tubers,Sorghum,KG,UGX,Retail,1214.12,0.3281,1.9536,32.2871
2026-03-01,Uganda,Kasese,cereals and tubers,Sorghum,KG,UGX,Retail,1195.6,0.3231,3.2529,33.5082
2026-04-01,Uganda,Kasese,cereals and tubers,Sorghum,KG,UGX,Retail,1318.28,0.3563,2.4593,30.0988
2026-05-01,Uganda,Kasese,cereals and tubers,Sorghum,KG,UGX,Retail,1583.75,0.428,3.1505,31.5478
2026-06-01,Uganda,Kasese,cereals and tubers,Sorghum,KG,UGX,Retail,1732.07,0.4681,-0.826,30.6734
2026-07-01,Uganda,Kasese,cereals and tubers,Sorghum,KG,UGX,Retail,1965.0,0.5311,3.3306,34.2829
2018-01-01,Uganda,Kasese,cereals and tubers,Sweet Potato,KG,UGX,Retail,856.65,0.2315,0.6763,33.0905
2018-02-01,Uganda,Kasese,cereals and tubers,Sweet Potato,KG,UGX,Retail,769.18,0.2079,-0.1376,32.8419
2018-03-01,Uganda,Kasese,cereals and tubers,Sweet Potato,KG,UGX,Retail,760.43,0.2055,2.7595,30.2886
2018-04-01,Uganda,Kasese,cereals and tubers,Sweet Potato,KG,UGX,Retail,840.72,0.2272,2.9291,30.9931
2018-05-01,Uganda,Kasese,cereals and tubers,Sweet Potato,KG,UGX,Retail,936.28,0.253,1.898,33.0046
2018-06-01,Uganda,Kasese,cereals and tubers,Sweet Potato,KG,UGX,Retail,1103.88,0.2983,1.8077,30.5421
2018-07-01,Uganda,Kasese,cereals and tubers,Sweet Potato,KG,UGX,Retail,1174.69,0.3175,-0.5503,32.6523
2018-08-01,Uganda,Kasese,cereals and tubers,Sweet Potato,KG,UGX,Retail,1197.6,0.3237,3.7039,30.5067
2018-09-01,Uganda,Kasese,cereals and tubers,Sweet Potato,KG,UGX,Retail,1309.03,0.3538,1.9305,31.4207
2018-10-01,Uganda,Kasese,cereals and tubers,Sweet Potato,KG,UGX,Retail,1328.51,0.3591,1.4777,31.0369
2018-11-01,Uganda,Kasese,cereals and tubers,Sweet Potato,KG,UGX,Retail,1227.34,0.3317,2.4393,33.8398
2018-12-01,Uganda,Kasese,cereals and tubers,Sweet Potato,KG,UGX,Retail,986.8,0.2667,-0.9016,31.5077
2019-01-01,Uganda,Kasese,cereals and tubers,Sweet Potato,KG,UGX,Retail,893.45,0.2415,2.831,34.3502
2019-02-01,Uganda,Kasese,cereals and tubers,Sweet Potato,KG,UGX,Retail,801.51,0.2166,1.5174,34.3531
2019-03-01,Uganda,Kasese,cereals and tubers,Sweet Potato,KG,UGX,Retail,796.76,0.2153,1.69,32.5127
2019-04-01,Uganda,Kasese,cereals and tubers,Sweet Potato,KG,UGX,Retail,860.0,0.2324,2.9068,31.1409
2019-05-01,Uganda,Kasese,cereals and tubers,Sweet Potato,KG,UGX,Retail,945.3,0.2555,3.5815,34.7205
2019-06-01,Uganda,Kasese,cereals and tubers,Sweet Potato,KG,UGX,Retail,1002.68,0.271,4.1283,33.8385
2019-07-01,Uganda,Kasese,cereals and tubers,Sweet Potato,KG,UGX,Retail,1070.19,0.2892,0.9639,34.1491
2019-08-01,Uganda,Kasese,cereals and tubers,Sweet Potato,KG,UGX,Retail,1131.37,0.3058,1.8377,34.9846
2019-09-01,Uganda,Kasese,cereals and tubers,Sweet Potato,KG,UGX,Retail,1024.02,0.2768,2.158,31.3341
2019-10-01,Uganda,Kasese,cereals and tubers,Sweet Potato,KG,UGX,Retail,985.16,0.2663,0.432,31.4066
2019-11-01,Uganda,Kasese,cereals and tubers,Sweet Potato,KG,UGX,Retail,887.49,0.2399,-1.1769,29.8152
2019-12-01,Uganda,Kasese,cereals and tubers,Sweet Potato,KG,UGX,Retail,707.19,0.1911,0.2722,29.7146
2020-01-01,Uganda,Kasese,cereals and tubers,Sweet Potato,KG,UGX,Retail,565.26,0.1528,-0.3837,29.8603
2020-02-01,Uganda,Kasese,cereals and tubers,Sweet Potato,KG,UGX,Retail,586.75,0.1586,1.7397,31.7277
2020-03-01,Uganda,Kasese,cereals and tubers,Sweet Potato,KG,UGX,Retail,607.9,0.1643,-0.8569,33.39
2020-04-01,Uganda,Kasese,cereals and tubers,Sweet Potato,KG,UGX,Retail,664.78,0.1797,-0.7553,30.424
2020-05-01,Uganda,Kasese,cereals and tubers,Sweet Potato,KG,UGX,Retail,736.81,0.1991,-0.634,30.2807
2020-06-01,Uganda,Kasese,cereals and tubers,Sweet Potato,KG,UGX,Retail,875.24,0.2366,2.0263,30.7758
2020-07-01,Uganda,Kasese,cereals and tubers,Sweet Potato,KG,UGX,Retail,1003.48,0.2712,-0.9001,31.3959
2020-08-01,Uganda,Kasese,cereals and tubers,Sweet Potato,KG,UGX,Retail,1187.02,0.3208,1.9992,32.8404
2020-09-01,Uganda,Kasese,cereals and tubers,Sweet Potato,KG,UGX,Retail,1184.18,0.32,2.1848,34.3211
2020-10-01,Uganda,Kasese,cereals and tubers,Sweet Potato,KG,UGX,Retail,1041.17,0.2814,0.7873,33.7369
2020-11-01,Uganda,Kasese,cereals and tubers,Sweet Potato,KG,UGX,Retail,944.84,0.2554,2.8297,31.1119
2020-12-01,Uganda,Kasese,cereals and tubers,Sweet Potato,KG,UGX,Retail,893.25,0.2414,2.7134,32.9894
2021-01-01,Uganda,Kasese,cereals and tubers,Sweet Potato,KG,UGX,Retail,764.49,0.2066,1.0454,33.984
2021-02-01,Uganda,Kasese,cereals and tubers,Sweet Potato,KG,UGX,Retail,804.19,0.2173,1.1607,30.064
2021-03-01,Uganda,Kasese,cereals and tubers,Sweet Potato,KG,UGX,Retail,844.03,0.2281,1.2926,29.9965
2021-04-01,Uganda,Kasese,cereals and tubers,Sweet Potato,KG,UGX,Retail,917.7,0.248,0.8719,31.7448
2021-05-01,Uganda,Kasese,cereals and tubers,Sweet Potato,KG,UGX,Retail,1058.64,0.2861,1.4576,32.1681
2021-06-01,Uganda,Kasese,cereals and tubers,Sweet Potato,KG,UGX,Retail,1259.36,0.3404,2.2545,31.8196
2021-07-01,Uganda,Kasese,cereals and tubers,Sweet Potato,KG,UGX,Retail,1461.38,0.395,3.5447,31.565
2021-08-01,Uganda,Kasese,cereals and tubers,Sweet Potato,KG,UGX,Retail,1573.76,0.4253,3.4357,31.5337
2021-09-01,Uganda,Kasese,cereals and tubers,Sweet Potato,KG,UGX,Retail,1629.35,0.4404,3.0646,32.7961
2021-10-01,Uganda,Kasese,cereals and tubers,Sweet Potato,KG,UGX,Retail,1653.05,0.4468,1.1828,32.1867
2021-11-01,Uganda,Kasese,cereals and tubers,Sweet Potato,KG,UGX,Retail,1557.46,0.4209,-0.3754,32.516
2021-12-01,Uganda,Kasese,cereals and tubers,Sweet Potato,KG,UGX,Retail,1307.37,0.3533,1.0854,31.1299
2022-01-01,Uganda,Kasese,cereals and tubers,Sweet Potato,KG,UGX,Retail,1165.96,0.3151,1.2081,33.0899
2022-02-01,Uganda,Kasese,cereals and tubers,Sweet Potato,KG,UGX,Retail,1029.98,0.2784,2.9262,30.3887
2022-03-01,Uganda,Kasese,cereals and tubers,Sweet Potato,KG,UGX,Retail,976.05,0.2638,3.8286,34.5769
2022-04-01,Uganda,Kasese,cereals and tubers,Sweet Potato,KG,UGX,Retail,1070.32,0.2893,0.8936,34.1956
2022-05-01,Uganda,Kasese,cereals and tubers,Sweet Potato,KG,UGX,Retail,1201.86,0.3248,-0.8325,30.2203
2022-06-01,Uganda,Kasese,cereals and tubers,Sweet Potato,KG,UGX,Retail,1357.6,0.3669,2.9504,32.8502
2022-07-01,Uganda,Kasese,cereals and tubers,Sweet Potato,KG,UGX,Retail,1408.64,0.3807,-0.5762,30.2667
2022-08-01,Uganda,Kasese,cereals and tubers,Sweet Potato,KG,UGX,Retail,1426.39,0.3855,3.5494,32.4678
2022-09-01,Uganda,Kasese,cereals and tubers,Sweet Potato,KG,UGX,Retail,1413.17,0.3819,0.1138,32.7626
2022-10-01,Uganda,Kasese,cereals and tubers,Sweet Potato,KG,UGX,Retail,1282.13,0.3465,-1.0001,32.2318
2022-11-01,Uganda,Kasese,cereals and tubers,Sweet Potato,KG,UGX,Retail,1217.19,0.329,-1.2048,32.1764
2022-12-01,Uganda,Kasese,cereals and tubers,Sweet Potato,KG,UGX,Retail,1014.1,0.2741,3.0034,32.2646
2023-01-01,Uganda,Kasese,cereals and tubers,Sweet Potato,KG,UGX,Retail,896.67,0.2423,3.3366,30.4269
2023-02-01,Uganda,Kasese,cereals and tubers,Sweet Potato,KG,UGX,Retail,867.17,0.2344,-0.7916,32.0786
2023-03-01,Uganda,Kasese,cereals and tubers,Sweet Potato,KG,UGX,Retail,871.47,0.2355,3.2146,32.0912
2023-04-01,Uganda,Kasese,cereals and tubers,Sweet Potato,KG,UGX,Retail,1004.18,0.2714,1.8964,32.8638
2023-05-01,Uganda,Kasese,cereals and tubers,Sweet Potato,KG,UGX,Retail,1146.21,0.3098,-0.4163,32.7138
2023-06-01,Uganda,Kasese,cereals and tubers,Sweet Potato,KG,UGX,Retail,1382.11,0.3735,-0.3332,32.2137
2023-07-01,Uganda,Kasese,cereals and tubers,Sweet Potato,KG,UGX,Retail,1504.97,0.4067,1.001,30.7995
2023-08-01,Uganda,Kasese,cereals and tubers,Sweet Potato,KG,UGX,Retail,1618.4,0.4374,0.3269,34.2922
2023-09-01,Uganda,Kasese,cereals and tubers,Sweet Potato,KG,UGX,Retail,1700.94,0.4597,-0.9206,30.0742
2023-10-01,Uganda,Kasese,cereals and tubers,Sweet Potato,KG,UGX,Retail,1771.44,0.4788,0.0811,34.0465
2023-11-01,Uganda,Kasese,cereals and tubers,Sweet Potato,KG,UGX,Retail,1480.28,0.4001,3.3604,30.1843
2023-12-01,Uganda,Kasese,cereals and tubers,Sweet Potato,KG,UGX,Retail,1235.11,0.3338,2.8725,33.5521
2024-01-01,Uganda,Kasese,cereals and tubers,Sweet Potato,KG,UGX,Retail,1167.68,0.3156,1.1807,30.404
2024-02-01,Uganda,Kasese,cereals and tubers,Sweet Potato,KG,UGX,Retail,1031.89,0.2789,3.1468,34.2415
2024-03-01,Uganda,Kasese,cereals and tubers,Sweet Potato,KG,UGX,Retail,920.72,0.2488,2.6741,30.9335
2024-04-01,Uganda,Kasese,cereals and tubers,Sweet Potato,KG,UGX,Retail,1045.74,0.2826,1.8417,31.8775
2024-05-01,Uganda,Kasese,cereals and tubers,Sweet Potato,KG,UGX,Retail,1198.89,0.324,2.8398,32.4736
2024-06-01,Uganda,Kasese,cereals and tubers,Sweet Potato,KG,UGX,Retail,1344.1,0.3633,-0.4209,30.9022
2024-07-01,Uganda,Kasese,cereals and tubers,Sweet Potato,KG,UGX,Retail,1368.15,0.3698,3.3558,30.5569
2024-08-01,Uganda,Kasese,cereals and tubers,Sweet Potato,KG,UGX,Retail,1415.41,0.3825,2.9921,34.0005
2024-09-01,Uganda,Kasese,cereals and tubers,Sweet Potato,KG,UGX,Retail,1502.19,0.406,0.5055,33.7635
2024-10-01,Uganda,Kasese,cereals and tubers,Sweet Potato,KG,UGX,Retail,1477.86,0.3994,-0.2354,31.7729
2024-11-01,Uganda,Kasese,cereals and tubers,Sweet Potato,KG,UGX,Retail,1411.87,0.3816,1.3805,34.4468
2024-12-01,Uganda,Kasese,cereals and tubers,Sweet Potato,KG,UGX,Retail,1288.45,0.3482,0.1234,34.7967
2025-01-01,Uganda,Kasese,cereals and tubers,Sweet Potato,KG,UGX,Retail,1037.62,0.2804,-1.4366,34.189
2025-02-01,Uganda,Kasese,cereals and tubers,Sweet Potato,KG,UGX,Retail,1016.05,0.2746,2.3882,31.8013
2025-03-01,Uganda,Kasese,cereals and tubers,Sweet Potato,KG,UGX,Retail,975.98,0.2638,3.2424,34.3808
2025-04-01,Uganda,Kasese,cereals and tubers,Sweet Potato,KG,UGX,Retail,1134.02,0.3065,3.4476,32.9337
2025-05-01,Uganda,Kasese,cereals and tubers,Sweet Potato,KG,UGX,Retail,1278.25,0.3455,-0.8816,29.8459
2025-06-01,Uganda,Kasese,cereals and tubers,Sweet Potato,KG,UGX,Retail,1397.7,0.3778,0.9312,33.4643
2025-07-01,Uganda,Kasese,cereals and tubers,Sweet Potato,KG,UGX,Retail,1552.26,0.4195,3.0211,32.203
2025-08-01,Uganda,Kasese,cereals and tubers,Sweet Potato,KG,UGX,Retail,1609.52,0.435,1.4691,33.8595
2025-09-01,Uganda,Kasese,cereals and tubers,Sweet Potato,KG,UGX,Retail,1617.25,0.4371,1.4671,34.7205
2025-10-01,Uganda,Kasese,cereals and tubers,Sweet Potato,KG,UGX,Retail,1442.81,0.3899,3.5866,29.7948
2025-11-01,Uganda,Kasese,cereals and tubers,Sweet Potato,KG,UGX,Retail,1320.0,0.3568,3.6965,34.4561
2025-12-01,Uganda,Kasese,cereals and tubers,Sweet Potato,KG,UGX,Retail,1279.53,0.3458,1.191,33.9768
2026-01-01,Uganda,Kasese,cereals and tubers,Sweet Potato,KG,UGX,Retail,1079.95,0.2919,3.8418,30.9537
2026-02-01,Uganda,Kasese,cereals and tubers,Sweet Potato,KG,UGX,Retail,1039.31,0.2809,2.9,31.7855
2026-03-01,Uganda,Kasese,cereals and tubers,Sweet Potato,KG,UGX,Retail,1021.79,0.2762,0.3292,34.8944
2026-04-01,Uganda,Kasese,cereals and tubers,Sweet Potato,KG,UGX,Retail,1052.16,0.2844,4.1539,31.4553
2026-05-01,Uganda,Kasese,cereals and tubers,Sweet Potato,KG,UGX,Retail,1143.17,0.309,-0.293,31.924
2026-06-01,Uganda,Kasese,cereals and tubers,Sweet Potato,KG,UGX,Retail,1407.58,0.3804,-1.4968,32.0466
2026-07-01,Uganda,Kasese,cereals and tubers,Sweet Potato,KG,UGX,Retail,1489.8,0.4026,0.9913,32.3972
2018-01-01,Uganda,Kasese,cereals and tubers,Groundnuts,KG,UGX,Retail,4612.57,1.2466,1.5028,33.7883
2018-02-01,Uganda,Kasese,cereals and tubers,Groundnuts,KG,UGX,Retail,4485.69,1.2123,3.2769,30.7471
2018-03-01,Uganda,Kasese,cereals and tubers,Groundnuts,KG,UGX,Retail,4403.32,1.1901,3.2367,34.6861
2018-04-01,Uganda,Kasese,cereals and tubers,Groundnuts,KG,UGX,Retail,4584.92,1.2392,1.3101,33.7288
2018-05-01,Uganda,Kasese,cereals and tubers,Groundnuts,KG,UGX,Retail,4836.42,1.3071,0.9278,30.4915
2018-06-01,Uganda,Kasese,cereals and tubers,Groundnuts,KG,UGX,Retail,4888.46,1.3212,2.5494,30.3834
2018-07-01,Uganda,Kasese,cereals and tubers,Groundnuts,KG,UGX,Retail,5067.74,1.3697,1.6534,33.5499
2018-08-01,Uganda,Kasese,cereals and tubers,Groundnuts,KG,UGX,Retail,5364.76,1.4499,-0.6123,30.7705
2018-09-01,Uganda,Kasese,cereals and tubers,Groundnuts,KG,UGX,Retail,5608.05,1.5157,-0.8382,32.2901
2018-10-01,Uganda,Kasese,cereals and tubers,Groundnuts,KG,UGX,Retail,5256.35,1.4206,0.4343,33.9002
2018-11-01,Uganda,Kasese,cereals and tubers,Groundnuts,KG,UGX,Retail,4711.83,1.2735,2.9314,33.0886
2018-12-01,Uganda,Kasese,cereals and tubers,Groundnuts,KG,UGX,Retail,4191.52,1.1328,3.4725,30.6921
2019-01-01,Uganda,Kasese,cereals and tubers,Groundnuts,KG,UGX,Retail,3686.24,0.9963,-0.4297,34.9484
2019-02-01,Uganda,Kasese,cereals and tubers,Groundnuts,KG,UGX,Retail,3430.02,0.927,1.6532,30.5073
2019-03-01,Uganda,Kasese,cereals and tubers,Groundnuts,KG,UGX,Retail,3397.02,0.9181,-0.6567,30.6467
2019-04-01,Uganda,Kasese,cereals and tubers,Groundnuts,KG,UGX,Retail,3692.39,0.9979,-1.4544,33.4843
2019-05-01,Uganda,Kasese,cereals and tubers,Groundnuts,KG,UGX,Retail,4246.17,1.1476,-1.2401,34.6704
2019-06-01,Uganda,Kasese,cereals and tubers,Groundnuts,KG,UGX,Retail,4965.55,1.342,0.0064,31.969
2019-07-01,Uganda,Kasese,cereals and tubers,Groundnuts,KG,UGX,Retail,5751.32,1.5544,1.7486,34.2302
2019-08-01,Uganda,Kasese,cereals and tubers,Groundnuts,KG,UGX,Retail,6585.24,1.7798,4.0787,33.5248
2019-09-01,Uganda,Kasese,cereals and tubers,Groundnuts,KG,UGX,Retail,6734.86,1.8202,2.3672,33.5847
2019-10-01,Uganda,Kasese,cereals and tubers,Groundnuts,KG,UGX,Retail,6374.79,1.7229,-1.3608,30.2884
2019-11-01,Uganda,Kasese,cereals and tubers,Groundnuts,KG,UGX,Retail,5233.42,1.4144,0.0475,34.489
2019-12-01,Uganda,Kasese,cereals and tubers,Groundnuts,KG,UGX,Retail,4409.17,1.1917,-0.6833,31.9023
2020-01-01,Uganda,Kasese,cereals and tubers,Groundnuts,KG,UGX,Retail,4187.53,1.1318,3.2302,34.5561
2020-02-01,Uganda,Kasese,cereals and tubers,Groundnuts,KG,UGX,Retail,3996.19,1.0801,0.8745,34.7453
2020-03-01,Uganda,Kasese,cereals and tubers,Groundnuts,KG,UGX,Retail,4124.56,1.1147,3.4482,31.5315
2020-04-01,Uganda,Kasese,cereals and tubers,Groundnuts,KG,UGX,Retail,4487.54,1.2128,2.4404,30.3421
2020-05-01,Uganda,Kasese,cereals and tubers,Groundnuts,KG,UGX,Retail,4449.6,1.2026,2.8026,31.2465
2020-06-01,Uganda,Kasese,cereals and tubers,Groundnuts,KG,UGX,Retail,5415.37,1.4636,3.0554,34.6485
2020-07-01,Uganda,Kasese,cereals and tubers,Groundnuts,KG,UGX,Retail,5429.99,1.4676,3.003,30.6501
2020-08-01,Uganda,Kasese,cereals and tubers,Groundnuts,KG,UGX,Retail,5733.45,1.5496,2.4116,30.4248
2020-09-01,Uganda,Kasese,cereals and tubers,Groundnuts,KG,UGX,Retail,6062.86,1.6386,2.6271,33.6084
2020-10-01,Uganda,Kasese,cereals and tubers,Groundnuts,KG,UGX,Retail,5355.64,1.4475,2.7169,34.0635
2020-11-01,Uganda,Kasese,cereals and tubers,Groundnuts,KG,UGX,Retail,4540.32,1.2271,-0.3146,34.3946
2020-12-01,Uganda,Kasese,cereals and tubers,Groundnuts,KG,UGX,Retail,3803.0,1.0278,1.1242,34.3506
2021-01-01,Uganda,Kasese,cereals and tubers,Groundnuts,KG,UGX,Retail,3414.97,0.923,3.1203,32.2504
2021-02-01,Uganda,Kasese,cereals and tubers,Groundnuts,KG,UGX,Retail,3157.23,0.8533,4.0439,33.8016
2021-03-01,Uganda,Kasese,cereals and tubers,Groundnuts,KG,UGX,Retail,3423.79,0.9253,3.7651,34.6509
2021-04-01,Uganda,Kasese,cereals and tubers,Groundnuts,KG,UGX,Retail,3507.33,0.9479,-0.7751,30.6065
2021-05-01,Uganda,Kasese,cereals and tubers,Groundnuts,KG,UGX,Retail,3898.74,1.0537,3.7087,30.7611
2021-06-01,Uganda,Kasese,cereals and tubers,Groundnuts,KG,UGX,Retail,4765.85,1.2881,-0.6177,32.1812
2021-07-01,Uganda,Kasese,cereals and tubers,Groundnuts,KG,UGX,Retail,5244.15,1.4173,-1.3942,33.0718
2021-08-01,Uganda,Kasese,cereals and tubers,Groundnuts,KG,UGX,Retail,5552.73,1.5007,1.0935,34.4352
2021-09-01,Uganda,Kasese,cereals and tubers,Groundnuts,KG,UGX,Retail,5560.64,1.5029,-1.2075,32.2775
2021-10-01,Uganda,Kasese,cereals and tubers,Groundnuts,KG,UGX,Retail,5342.9,1.444,0.0201,34.7928
2021-11-01,Uganda,Kasese,cereals and tubers,Groundnuts,KG,UGX,Retail,4808.3,1.2995,0.0399,33.9793
2021-12-01,Uganda,Kasese,cereals and tubers,Groundnuts,KG,UGX,Retail,4098.05,1.1076,1.556,29.7029
2022-01-01,Uganda,Kasese,cereals and tubers,Groundnuts,KG,UGX,Retail,3592.05,0.9708,-0.2235,32.3595
2022-02-01,Uganda,Kasese,cereals and tubers,Groundnuts,KG,UGX,Retail,3547.48,0.9588,0.7369,32.5017
2022-03-01,Uganda,Kasese,cereals and tubers,Groundnuts,KG,UGX,Retail,3622.62,0.9791,-0.097,30.6582
2022-04-01,Uganda,Kasese,cereals and tubers,Groundnuts,KG,UGX,Retail,3912.45,1.0574,-1.289,30.4132
2022-05-01,Uganda,Kasese,cereals and tubers,Groundnuts,KG,UGX,Retail,4384.84,1.1851,1.6657,32.8405
2022-06-01,Uganda,Kasese,cereals and tubers,Groundnuts,KG,UGX,Retail,5023.1,1.3576,0.8613,32.4568
2022-07-01,Uganda,Kasese,cereals and tubers,Groundnuts,KG,UGX,Retail,5855.38,1.5825,3.2096,34.8962
2022-08-01,Uganda,Kasese,cereals and tubers,Groundnuts,KG,UGX,Retail,6039.79,1.6324,0.6338,33.8756
2022-09-01,Uganda,Kasese,cereals and tubers,Groundnuts,KG,UGX,Retail,5861.5,1.5842,0.3284,34.6759
2022-10-01,Uganda,Kasese,cereals and tubers,Groundnuts,KG,UGX,Retail,5301.62,1.4329,-0.8609,32.5503
2022-11-01,Uganda,Kasese,cereals and tubers,Groundnuts,KG,UGX,Retail,5003.76,1.3524,1.9038,30.4882
2022-12-01,Uganda,Kasese,cereals and tubers,Groundnuts,KG,UGX,Retail,3969.04,1.0727,-0.119,34.7198
2023-01-01,Uganda,Kasese,cereals and tubers,Groundnuts,KG,UGX,Retail,4091.18,1.1057,-1.4013,32.6664
2023-02-01,Uganda,Kasese,cereals and tubers,Groundnuts,KG,UGX,Retail,3776.05,1.0206,2.0829,30.8378
2023-03-01,Uganda,Kasese,cereals and tubers,Groundnuts,KG,UGX,Retail,3633.4,0.982,-0.4768,31.9156
2023-04-01,Uganda,Kasese,cereals and tubers,Groundnuts,KG,UGX,Retail,3844.99,1.0392,0.4264,30.6742
2023-05-01,Uganda,Kasese,cereals and tubers,Groundnuts,KG,UGX,Retail,4187.91,1.1319,2.6573,30.5008
2023-06-01,Uganda,Kasese,cereals and tubers,Groundnuts,KG,UGX,Retail,4864.96,1.3149,-1.3533,30.824
2023-07-01,Uganda,Kasese,cereals and tubers,Groundnuts,KG,UGX,Retail,5668.24,1.532,0.7793,34.8461
2023-08-01,Uganda,Kasese,cereals and tubers,Groundnuts,KG,UGX,Retail,5942.04,1.606,-1.0543,30.4582
2023-09-01,Uganda,Kasese,cereals and tubers,Groundnuts,KG,UGX,Retail,5874.7,1.5878,-0.7121,32.4589
2023-10-01,Uganda,Kasese,cereals and tubers,Groundnuts,KG,UGX,Retail,5167.0,1.3965,-1.1588,30.2381
2023-11-01,Uganda,Kasese,cereals and tubers,Groundnuts,KG,UGX,Retail,4494.39,1.2147,-1.3897,34.836
2023-12-01,Uganda,Kasese,cereals and tubers,Groundnuts,KG,UGX,Retail,3991.05,1.0787,0.4185,32.164
2024-01-01,Uganda,Kasese,cereals and tubers,Groundnuts,KG,UGX,Retail,3577.74,0.967,0.8941,32.2262
2024-02-01,Uganda,Kasese,cereals and tubers,Groundnuts,KG,UGX,Retail,3214.72,0.8688,0.3354,29.7475
2024-03-01,Uganda,Kasese,cereals and tubers,Groundnuts,KG,UGX,Retail,3369.93,0.9108,2.0185,33.2116
2024-04-01,Uganda,Kasese,cereals and tubers,Groundnuts,KG,UGX,Retail,3436.16,0.9287,1.1966,34.3616
2024-05-01,Uganda,Kasese,cereals and tubers,Groundnuts,KG,UGX,Retail,3697.92,0.9994,1.2224,33.0179
2024-06-01,Uganda,Kasese,cereals and tubers,Groundnuts,KG,UGX,Retail,4466.88,1.2073,-0.2611,32.3531
2024-07-01,Uganda,Kasese,cereals and tubers,Groundnuts,KG,UGX,Retail,5337.28,1.4425,-0.151,33.8844
2024-08-01,Uganda,Kasese,cereals and tubers,Groundnuts,KG,UGX,Retail,6444.75,1.7418,-1.3483,29.928
2024-09-01,Uganda,Kasese,cereals and tubers,Groundnuts,KG,UGX,Retail,6365.14,1.7203,3.9533,33.062
2024-10-01,Uganda,Kasese,cereals and tubers,Groundnuts,KG,UGX,Retail,6153.69,1.6632,0.5981,31.2495
2024-11-01,Uganda,Kasese,cereals and tubers,Groundnuts,KG,UGX,Retail,5675.36,1.5339,1.5614,33.8101
2024-12-01,Uganda,Kasese,cereals and tubers,Groundnuts,KG,UGX,Retail,4785.78,1.2935,3.4562,31.9175
2025-01-01,Uganda,Kasese,cereals and tubers,Groundnuts,KG,UGX,Retail,4279.19,1.1565,1.2879,32.7958
2025-02-01,Uganda,Kasese,cereals and tubers,Groundnuts,KG,UGX,Retail,4077.1,1.1019,1.1092,34.6227
2025-03-01,Uganda,Kasese,cereals and tubers,Groundnuts,KG,UGX,Retail,4050.28,1.0947,0.3501,31.1932
2025-04-01,Uganda,Kasese,cereals and tubers,Groundnuts,KG,UGX,Retail,4299.5,1.162,3.3401,30.0279
2025-05-01,Uganda,Kasese,cereals and tubers,Groundnuts,KG,UGX,Retail,5008.77,1.3537,-0.0724,33.62
2025-06-01,Uganda,Kasese,cereals and tubers,Groundnuts,KG,UGX,Retail,5578.07,1.5076,3.1552,31.328
2025-07-01,Uganda,Kasese,cereals and tubers,Groundnuts,KG,UGX,Retail,6624.79,1.7905,-0.0919,34.5895
2025-08-01,Uganda,Kasese,cereals and tubers,Groundnuts,KG,UGX,Retail,7345.95,1.9854,3.9261,33.9937
2025-09-01,Uganda,Kasese,cereals and tubers,Groundnuts,KG,UGX,Retail,8106.95,2.1911,2.9118,31.4325
2025-10-01,Uganda,Kasese,cereals and tubers,Groundnuts,KG,UGX,Retail,7849.78,2.1216,0.6741,30.5807
2025-11-01,Uganda,Kasese,cereals and tubers,Groundnuts,KG,UGX,Retail,7719.96,2.0865,1.2077,34.3834
2025-12-01,Uganda,Kasese,cereals and tubers,Groundnuts,KG,UGX,Retail,6823.25,1.8441,-0.6116,30.7816
2026-01-01,Uganda,Kasese,cereals and tubers,Groundnuts,KG,UGX,Retail,6228.58,1.6834,-0.8228,33.3229
2026-02-01,Uganda,Kasese,cereals and tubers,Groundnuts,KG,UGX,Retail,6274.51,1.6958,2.6117,32.1391
2026-03-01,Uganda,Kasese,cereals and tubers,Groundnuts,KG,UGX,Retail,6097.8,1.6481,1.9533,34.9655
2026-04-01,Uganda,Kasese,cereals and tubers,Groundnuts,KG,UGX,Retail,6215.44,1.6798,2.6169,30.2658
2026-05-01,Uganda,Kasese,cereals and tubers,Groundnuts,KG,UGX,Retail,6858.86,1.8537,0.8878,32.0989
2026-06-01,Uganda,Kasese,cereals and tubers,Groundnuts,KG,UGX,Retail,8083.62,2.1848,-0.8819,30.6766
2026-07-01,Uganda,Kasese,cereals and tubers,Groundnuts,KG,UGX,Retail,8669.11,2.343,2.2179,34.6913
2018-01-01,Uganda,Kasese,cereals and tubers,Millet,KG,UGX,Retail,1461.0,0.3949,0.7927,33.8455
2018-02-01,Uganda,Kasese,cereals and tubers,Millet,KG,UGX,Retail,1454.57,0.3931,0.1319,34.8655
2018-03-01,Uganda,Kasese,cereals and tubers,Millet,KG,UGX,Retail,1532.77,0.4143,-0.8605,34.1329
2018-04-01,Uganda,Kasese,cereals and tubers,Millet,KG,UGX,Retail,1573.98,0.4254,3.7943,32.9705
2018-05-01,Uganda,Kasese,cereals and tubers,Millet,KG,UGX,Retail,1699.96,0.4594,3.1584,32.3852
2018-06-01,Uganda,Kasese,cereals and tubers,Millet,KG,UGX,Retail,1954.73,0.5283,3.051,33.857
2018-07-01,Uganda,Kasese,cereals and tubers,Millet,KG,UGX,Retail,2345.97,0.634,2.6673,29.8168
2018-08-01,Uganda,Kasese,cereals and tubers,Millet,KG,UGX,Retail,2365.31,0.6393,2.3374,30.8453
2018-09-01,Uganda,Kasese,cereals and tubers,Millet,KG,UGX,Retail,2527.84,0.6832,3.8121,34.0645
2018-10-01,Uganda,Kasese,cereals and tubers,Millet,KG,UGX,Retail,2486.1,0.6719,1.7873,34.3898
2018-11-01,Uganda,Kasese,cereals and tubers,Millet,KG,UGX,Retail,2475.11,0.6689,-0.9967,32.1141
2018-12-01,Uganda,Kasese,cereals and tubers,Millet,KG,UGX,Retail,2074.69,0.5607,-1.0256,31.1789
2019-01-01,Uganda,Kasese,cereals and tubers,Millet,KG,UGX,Retail,2047.99,0.5535,3.0279,34.5274
2019-02-01,Uganda,Kasese,cereals and tubers,Millet,KG,UGX,Retail,1887.55,0.5101,0.9072,30.4276
2019-03-01,Uganda,Kasese,cereals and tubers,Millet,KG,UGX,Retail,2034.05,0.5497,-0.9158,34.8699
2019-04-01,Uganda,Kasese,cereals and tubers,Millet,KG,UGX,Retail,2174.33,0.5877,2.8129,31.3159
2019-05-01,Uganda,Kasese,cereals and tubers,Millet,KG,UGX,Retail,2471.32,0.6679,3.4744,34.6553
2019-06-01,Uganda,Kasese,cereals and tubers,Millet,KG,UGX,Retail,2982.69,0.8061,3.6942,30.9611
2019-07-01,Uganda,Kasese,cereals and tubers,Millet,KG,UGX,Retail,3180.65,0.8596,-1.4131,32.4902
2019-08-01,Uganda,Kasese,cereals and tubers,Millet,KG,UGX,Retail,3564.16,0.9633,3.282,34.1421
2019-09-01,Uganda,Kasese,cereals and tubers,Millet,KG,UGX,Retail,3425.11,0.9257,3.363,31.3477
2019-10-01,Uganda,Kasese,cereals and tubers,Millet,KG,UGX,Retail,3495.58,0.9448,-1.4916,30.8729
2019-11-01,Uganda,Kasese,cereals and tubers,Millet,KG,UGX,Retail,3497.5,0.9453,2.3471,30.3819
2019-12-01,Uganda,Kasese,cereals and tubers,Millet,KG,UGX,Retail,2907.66,0.7859,-0.7791,33.4039
2020-01-01,Uganda,Kasese,cereals and tubers,Millet,KG,UGX,Retail,2691.5,0.7274,0.2596,33.0581
2020-02-01,Uganda,Kasese,cereals and tubers,Millet,KG,UGX,Retail,2463.94,0.6659,4.1521,31.5292
2020-03-01,Uganda,Kasese,cereals and tubers,Millet,KG,UGX,Retail,2411.53,0.6518,1.9902,34.4949
2020-04-01,Uganda,Kasese,cereals and tubers,Millet,KG,UGX,Retail,2506.11,0.6773,-1.3109,30.0027
2020-05-01,Uganda,Kasese,cereals and tubers,Millet,KG,UGX,Retail,2636.5,0.7126,-0.7136,30.5536
2020-06-01,Uganda,Kasese,cereals and tubers,Millet,KG,UGX,Retail,3361.4,0.9085,3.9574,32.6624
2020-07-01,Uganda,Kasese,cereals and tubers,Millet,KG,UGX,Retail,3433.51,0.928,-0.4299,34.5365
2020-08-01,Uganda,Kasese,cereals and tubers,Millet,KG,UGX,Retail,3918.99,1.0592,0.1121,32.0501
2020-09-01,Uganda,Kasese,cereals and tubers,Millet,KG,UGX,Retail,3733.11,1.0089,2.2834,33.2655
2020-10-01,Uganda,Kasese,cereals and tubers,Millet,KG,UGX,Retail,3336.51,0.9018,-1.451,30.0013
2020-11-01,Uganda,Kasese,cereals and tubers,Millet,KG,UGX,Retail,3009.98,0.8135,3.6607,32.957
2020-12-01,Uganda,Kasese,cereals and tubers,Millet,KG,UGX,Retail,2700.19,0.7298,-0.9727,34.015
2021-01-01,Uganda,Kasese,cereals and tubers,Millet,KG,UGX,Retail,2411.73,0.6518,3.7861,30.4601
2021-02-01,Uganda,Kasese,cereals and tubers,Millet,KG,UGX,Retail,2292.49,0.6196,-0.8076,33.8965
2021-03-01,Uganda,Kasese,cereals and tubers,Millet,KG,UGX,Retail,2404.61,0.6499,2.4662,29.7637
2021-04-01,Uganda,Kasese,cereals and tubers,Millet,KG,UGX,Retail,2613.34,0.7063,-0.1919,34.1511
2021-05-01,Uganda,Kasese,cereals and tubers,Millet,KG,UGX,Retail,2957.32,0.7993,3.0036,30.3242
2021-06-01,Uganda,Kasese,cereals and tubers,Millet,KG,UGX,Retail,3424.7,0.9256,2.9418,31.6857
2021-07-01,Uganda,Kasese,cereals and tubers,Millet,KG,UGX,Retail,3580.67,0.9677,0.4638,31.2016
2021-08-01,Uganda,Kasese,cereals and tubers,Millet,KG,UGX,Retail,3847.29,1.0398,-1.246,29.8238
2021-09-01,Uganda,Kasese,cereals and tubers,Millet,KG,UGX,Retail,3997.63,1.0804,0.0787,30.5562
2021-10-01,Uganda,Kasese,cereals and tubers,Millet,KG,UGX,Retail,3956.55,1.0693,-1.3646,34.5909
2021-11-01,Uganda,Kasese,cereals and tubers,Millet,KG,UGX,Retail,3594.11,0.9714,0.7969,34.2382
2021-12-01,Uganda,Kasese,cereals and tubers,Millet,KG,UGX,Retail,3020.91,0.8165,1.7503,31.2903
2022-01-01,Uganda,Kasese,cereals and tubers,Millet,KG,UGX,Retail,2740.74,0.7407,-0.7037,32.4345
2022-02-01,Uganda,Kasese,cereals and tubers,Millet,KG,UGX,Retail,2499.63,0.6756,1.0373,32.9279
2022-03-01,Uganda,Kasese,cereals and tubers,Millet,KG,UGX,Retail,2469.05,0.6673,-0.2339,33.9916
2022-04-01,Uganda,Kasese,cereals and tubers,Millet,KG,UGX,Retail,2645.85,0.7151,-0.9553,31.3857
2022-05-01,Uganda,Kasese,cereals and tubers,Millet,KG,UGX,Retail,2714.79,0.7337,2.4546,32.7073
2022-06-01,Uganda,Kasese,cereals and tubers,Millet,KG,UGX,Retail,3317.16,0.8965,2.2631,33.9802
2022-07-01,Uganda,Kasese,cereals and tubers,Millet,KG,UGX,Retail,3600.7,0.9732,3.4263,32.9696
2022-08-01,Uganda,Kasese,cereals and tubers,Millet,KG,UGX,Retail,3892.78,1.0521,-1.2656,30.1687
2022-09-01,Uganda,Kasese,cereals and tubers,Millet,KG,UGX,Retail,3900.73,1.0543,4.0391,33.7011
2022-10-01,Uganda,Kasese,cereals and tubers,Millet,KG,UGX,Retail,3635.56,0.9826,2.2836,34.4788
2022-11-01,Uganda,Kasese,cereals and tubers,Millet,KG,UGX,Retail,3069.65,0.8296,-0.0273,32.2972
2022-12-01,Uganda,Kasese,cereals and tubers,Millet,KG,UGX,Retail,2790.54,0.7542,-0.5573,30.8008
2023-01-01,Uganda,Kasese,cereals and tubers,Millet,KG,UGX,Retail,2557.64,0.6913,-0.5102,30.7735
2023-02-01,Uganda,Kasese,cereals and tubers,Millet,KG,UGX,Retail,2380.99,0.6435,0.4565,34.0686
2023-03-01,Uganda,Kasese,cereals and tubers,Millet,KG,UGX,Retail,2345.6,0.6339,4.0963,33.7299
2023-04-01,Uganda,Kasese,cereals and tubers,Millet,KG,UGX,Retail,2464.81,0.6662,1.4977,33.0265
2023-05-01,Uganda,Kasese,cereals and tubers,Millet,KG,UGX,Retail,2894.61,0.7823,0.9626,33.654
2023-06-01,Uganda,Kasese,cereals and tubers,Millet,KG,UGX,Retail,3449.95,0.9324,-1.2917,34.3246
2023-07-01,Uganda,Kasese,cereals and tubers,Millet,KG,UGX,Retail,3667.14,0.9911,2.6099,30.6775
2023-08-01,Uganda,Kasese,cereals and tubers,Millet,KG,UGX,Retail,4269.26,1.1539,0.1732,32.2478
2023-09-01,Uganda,Kasese,cereals and tubers,Millet,KG,UGX,Retail,4671.08,1.2625,3.4905,30.799
2023-10-01,Uganda,Kasese,cereals and tubers,Millet,KG,UGX,Retail,4278.55,1.1564,3.2704,30.084
2023-11-01,Uganda,Kasese,cereals and tubers,Millet,KG,UGX,Retail,3741.71,1.0113,1.2336,33.8668
2023-12-01,Uganda,Kasese,cereals and tubers,Millet,KG,UGX,Retail,3224.25,0.8714,-1.1042,34.8265
2024-01-01,Uganda,Kasese,cereals and tubers,Millet,KG,UGX,Retail,3098.43,0.8374,2.2158,33.2821
2024-02-01,Uganda,Kasese,cereals and tubers,Millet,KG,UGX,Retail,3025.23,0.8176,2.17,33.8574
2024-03-01,Uganda,Kasese,cereals and tubers,Millet,KG,UGX,Retail,3333.25,0.9009,-0.2004,34.0957
2024-04-01,Uganda,Kasese,cereals and tubers,Millet,KG,UGX,Retail,3749.11,1.0133,0.1505,32.9657
2024-05-01,Uganda,Kasese,cereals and tubers,Millet,KG,UGX,Retail,3896.58,1.0531,0.041,33.748
2024-06-01,Uganda,Kasese,cereals and tubers,Millet,KG,UGX,Retail,4295.43,1.1609,2.0622,34.9942
2024-07-01,Uganda,Kasese,cereals and tubers,Millet,KG,UGX,Retail,4147.08,1.1208,3.4913,33.2739
2024-08-01,Uganda,Kasese,cereals and tubers,Millet,KG,UGX,Retail,4255.93,1.1503,2.3601,31.3344
2024-09-01,Uganda,Kasese,cereals and tubers,Millet,KG,UGX,Retail,4073.36,1.1009,1.5762,32.5361
2024-10-01,Uganda,Kasese,cereals and tubers,Millet,KG,UGX,Retail,3772.12,1.0195,0.511,31.3839
2024-11-01,Uganda,Kasese,cereals and tubers,Millet,KG,UGX,Retail,3142.16,0.8492,0.9997,30.2358
2024-12-01,Uganda,Kasese,cereals and tubers,Millet,KG,UGX,Retail,2832.07,0.7654,-1.1028,34.1221
2025-01-01,Uganda,Kasese,cereals and tubers,Millet,KG,UGX,Retail,2605.0,0.7041,2.6055,34.5733
2025-02-01,Uganda,Kasese,cereals and tubers,Millet,KG,UGX,Retail,2577.71,0.6967,2.4962,30.4191
2025-03-01,Uganda,Kasese,cereals and tubers,Millet,KG,UGX,Retail,2661.96,0.7194,0.437,34.3832
2025-04-01,Uganda,Kasese,cereals and tubers,Millet,KG,UGX,Retail,2653.23,0.7171,0.29,33.2272
2025-05-01,Uganda,Kasese,cereals and tubers,Millet,KG,UGX,Retail,3181.12,0.8598,2.3657,32.9149
2025-06-01,Uganda,Kasese,cereals and tubers,Millet,KG,UGX,Retail,3600.78,0.9732,3.5069,30.9287
2025-07-01,Uganda,Kasese,cereals and tubers,Millet,KG,UGX,Retail,3825.08,1.0338,2.4302,31.1188
2025-08-01,Uganda,Kasese,cereals and tubers,Millet,KG,UGX,Retail,4283.11,1.1576,-1.1066,32.8269
2025-09-01,Uganda,Kasese,cereals and tubers,Millet,KG,UGX,Retail,4327.02,1.1695,-0.8284,30.3128
2025-10-01,Uganda,Kasese,cereals and tubers,Millet,KG,UGX,Retail,3937.79,1.0643,0.103,31.0954
2025-11-01,Uganda,Kasese,cereals and tubers,Millet,KG,UGX,Retail,3532.9,0.9548,0.8385,34.1611
2025-12-01,Uganda,Kasese,cereals and tubers,Millet,KG,UGX,Retail,3287.3,0.8885,2.0071,31.7486
2026-01-01,Uganda,Kasese,cereals and tubers,Millet,KG,UGX,Retail,2950.48,0.7974,1.1866,33.4906
2026-02-01,Uganda,Kasese,cereals and tubers,Millet,KG,UGX,Retail,2566.97,0.6938,-1.2596,32.4719
2026-03-01,Uganda,Kasese,cereals and tubers,Millet,KG,UGX,Retail,2571.17,0.6949,-1.0114,34.0775
2026-04-01,Uganda,Kasese,cereals and tubers,Millet,KG,UGX,Retail,2786.07,0.753,3.487,32.5841
2026-05-01,Uganda,Kasese,cereals and tubers,Millet,KG,UGX,Retail,3134.5,0.8472,2.7136,30.449
2026-06-01,Uganda,Kasese,cereals and tubers,Millet,KG,UGX,Retail,3349.18,0.9052,3.1067,32.7079
2026-07-01,Uganda,Kasese,cereals and tubers,Millet,KG,UGX,Retail,3690.44,0.9974,0.9928,32.4513
2018-01-01,Uganda,Soroti,cereals and tubers,Maize,KG,UGX,Retail,1060.69,0.2867,2.1134,31.7623
2018-02-01,Uganda,Soroti,cereals and tubers,Maize,KG,UGX,Retail,1006.45,0.272,2.8971,33.3602
2018-03-01,Uganda,Soroti,cereals and tubers,Maize,KG,UGX,Retail,1017.78,0.2751,1.1756,31.9369
2018-04-01,Uganda,Soroti,cereals and tubers,Maize,KG,UGX,Retail,1031.91,0.2789,3.1066,34.2768
2018-05-01,Uganda,Soroti,cereals and tubers,Maize,KG,UGX,Retail,1232.86,0.3332,2.7662,34.3002
2018-06-01,Uganda,Soroti,cereals and tubers,Maize,KG,UGX,Retail,1408.39,0.3806,-1.2724,30.1697
2018-07-01,Uganda,Soroti,cereals and tubers,Maize,KG,UGX,Retail,1627.62,0.4399,0.9034,30.6533
2018-08-01,Uganda,Soroti,cereals and tubers,Maize,KG,UGX,Retail,1712.77,0.4629,2.9775,34.2214
2018-09-01,Uganda,Soroti,cereals and tubers,Maize,KG,UGX,Retail,1721.88,0.4654,3.5474,32.8626
2018-10-01,Uganda,Soroti,cereals and tubers,Maize,KG,UGX,Retail,1534.71,0.4148,0.878,34.2034
2018-11-01,Uganda,Soroti,cereals and tubers,Maize,KG,UGX,Retail,1402.34,0.379,2.4125,31.9277
2018-12-01,Uganda,Soroti,cereals and tubers,Maize,KG,UGX,Retail,1267.59,0.3426,0.3535,30.3147
2019-01-01,Uganda,Soroti,cereals and tubers,Maize,KG,UGX,Retail,1091.14,0.2949,0.8622,29.8304
2019-02-01,Uganda,Soroti,cereals and tubers,Maize,KG,UGX,Retail,1027.16,0.2776,2.2048,34.1558
2019-03-01,Uganda,Soroti,cereals and tubers,Maize,KG,UGX,Retail,1010.03,0.273,-0.2235,31.1675
2019-04-01,Uganda,Soroti,cereals and tubers,Maize,KG,UGX,Retail,1124.72,0.304,-0.8052,33.3706
2019-05-01,Uganda,Soroti,cereals and tubers,Maize,KG,UGX,Retail,1356.77,0.3667,0.5131,29.6165
2019-06-01,Uganda,Soroti,cereals and tubers,Maize,KG,UGX,Retail,1656.78,0.4478,-0.7684,34.2421
2019-07-01,Uganda,Soroti,cereals and tubers,Maize,KG,UGX,Retail,1894.78,0.5121,-0.0729,29.6799
2019-08-01,Uganda,Soroti,cereals and tubers,Maize,KG,UGX,Retail,1828.61,0.4942,2.1562,33.0753
2019-09-01,Uganda,Soroti,cereals and tubers,Maize,KG,UGX,Retail,1859.56,0.5026,3.4479,30.3786
2019-10-01,Uganda,Soroti,cereals and tubers,Maize,KG,UGX,Retail,1809.12,0.489,3.1006,29.7951
2019-11-01,Uganda,Soroti,cereals and tubers,Maize,KG,UGX,Retail,1625.22,0.4392,1.6187,30.087
2019-12-01,Uganda,Soroti,cereals and tubers,Maize,KG,UGX,Retail,1416.68,0.3829,0.8009,30.449
2020-01-01,Uganda,Soroti,cereals and tubers,Maize,KG,UGX,Retail,1313.55,0.355,1.3218,33.055
2020-02-01,Uganda,Soroti,cereals and tubers,Maize,KG,UGX,Retail,1329.48,0.3593,0.8512,32.2589
2020-03-01,Uganda,Soroti,cereals and tubers,Maize,KG,UGX,Retail,1347.89,0.3643,0.7574,33.0682
2020-04-01,Uganda,Soroti,cereals and tubers,Maize,KG,UGX,Retail,1417.8,0.3832,2.0402,30.8207
2020-05-01,Uganda,Soroti,cereals and tubers,Maize,KG,UGX,Retail,1730.64,0.4677,1.868,33.5279
2020-06-01,Uganda,Soroti,cereals and tubers,Maize,KG,UGX,Retail,1934.76,0.5229,2.4547,29.6187
2020-07-01,Uganda,Soroti,cereals and tubers,Maize,KG,UGX,Retail,2175.42,0.588,1.9463,34.9362
2020-08-01,Uganda,Soroti,cereals and tubers,Maize,KG,UGX,Retail,2359.15,0.6376,0.9522,33.2512
2020-09-01,Uganda,Soroti,cereals and tubers,Maize,KG,UGX,Retail,2205.6,0.5961,0.4231,32.4811
2020-10-01,Uganda,Soroti,cereals and tubers,Maize,KG,UGX,Retail,2016.48,0.545,-0.9994,33.5583
2020-11-01,Uganda,Soroti,cereals and tubers,Maize,KG,UGX,Retail,1810.49,0.4893,2.8076,32.237
2020-12-01,Uganda,Soroti,cereals and tubers,Maize,KG,UGX,Retail,1529.08,0.4133,2.7158,33.7263
2021-01-01,Uganda,Soroti,cereals and tubers,Maize,KG,UGX,Retail,1411.65,0.3815,3.9787,31.7884
2021-02-01,Uganda,Soroti,cereals and tubers,Maize,KG,UGX,Retail,1382.11,0.3735,1.2907,30.8695
2021-03-01,Uganda,Soroti,cereals and tubers,Maize,KG,UGX,Retail,1387.54,0.375,1.1739,31.026
2021-04-01,Uganda,Soroti,cereals and tubers,Maize,KG,UGX,Retail,1486.14,0.4017,-0.5884,34.93
2021-05-01,Uganda,Soroti,cereals and tubers,Maize,KG,UGX,Retail,1627.96,0.44,-0.5108,33.7288
2021-06-01,Uganda,Soroti,cereals and tubers,Maize,KG,UGX,Retail,1809.8,0.4891,2.6185,32.7562
2021-07-01,Uganda,Soroti,cereals and tubers,Maize,KG,UGX,Retail,2122.31,0.5736,-0.3415,33.7512
2021-08-01,Uganda,Soroti,cereals and tubers,Maize,KG,UGX,Retail,2260.77,0.611,2.7971,29.6822
2021-09-01,Uganda,Soroti,cereals and tubers,Maize,KG,UGX,Retail,2214.44,0.5985,1.003,33.3458
2021-10-01,Uganda,Soroti,cereals and tubers,Maize,KG,UGX,Retail,2064.49,0.558,2.8863,34.9043
2021-11-01,Uganda,Soroti,cereals and tubers,Maize,KG,UGX,Retail,1870.03,0.5054,2.9699,32.8667
2021-12-01,Uganda,Soroti,cereals and tubers,Maize,KG,UGX,Retail,1630.12,0.4406,0.1778,33.5508
2022-01-01,Uganda,Soroti,cereals and tubers,Maize,KG,UGX,Retail,1434.44,0.3877,-1.2276,34.3194
2022-02-01,Uganda,Soroti,cereals and tubers,Maize,KG,UGX,Retail,1318.69,0.3564,2.8233,32.8574
2022-03-01,Uganda,Soroti,cereals and tubers,Maize,KG,UGX,Retail,1340.85,0.3624,2.8889,29.7736
2022-04-01,Uganda,Soroti,cereals and tubers,Maize,KG,UGX,Retail,1474.68,0.3986,2.0766,34.6975
2022-05-01,Uganda,Soroti,cereals and tubers,Maize,KG,UGX,Retail,1612.21,0.4357,4.0592,33.6785
2022-06-01,Uganda,Soroti,cereals and tubers,Maize,KG,UGX,Retail,1742.32,0.4709,0.9462,30.299
2022-07-01,Uganda,Soroti,cereals and tubers,Maize,KG,UGX,Retail,1827.05,0.4938,-1.2016,31.917
2022-08-01,Uganda,Soroti,cereals and tubers,Maize,KG,UGX,Retail,2049.82,0.554,3.9508,31.5616
2022-09-01,Uganda,Soroti,cereals and tubers,Maize,KG,UGX,Retail,2244.13,0.6065,0.6403,30.3409
2022-10-01,Uganda,Soroti,cereals and tubers,Maize,KG,UGX,Retail,2052.42,0.5547,2.9403,32.9545
2022-11-01,Uganda,Soroti,cereals and tubers,Maize,KG,UGX,Retail,1872.14,0.506,3.1773,29.6224
2022-12-01,Uganda,Soroti,cereals and tubers,Maize,KG,UGX,Retail,1581.55,0.4274,-1.1606,34.2995
2023-01-01,Uganda,Soroti,cereals and tubers,Maize,KG,UGX,Retail,1440.28,0.3893,3.1693,29.7058
2023-02-01,Uganda,Soroti,cereals and tubers,Maize,KG,UGX,Retail,1343.71,0.3632,3.2241,32.5431
2023-03-01,Uganda,Soroti,cereals and tubers,Maize,KG,UGX,Retail,1277.0,0.3451,1.183,30.0357
2023-04-01,Uganda,Soroti,cereals and tubers,Maize,KG,UGX,Retail,1345.31,0.3636,2.1715,31.7084
2023-05-01,Uganda,Soroti,cereals and tubers,Maize,KG,UGX,Retail,1543.49,0.4172,-1.4009,34.5794
2023-06-01,Uganda,Soroti,cereals and tubers,Maize,KG,UGX,Retail,1684.47,0.4553,2.1876,33.8085
2023-07-01,Uganda,Soroti,cereals and tubers,Maize,KG,UGX,Retail,1868.5,0.505,0.8547,32.989
2023-08-01,Uganda,Soroti,cereals and tubers,Maize,KG,UGX,Retail,1990.11,0.5379,1.6997,30.7102
2023-09-01,Uganda,Soroti,cereals and tubers,Maize,KG,UGX,Retail,1959.44,0.5296,1.4045,30.8627
2023-10-01,Uganda,Soroti,cereals and tubers,Maize,KG,UGX,Retail,1835.78,0.4962,-0.9852,31.9437
2023-11-01,Uganda,Soroti,cereals and tubers,Maize,KG,UGX,Retail,1836.04,0.4962,2.8768,33.3986
2023-12-01,Uganda,Soroti,cereals and tubers,Maize,KG,UGX,Retail,1688.69,0.4564,1.0472,29.6611
2024-01-01,Uganda,Soroti,cereals and tubers,Maize,KG,UGX,Retail,1633.03,0.4414,1.7889,29.6285
2024-02-01,Uganda,Soroti,cereals and tubers,Maize,KG,UGX,Retail,1563.23,0.4225,-1.4291,30.9672
2024-03-01,Uganda,Soroti,cereals and tubers,Maize,KG,UGX,Retail,1570.2,0.4244,0.879,32.1725
2024-04-01,Uganda,Soroti,cereals and tubers,Maize,KG,UGX,Retail,1584.27,0.4282,-0.3635,32.4272
2024-05-01,Uganda,Soroti,cereals and tubers,Maize,KG,UGX,Retail,1860.73,0.5029,0.1599,31.2879
2024-06-01,Uganda,Soroti,cereals and tubers,Maize,KG,UGX,Retail,2082.43,0.5628,-0.1676,31.424
2024-07-01,Uganda,Soroti,cereals and tubers,Maize,KG,UGX,Retail,2215.48,0.5988,0.7019,34.0185
2024-08-01,Uganda,Soroti,cereals and tubers,Maize,KG,UGX,Retail,2221.32,0.6004,0.7964,32.018
2024-09-01,Uganda,Soroti,cereals and tubers,Maize,KG,UGX,Retail,2118.03,0.5724,1.3676,34.9624
2024-10-01,Uganda,Soroti,cereals and tubers,Maize,KG,UGX,Retail,2015.07,0.5446,0.0061,30.8371
2024-11-01,Uganda,Soroti,cereals and tubers,Maize,KG,UGX,Retail,1774.49,0.4796,3.095,31.2571
2024-12-01,Uganda,Soroti,cereals and tubers,Maize,KG,UGX,Retail,1607.8,0.4345,1.5788,34.0604
2025-01-01,Uganda,Soroti,cereals and tubers,Maize,KG,UGX,Retail,1449.18,0.3917,-1.1366,31.4275
2025-02-01,Uganda,Soroti,cereals and tubers,Maize,KG,UGX,Retail,1358.29,0.3671,3.0807,33.4557
2025-03-01,Uganda,Soroti,cereals and tubers,Maize,KG,UGX,Retail,1395.28,0.3771,3.1077,31.9486
2025-04-01,Uganda,Soroti,cereals and tubers,Maize,KG,UGX,Retail,1518.44,0.4104,3.4621,32.4436
2025-05-01,Uganda,Soroti,cereals and tubers,Maize,KG,UGX,Retail,1719.61,0.4648,0.7349,32.7782
2025-06-01,Uganda,Soroti,cereals and tubers,Maize,KG,UGX,Retail,1842.01,0.4978,0.8346,30.396
2025-07-01,Uganda,Soroti,cereals and tubers,Maize,KG,UGX,Retail,2096.75,0.5667,0.0976,31.2293
2025-08-01,Uganda,Soroti,cereals and tubers,Maize,KG,UGX,Retail,2344.81,0.6337,0.9631,32.7113
2025-09-01,Uganda,Soroti,cereals and tubers,Maize,KG,UGX,Retail,2500.21,0.6757,2.3514,31.8879
2025-10-01,Uganda,Soroti,cereals and tubers,Maize,KG,UGX,Retail,2636.43,0.7125,-0.7002,32.4161
2025-11-01,Uganda,Soroti,cereals and tubers,Maize,KG,UGX,Retail,2375.29,0.642,1.1246,34.6653
2025-12-01,Uganda,Soroti,cereals and tubers,Maize,KG,UGX,Retail,2049.51,0.5539,2.7004,33.4231
2026-01-01,Uganda,Soroti,cereals and tubers,Maize,KG,UGX,Retail,1898.52,0.5131,2.2783,29.7205
2026-02-01,Uganda,Soroti,cereals and tubers,Maize,KG,UGX,Retail,1579.72,0.427,1.3482,32.4306
2026-03-01,Uganda,Soroti,cereals and tubers,Maize,KG,UGX,Retail,1581.55,0.4274,-0.4262,34.5194
2026-04-01,Uganda,Soroti,cereals and tubers,Maize,KG,UGX,Retail,1642.43,0.4439,0.7451,30.6217
2026-05-01,Uganda,Soroti,cereals and tubers,Maize,KG,UGX,Retail,1820.31,0.492,2.722,34.5748
2026-06-01,Uganda,Soroti,cereals and tubers,Maize,KG,UGX,Retail,2071.93,0.56,0.0711,29.9832
2026-07-01,Uganda,Soroti,cereals and tubers,Maize,KG,UGX,Retail,2320.58,0.6272,2.0247,34.8602
2018-01-01,Uganda,Soroti,cereals and tubers,Beans,KG,UGX,Retail,3397.53,0.9183,0.7137,33.2031
2018-02-01,Uganda,Soroti,cereals and tubers,Beans,KG,UGX,Retail,3018.21,0.8157,2.2146,32.1013
2018-03-01,Uganda,Soroti,cereals and tubers,Beans,KG,UGX,Retail,3076.68,0.8315,1.2517,31.6603
2018-04-01,Uganda,Soroti,cereals and tubers,Beans,KG,UGX,Retail,3462.06,0.9357,-0.5217,32.2792
2018-05-01,Uganda,Soroti,cereals and tubers,Beans,KG,UGX,Retail,3481.34,0.9409,1.5312,30.8809
2018-06-01,Uganda,Soroti,cereals and tubers,Beans,KG,UGX,Retail,3735.05,1.0095,-0.1083,33.6564
2018-07-01,Uganda,Soroti,cereals and tubers,Beans,KG,UGX,Retail,3743.34,1.0117,3.3569,30.5751
2018-08-01,Uganda,Soroti,cereals and tubers,Beans,KG,UGX,Retail,4019.34,1.0863,4.004,32.7287
2018-09-01,Uganda,Soroti,cereals and tubers,Beans,KG,UGX,Retail,4069.17,1.0998,-1.4964,29.6367
2018-10-01,Uganda,Soroti,cereals and tubers,Beans,KG,UGX,Retail,3775.98,1.0205,1.5031,32.2184
2018-11-01,Uganda,Soroti,cereals and tubers,Beans,KG,UGX,Retail,3312.45,0.8953,2.8553,34.5936
2018-12-01,Uganda,Soroti,cereals and tubers,Beans,KG,UGX,Retail,2970.76,0.8029,1.046,32.6569
2019-01-01,Uganda,Soroti,cereals and tubers,Beans,KG,UGX,Retail,2436.47,0.6585,-0.2984,34.118
2019-02-01,Uganda,Soroti,cereals and tubers,Beans,KG,UGX,Retail,2261.28,0.6112,0.3563,32.0099
2019-03-01,Uganda,Soroti,cereals and tubers,Beans,KG,UGX,Retail,2109.89,0.5702,1.7082,31.5351
2019-04-01,Uganda,Soroti,cereals and tubers,Beans,KG,UGX,Retail,2250.43,0.6082,1.5117,31.8233
2019-05-01,Uganda,Soroti,cereals and tubers,Beans,KG,UGX,Retail,2613.16,0.7063,1.321,31.5248
2019-06-01,Uganda,Soroti,cereals and tubers,Beans,KG,UGX,Retail,2992.2,0.8087,3.1561,34.8847
2019-07-01,Uganda,Soroti,cereals and tubers,Beans,KG,UGX,Retail,3523.74,0.9524,2.309,31.1828
2019-08-01,Uganda,Soroti,cereals and tubers,Beans,KG,UGX,Retail,4087.15,1.1046,-0.0576,29.6782
2019-09-01,Uganda,Soroti,cereals and tubers,Beans,KG,UGX,Retail,4091.71,1.1059,0.627,33.2627
2019-10-01,Uganda,Soroti,cereals and tubers,Beans,KG,UGX,Retail,4285.96,1.1584,-0.5432,33.2386
2019-11-01,Uganda,Soroti,cereals and tubers,Beans,KG,UGX,Retail,3752.49,1.0142,-1.4661,34.839
2019-12-01,Uganda,Soroti,cereals and tubers,Beans,KG,UGX,Retail,3244.51,0.8769,0.448,33.0426
2020-01-01,Uganda,Soroti,cereals and tubers,Beans,KG,UGX,Retail,3210.13,0.8676,0.6729,33.5027
2020-02-01,Uganda,Soroti,cereals and tubers,Beans,KG,UGX,Retail,2898.16,0.7833,1.4548,34.3861
2020-03-01,Uganda,Soroti,cereals and tubers,Beans,KG,UGX,Retail,3153.72,0.8524,1.1777,30.891
2020-04-01,Uganda,Soroti,cereals and tubers,Beans,KG,UGX,Retail,3327.92,0.8994,4.0805,33.5637
2020-05-01,Uganda,Soroti,cereals and tubers,Beans,KG,UGX,Retail,3876.42,1.0477,0.7939,30.8205
2020-06-01,Uganda,Soroti,cereals and tubers,Beans,KG,UGX,Retail,4499.13,1.216,0.4975,34.5673
2020-07-01,Uganda,Soroti,cereals and tubers,Beans,KG,UGX,Retail,5389.23,1.4565,0.494,34.6318
2020-08-01,Uganda,Soroti,cereals and tubers,Beans,KG,UGX,Retail,5707.16,1.5425,0.1711,32.2086
2020-09-01,Uganda,Soroti,cereals and tubers,Beans,KG,UGX,Retail,5782.27,1.5628,2.3226,33.0413
2020-10-01,Uganda,Soroti,cereals and tubers,Beans,KG,UGX,Retail,5546.46,1.499,3.7496,32.3927
2020-11-01,Uganda,Soroti,cereals and tubers,Beans,KG,UGX,Retail,4840.58,1.3083,1.1945,33.536
2020-12-01,Uganda,Soroti,cereals and tubers,Beans,KG,UGX,Retail,4653.2,1.2576,0.2856,33.1982
2021-01-01,Uganda,Soroti,cereals and tubers,Beans,KG,UGX,Retail,4061.84,1.0978,3.9881,31.5016
2021-02-01,Uganda,Soroti,cereals and tubers,Beans,KG,UGX,Retail,3404.34,0.9201,1.6639,30.0188
2021-03-01,Uganda,Soroti,cereals and tubers,Beans,KG,UGX,Retail,3231.25,0.8733,-1.3338,33.8651
2021-04-01,Uganda,Soroti,cereals and tubers,Beans,KG,UGX,Retail,3196.49,0.8639,-1.2121,32.2984
2021-05-01,Uganda,Soroti,cereals and tubers,Beans,KG,UGX,Retail,3441.75,0.9302,0.1224,34.4832
2021-06-01,Uganda,Soroti,cereals and tubers,Beans,KG,UGX,Retail,3956.94,1.0694,-1.4624,32.4648
2021-07-01,Uganda,Soroti,cereals and tubers,Beans,KG,UGX,Retail,4137.75,1.1183,3.5116,33.2392
2021-08-01,Uganda,Soroti,cereals and tubers,Beans,KG,UGX,Retail,4641.91,1.2546,2.3377,33.2664
2021-09-01,Uganda,Soroti,cereals and tubers,Beans,KG,UGX,Retail,5072.03,1.3708,2.3184,34.1051
2021-10-01,Uganda,Soroti,cereals and tubers,Beans,KG,UGX,Retail,4713.55,1.2739,0.4989,32.121
2021-11-01,Uganda,Soroti,cereals and tubers,Beans,KG,UGX,Retail,4382.89,1.1846,0.3953,31.8435
2021-12-01,Uganda,Soroti,cereals and tubers,Beans,KG,UGX,Retail,3862.01,1.0438,-0.8665,34.085
2022-01-01,Uganda,Soroti,cereals and tubers,Beans,KG,UGX,Retail,3493.46,0.9442,0.424,34.7037
2022-02-01,Uganda,Soroti,cereals and tubers,Beans,KG,UGX,Retail,3425.41,0.9258,3.3833,29.7586
2022-03-01,Uganda,Soroti,cereals and tubers,Beans,KG,UGX,Retail,3324.19,0.8984,1.1068,33.4811
2022-04-01,Uganda,Soroti,cereals and tubers,Beans,KG,UGX,Retail,3568.35,0.9644,2.3668,33.743
2022-05-01,Uganda,Soroti,cereals and tubers,Beans,KG,UGX,Retail,4137.82,1.1183,1.6436,34.4818
2022-06-01,Uganda,Soroti,cereals and tubers,Beans,KG,UGX,Retail,4817.32,1.302,0.4262,33.9938
2022-07-01,Uganda,Soroti,cereals and tubers,Beans,KG,UGX,Retail,4922.61,1.3304,-0.5951,34.9588
2022-08-01,Uganda,Soroti,cereals and tubers,Beans,KG,UGX,Retail,4974.19,1.3444,1.1255,34.7356
2022-09-01,Uganda,Soroti,cereals and tubers,Beans,KG,UGX,Retail,5294.38,1.4309,-0.1493,30.0202
2022-10-01,Uganda,Soroti,cereals and tubers,Beans,KG,UGX,Retail,5093.85,1.3767,-0.3618,29.95
2022-11-01,Uganda,Soroti,cereals and tubers,Beans,KG,UGX,Retail,4460.88,1.2056,0.373,32.7287
2022-12-01,Uganda,Soroti,cereals and tubers,Beans,KG,UGX,Retail,3857.01,1.0424,1.3818,33.0119
2023-01-01,Uganda,Soroti,cereals and tubers,Beans,KG,UGX,Retail,3670.7,0.9921,0.4236,31.2792
2023-02-01,Uganda,Soroti,cereals and tubers,Beans,KG,UGX,Retail,3250.63,0.8785,-0.8406,32.2768
2023-03-01,Uganda,Soroti,cereals and tubers,Beans,KG,UGX,Retail,3254.44,0.8796,-0.2263,30.49
2023-04-01,Uganda,Soroti,cereals and tubers,Beans,KG,UGX,Retail,3545.03,0.9581,1.0634,32.584
2023-05-01,Uganda,Soroti,cereals and tubers,Beans,KG,UGX,Retail,4203.38,1.136,0.7594,31.2115
2023-06-01,Uganda,Soroti,cereals and tubers,Beans,KG,UGX,Retail,4755.55,1.2853,1.5485,31.5363
2023-07-01,Uganda,Soroti,cereals and tubers,Beans,KG,UGX,Retail,5352.06,1.4465,3.708,33.555
2023-08-01,Uganda,Soroti,cereals and tubers,Beans,KG,UGX,Retail,5982.01,1.6168,3.6625,30.5205
2023-09-01,Uganda,Soroti,cereals and tubers,Beans,KG,UGX,Retail,6375.48,1.7231,-0.5127,34.6384
2023-10-01,Uganda,Soroti,cereals and tubers,Beans,KG,UGX,Retail,6298.07,1.7022,2.9859,33.0724
2023-11-01,Uganda,Soroti,cereals and tubers,Beans,KG,UGX,Retail,5626.31,1.5206,0.5839,30.1018
2023-12-01,Uganda,Soroti,cereals and tubers,Beans,KG,UGX,Retail,5168.87,1.397,0.7503,32.4889
2024-01-01,Uganda,Soroti,cereals and tubers,Beans,KG,UGX,Retail,4948.98,1.3376,2.9228,33.3383
2024-02-01,Uganda,Soroti,cereals and tubers,Beans,KG,UGX,Retail,4744.14,1.2822,1.329,31.42
2024-03-01,Uganda,Soroti,cereals and tubers,Beans,KG,UGX,Retail,4944.45,1.3363,-1.1097,33.3083
2024-04-01,Uganda,Soroti,cereals and tubers,Beans,KG,UGX,Retail,5055.56,1.3664,-1.4919,29.7673
2024-05-01,Uganda,Soroti,cereals and tubers,Beans,KG,UGX,Retail,5827.86,1.5751,1.7501,33.2783
2024-06-01,Uganda,Soroti,cereals and tubers,Beans,KG,UGX,Retail,6764.45,1.8282,0.8292,32.7146
2024-07-01,Uganda,Soroti,cereals and tubers,Beans,KG,UGX,Retail,7235.44,1.9555,3.3165,34.0231
2024-08-01,Uganda,Soroti,cereals and tubers,Beans,KG,UGX,Retail,6889.36,1.862,3.3118,34.3511
2024-09-01,Uganda,Soroti,cereals and tubers,Beans,KG,UGX,Retail,6438.97,1.7403,1.8925,33.527
2024-10-01,Uganda,Soroti,cereals and tubers,Beans,KG,UGX,Retail,6208.19,1.6779,0.5546,34.5283
2024-11-01,Uganda,Soroti,cereals and tubers,Beans,KG,UGX,Retail,5513.48,1.4901,-1.2048,31.79
2024-12-01,Uganda,Soroti,cereals and tubers,Beans,KG,UGX,Retail,5035.31,1.3609,0.5308,32.5429
2025-01-01,Uganda,Soroti,cereals and tubers,Beans,KG,UGX,Retail,4534.29,1.2255,1.2957,29.699
2025-02-01,Uganda,Soroti,cereals and tubers,Beans,KG,UGX,Retail,4122.73,1.1143,-1.3349,31.7862
2025-03-01,Uganda,Soroti,cereals and tubers,Beans,KG,UGX,Retail,4210.11,1.1379,-0.7823,34.5506
2025-04-01,Uganda,Soroti,cereals and tubers,Beans,KG,UGX,Retail,4467.4,1.2074,-0.2597,31.7281
2025-05-01,Uganda,Soroti,cereals and tubers,Beans,KG,UGX,Retail,4735.78,1.2799,-1.3742,34.5457
2025-06-01,Uganda,Soroti,cereals and tubers,Beans,KG,UGX,Retail,5392.79,1.4575,2.944,32.9597
2025-07-01,Uganda,Soroti,cereals and tubers,Beans,KG,UGX,Retail,6105.85,1.6502,3.6067,29.9141
2025-08-01,Uganda,Soroti,cereals and tubers,Beans,KG,UGX,Retail,6775.17,1.8311,0.756,31.4419
2025-09-01,Uganda,Soroti,cereals and tubers,Beans,KG,UGX,Retail,6752.25,1.8249,0.0192,33.9063
2025-10-01,Uganda,Soroti,cereals and tubers,Beans,KG,UGX,Retail,6350.2,1.7163,3.0116,31.7242
2025-11-01,Uganda,Soroti,cereals and tubers,Beans,KG,UGX,Retail,5710.87,1.5435,3.3283,32.0125
2025-12-01,Uganda,Soroti,cereals and tubers,Beans,KG,UGX,Retail,5572.24,1.506,3.5072,29.7853
2026-01-01,Uganda,Soroti,cereals and tubers,Beans,KG,UGX,Retail,5057.4,1.3669,-0.8223,30.1293
2026-02-01,Uganda,Soroti,cereals and tubers,Beans,KG,UGX,Retail,4659.13,1.2592,3.0917,31.5695
2026-03-01,Uganda,Soroti,cereals and tubers,Beans,KG,UGX,Retail,4488.47,1.2131,3.7408,30.7924
2026-04-01,Uganda,Soroti,cereals and tubers,Beans,KG,UGX,Retail,4894.39,1.3228,3.1974,33.5026
2026-05-01,Uganda,Soroti,cereals and tubers,Beans,KG,UGX,Retail,5584.35,1.5093,1.291,30.4663
2026-06-01,Uganda,Soroti,cereals and tubers,Beans,KG,UGX,Retail,5934.44,1.6039,2.1911,31.0941
2026-07-01,Uganda,Soroti,cereals and tubers,Beans,KG,UGX,Retail,6516.46,1.7612,1.1995,33.4143
2018-01-01,Uganda,Soroti,cereals and tubers,Rice,KG,UGX,Retail,3813.92,1.0308,1.0693,31.1807
2018-02-01,Uganda,Soroti,cereals and tubers,Rice,KG,UGX,Retail,3534.0,0.9551,2.7519,33.0665
2018-03-01,Uganda,Soroti,cereals and tubers,Rice,KG,UGX,Retail,3584.94,0.9689,4.0125,33.9758
2018-04-01,Uganda,Soroti,cereals and tubers,Rice,KG,UGX,Retail,3826.8,1.0343,-0.5734,32.5379
2018-05-01,Uganda,Soroti,cereals and tubers,Rice,KG,UGX,Retail,4129.39,1.1161,3.9967,33.0453
2018-06-01,Uganda,Soroti,cereals and tubers,Rice,KG,UGX,Retail,4918.69,1.3294,1.0279,30.7986
2018-07-01,Uganda,Soroti,cereals and tubers,Rice,KG,UGX,Retail,5279.54,1.4269,-0.092,34.0917
2018-08-01,Uganda,Soroti,cereals and tubers,Rice,KG,UGX,Retail,5855.48,1.5826,3.6675,30.669
2018-09-01,Uganda,Soroti,cereals and tubers,Rice,KG,UGX,Retail,5884.2,1.5903,3.0912,31.6188
2018-10-01,Uganda,Soroti,cereals and tubers,Rice,KG,UGX,Retail,5554.81,1.5013,4.1204,33.7627
2018-11-01,Uganda,Soroti,cereals and tubers,Rice,KG,UGX,Retail,4456.59,1.2045,0.8197,32.764
2018-12-01,Uganda,Soroti,cereals and tubers,Rice,KG,UGX,Retail,3841.19,1.0382,1.0667,30.2896
2019-01-01,Uganda,Soroti,cereals and tubers,Rice,KG,UGX,Retail,3620.37,0.9785,0.7261,32.7419
2019-02-01,Uganda,Soroti,cereals and tubers,Rice,KG,UGX,Retail,3570.34,0.965,2.9088,30.6705
2019-03-01,Uganda,Soroti,cereals and tubers,Rice,KG,UGX,Retail,3562.77,0.9629,-1.2671,33.0009
2019-04-01,Uganda,Soroti,cereals and tubers,Rice,KG,UGX,Retail,3891.26,1.0517,3.8678,31.5169
2019-05-01,Uganda,Soroti,cereals and tubers,Rice,KG,UGX,Retail,4278.65,1.1564,-0.5709,34.9169
2019-06-01,Uganda,Soroti,cereals and tubers,Rice,KG,UGX,Retail,4553.46,1.2307,3.9583,32.2749
2019-07-01,Uganda,Soroti,cereals and tubers,Rice,KG,UGX,Retail,4836.18,1.3071,1.7672,31.6093
2019-08-01,Uganda,Soroti,cereals and tubers,Rice,KG,UGX,Retail,4873.6,1.3172,-1.0305,29.995
2019-09-01,Uganda,Soroti,cereals and tubers,Rice,KG,UGX,Retail,4893.84,1.3227,3.7793,33.5043
2019-10-01,Uganda,Soroti,cereals and tubers,Rice,KG,UGX,Retail,4610.34,1.246,-0.1645,33.5665
2019-11-01,Uganda,Soroti,cereals and tubers,Rice,KG,UGX,Retail,4104.63,1.1094,-1.1615,31.732
2019-12-01,Uganda,Soroti,cereals and tubers,Rice,KG,UGX,Retail,3651.36,0.9869,3.3661,34.1376
2020-01-01,Uganda,Soroti,cereals and tubers,Rice,KG,UGX,Retail,3322.71,0.898,1.988,31.5643
2020-02-01,Uganda,Soroti,cereals and tubers,Rice,KG,UGX,Retail,3178.16,0.859,2.2016,33.7046
2020-03-01,Uganda,Soroti,cereals and tubers,Rice,KG,UGX,Retail,3230.09,0.873,-0.6494,32.3679
2020-04-01,Uganda,Soroti,cereals and tubers,Rice,KG,UGX,Retail,3423.89,0.9254,-0.986,30.0377
2020-05-01,Uganda,Soroti,cereals and tubers,Rice,KG,UGX,Retail,3925.04,1.0608,0.4025,31.5315
2020-06-01,Uganda,Soroti,cereals and tubers,Rice,KG,UGX,Retail,4616.72,1.2478,0.3803,30.3581
2020-07-01,Uganda,Soroti,cereals and tubers,Rice,KG,UGX,Retail,5223.77,1.4118,3.4902,30.2708
2020-08-01,Uganda,Soroti,cereals and tubers,Rice,KG,UGX,Retail,5807.71,1.5697,-0.5419,34.7792
2020-09-01,Uganda,Soroti,cereals and tubers,Rice,KG,UGX,Retail,6017.48,1.6263,-0.9407,33.525
2020-10-01,Uganda,Soroti,cereals and tubers,Rice,KG,UGX,Retail,5409.78,1.4621,-0.1261,31.3359
2020-11-01,Uganda,Soroti,cereals and tubers,Rice,KG,UGX,Retail,4961.62,1.341,0.0259,31.16
2020-12-01,Uganda,Soroti,cereals and tubers,Rice,KG,UGX,Retail,4613.62,1.2469,2.7855,33.3402
2021-01-01,Uganda,Soroti,cereals and tubers,Rice,KG,UGX,Retail,4353.03,1.1765,1.4747,31.495
2021-02-01,Uganda,Soroti,cereals and tubers,Rice,KG,UGX,Retail,4206.6,1.1369,-0.8367,30.3618
2021-03-01,Uganda,Soroti,cereals and tubers,Rice,KG,UGX,Retail,4236.22,1.1449,2.6765,32.7943
2021-04-01,Uganda,Soroti,cereals and tubers,Rice,KG,UGX,Retail,4641.27,1.2544,1.2145,34.0688
2021-05-01,Uganda,Soroti,cereals and tubers,Rice,KG,UGX,Retail,4586.63,1.2396,0.6845,33.7049
2021-06-01,Uganda,Soroti,cereals and tubers,Rice,KG,UGX,Retail,5143.09,1.39,0.9803,30.8114
2021-07-01,Uganda,Soroti,cereals and tubers,Rice,KG,UGX,Retail,5606.01,1.5151,0.8251,34.3403
2021-08-01,Uganda,Soroti,cereals and tubers,Rice,KG,UGX,Retail,6092.82,1.6467,3.4107,29.6914
2021-09-01,Uganda,Soroti,cereals and tubers,Rice,KG,UGX,Retail,6325.5,1.7096,-0.0212,31.0797
2021-10-01,Uganda,Soroti,cereals and tubers,Rice,KG,UGX,Retail,5952.46,1.6088,0.7191,31.8178
2021-11-01,Uganda,Soroti,cereals and tubers,Rice,KG,UGX,Retail,5389.65,1.4567,0.2121,31.073
2021-12-01,Uganda,Soroti,cereals and tubers,Rice,KG,UGX,Retail,4500.27,1.2163,2.4131,29.6009
2022-01-01,Uganda,Soroti,cereals and tubers,Rice,KG,UGX,Retail,4333.77,1.1713,0.4321,32.7117
2022-02-01,Uganda,Soroti,cereals and tubers,Rice,KG,UGX,Retail,4130.97,1.1165,1.4118,33.0946
2022-03-01,Uganda,Soroti,cereals and tubers,Rice,KG,UGX,Retail,4131.56,1.1166,-1.3298,31.4875
2022-04-01,Uganda,Soroti,cereals and tubers,Rice,KG,UGX,Retail,4338.85,1.1727,3.2734,32.9309
2022-05-01,Uganda,Soroti,cereals and tubers,Rice,KG,UGX,Retail,4969.45,1.3431,0.384,34.233
2022-06-01,Uganda,Soroti,cereals and tubers,Rice,KG,UGX,Retail,5494.06,1.4849,0.1282,30.3141
2022-07-01,Uganda,Soroti,cereals and tubers,Rice,KG,UGX,Retail,6210.8,1.6786,1.7845,34.8026
2022-08-01,Uganda,Soroti,cereals and tubers,Rice,KG,UGX,Retail,6554.44,1.7715,0.4895,31.1701
2022-09-01,Uganda,Soroti,cereals and tubers,Rice,KG,UGX,Retail,7262.43,1.9628,0.3396,29.9952
2022-10-01,Uganda,Soroti,cereals and tubers,Rice,KG,UGX,Retail,6602.53,1.7845,-0.2524,34.0031
2022-11-01,Uganda,Soroti,cereals and tubers,Rice,KG,UGX,Retail,5481.15,1.4814,1.1156,33.2328
2022-12-01,Uganda,Soroti,cereals and tubers,Rice,KG,UGX,Retail,4830.18,1.3055,1.5283,34.1748
2023-01-01,Uganda,Soroti,cereals and tubers,Rice,KG,UGX,Retail,4211.69,1.1383,1.2496,34.1299
2023-02-01,Uganda,Soroti,cereals and tubers,Rice,KG,UGX,Retail,4060.69,1.0975,3.1796,31.8054
2023-03-01,Uganda,Soroti,cereals and tubers,Rice,KG,UGX,Retail,3822.8,1.0332,1.5019,31.2379
2023-04-01,Uganda,Soroti,cereals and tubers,Rice,KG,UGX,Retail,4191.54,1.1328,3.2268,31.2226
2023-05-01,Uganda,Soroti,cereals and tubers,Rice,KG,UGX,Retail,4624.58,1.2499,4.1511,31.2565
2023-06-01,Uganda,Soroti,cereals and tubers,Rice,KG,UGX,Retail,4631.67,1.2518,3.9559,30.5238
2023-07-01,Uganda,Soroti,cereals and tubers,Rice,KG,UGX,Retail,5093.0,1.3765,-1.2771,30.8721
2023-08-01,Uganda,Soroti,cereals and tubers,Rice,KG,UGX,Retail,5448.52,1.4726,0.1942,34.5642
2023-09-01,Uganda,Soroti,cereals and tubers,Rice,KG,UGX,Retail,5360.42,1.4488,-0.5103,33.335
2023-10-01,Uganda,Soroti,cereals and tubers,Rice,KG,UGX,Retail,4952.25,1.3384,0.7189,33.7749
2023-11-01,Uganda,Soroti,cereals and tubers,Rice,KG,UGX,Retail,4411.8,1.1924,3.1972,33.5063
2023-12-01,Uganda,Soroti,cereals and tubers,Rice,KG,UGX,Retail,3918.45,1.059,2.1335,34.6832
2024-01-01,Uganda,Soroti,cereals and tubers,Rice,KG,UGX,Retail,3565.73,0.9637,2.6754,33.518
2024-02-01,Uganda,Soroti,cereals and tubers,Rice,KG,UGX,Retail,3388.49,0.9158,3.7473,33.8076
2024-03-01,Uganda,Soroti,cereals and tubers,Rice,KG,UGX,Retail,3176.68,0.8586,0.5668,34.1428
2024-04-01,Uganda,Soroti,cereals and tubers,Rice,KG,UGX,Retail,3454.69,0.9337,3.9971,29.7293
2024-05-01,Uganda,Soroti,cereals and tubers,Rice,KG,UGX,Retail,3686.79,0.9964,-0.8602,33.4812
2024-06-01,Uganda,Soroti,cereals and tubers,Rice,KG,UGX,Retail,3951.5,1.068,3.4627,34.3126
2024-07-01,Uganda,Soroti,cereals and tubers,Rice,KG,UGX,Retail,4741.67,1.2815,3.1169,33.2781
2024-08-01,Uganda,Soroti,cereals and tubers,Rice,KG,UGX,Retail,5126.1,1.3854,0.4564,30.7356
2024-09-01,Uganda,Soroti,cereals and tubers,Rice,KG,UGX,Retail,4946.04,1.3368,1.4489,32.5162
2024-10-01,Uganda,Soroti,cereals and tubers,Rice,KG,UGX,Retail,4896.93,1.3235,3.9184,29.6739
2024-11-01,Uganda,Soroti,cereals and tubers,Rice,KG,UGX,Retail,4579.06,1.2376,3.0647,33.6973
2024-12-01,Uganda,Soroti,cereals and tubers,Rice,KG,UGX,Retail,4113.94,1.1119,-0.415,34.2595
2025-01-01,Uganda,Soroti,cereals and tubers,Rice,KG,UGX,Retail,3885.92,1.0502,3.2471,30.8733
2025-02-01,Uganda,Soroti,cereals and tubers,Rice,KG,UGX,Retail,3579.67,0.9675,0.871,33.0542
2025-03-01,Uganda,Soroti,cereals and tubers,Rice,KG,UGX,Retail,3594.55,0.9715,-0.5098,30.5398
2025-04-01,Uganda,Soroti,cereals and tubers,Rice,KG,UGX,Retail,3910.07,1.0568,-0.604,30.8969
2025-05-01,Uganda,Soroti,cereals and tubers,Rice,KG,UGX,Retail,4175.57,1.1285,0.5274,33.2459
2025-06-01,Uganda,Soroti,cereals and tubers,Rice,KG,UGX,Retail,4792.35,1.2952,0.4712,30.0527
2025-07-01,Uganda,Soroti,cereals and tubers,Rice,KG,UGX,Retail,5300.62,1.4326,0.7297,30.9577
2025-08-01,Uganda,Soroti,cereals and tubers,Rice,KG,UGX,Retail,5950.66,1.6083,4.0282,31.6123
2025-09-01,Uganda,Soroti,cereals and tubers,Rice,KG,UGX,Retail,6204.59,1.6769,-0.0569,30.1699
2025-10-01,Uganda,Soroti,cereals and tubers,Rice,KG,UGX,Retail,5798.86,1.5673,2.9106,32.5031
2025-11-01,Uganda,Soroti,cereals and tubers,Rice,KG,UGX,Retail,5419.19,1.4646,4.0159,32.3261
2025-12-01,Uganda,Soroti,cereals and tubers,Rice,KG,UGX,Retail,4921.81,1.3302,2.5955,30.7224
2026-01-01,Uganda,Soroti,cereals and tubers,Rice,KG,UGX,Retail,4564.05,1.2335,3.37,32.1762
2026-02-01,Uganda,Soroti,cereals and tubers,Rice,KG,UGX,Retail,4196.69,1.1342,1.7806,30.2855
2026-03-01,Uganda,Soroti,cereals and tubers,Rice,KG,UGX,Retail,4138.95,1.1186,1.3736,30.9724
2026-04-01,Uganda,Soroti,cereals and tubers,Rice,KG,UGX,Retail,4518.49,1.2212,1.8353,31.7667
2026-05-01,Uganda,Soroti,cereals and tubers,Rice,KG,UGX,Retail,5043.56,1.3631,4.1818,30.2036
2026-06-01,Uganda,Soroti,cereals and tubers,Rice,KG,UGX,Retail,5607.38,1.5155,3.4947,30.3034
2026-07-01,Uganda,Soroti,cereals and tubers,Rice,KG,UGX,Retail,6099.96,1.6486,2.3302,32.4521
2018-01-01,Uganda,Soroti,cereals and tubers,Cassava,KG,UGX,Retail,733.32,0.1982,0.549,34.0602
2018-02-01,Uganda,Soroti,cereals and tubers,Cassava,KG,UGX,Retail,717.53,0.1939,2.8807,34.0702
2018-03-01,Uganda,Soroti,cereals and tubers,Cassava,KG,UGX,Retail,769.23,0.2079,-1.1893,33.6103
2018-04-01,Uganda,Soroti,cereals and tubers,Cassava,KG,UGX,Retail,764.03,0.2065,-1.4254,34.4183
2018-05-01,Uganda,Soroti,cereals and tubers,Cassava,KG,UGX,Retail,851.02,0.23,3.9765,29.9822
2018-06-01,Uganda,Soroti,cereals and tubers,Cassava,KG,UGX,Retail,1042.97,0.2819,2.4344,30.3411
2018-07-01,Uganda,Soroti,cereals and tubers,Cassava,KG,UGX,Retail,1213.31,0.3279,-1.4363,34.063
2018-08-01,Uganda,Soroti,cereals and tubers,Cassava,KG,UGX,Retail,1263.79,0.3416,2.1057,32.7445
2018-09-01,Uganda,Soroti,cereals and tubers,Cassava,KG,UGX,Retail,1280.78,0.3462,0.6384,31.2176
2018-10-01,Uganda,Soroti,cereals and tubers,Cassava,KG,UGX,Retail,1169.28,0.316,2.9765,34.5828
2018-11-01,Uganda,Soroti,cereals and tubers,Cassava,KG,UGX,Retail,1135.54,0.3069,3.2254,34.8065
2018-12-01,Uganda,Soroti,cereals and tubers,Cassava,KG,UGX,Retail,1036.42,0.2801,3.6693,29.8326
2019-01-01,Uganda,Soroti,cereals and tubers,Cassava,KG,UGX,Retail,1011.19,0.2733,1.2951,32.0515
2019-02-01,Uganda,Soroti,cereals and tubers,Cassava,KG,UGX,Retail,998.76,0.2699,1.562,32.5072
2019-03-01,Uganda,Soroti,cereals and tubers,Cassava,KG,UGX,Retail,907.17,0.2452,0.4717,31.3077
2019-04-01,Uganda,Soroti,cereals and tubers,Cassava,KG,UGX,Retail,889.83,0.2405,2.1963,34.0812
2019-05-01,Uganda,Soroti,cereals and tubers,Cassava,KG,UGX,Retail,957.03,0.2587,-1.4636,34.6979
2019-06-01,Uganda,Soroti,cereals and tubers,Cassava,KG,UGX,Retail,1096.5,0.2964,2.3761,31.3379
2019-07-01,Uganda,Soroti,cereals and tubers,Cassava,KG,UGX,Retail,1167.86,0.3156,3.2768,31.8657
2019-08-01,Uganda,Soroti,cereals and tubers,Cassava,KG,UGX,Retail,1257.13,0.3398,2.8003,29.7091
2019-09-01,Uganda,Soroti,cereals and tubers,Cassava,KG,UGX,Retail,1287.69,0.348,1.567,31.9639
2019-10-01,Uganda,Soroti,cereals and tubers,Cassava,KG,UGX,Retail,1175.63,0.3177,0.6737,31.7092
2019-11-01,Uganda,Soroti,cereals and tubers,Cassava,KG,UGX,Retail,1180.4,0.319,3.5574,29.6934
2019-12-01,Uganda,Soroti,cereals and tubers,Cassava,KG,UGX,Retail,1072.22,0.2898,0.5419,31.5704
2020-01-01,Uganda,Soroti,cereals and tubers,Cassava,KG,UGX,Retail,1038.22,0.2806,0.7132,32.9299
2020-02-01,Uganda,Soroti,cereals and tubers,Cassava,KG,UGX,Retail,1001.8,0.2708,3.3233,32.383
2020-03-01,Uganda,Soroti,cereals and tubers,Cassava,KG,UGX,Retail,1082.34,0.2925,0.7369,33.7906
2020-04-01,Uganda,Soroti,cereals and tubers,Cassava,KG,UGX,Retail,1200.33,0.3244,-1.2399,32.52
2020-05-01,Uganda,Soroti,cereals and tubers,Cassava,KG,UGX,Retail,1264.3,0.3417,2.6537,30.1471
2020-06-01,Uganda,Soroti,cereals and tubers,Cassava,KG,UGX,Retail,1438.41,0.3888,2.3515,32.3043
2020-07-01,Uganda,Soroti,cereals and tubers,Cassava,KG,UGX,Retail,1487.9,0.4021,-0.0893,30.2656
2020-08-01,Uganda,Soroti,cereals and tubers,Cassava,KG,UGX,Retail,1610.58,0.4353,1.0322,30.1444
2020-09-01,Uganda,Soroti,cereals and tubers,Cassava,KG,UGX,Retail,1655.45,0.4474,-1.0897,34.5721
2020-10-01,Uganda,Soroti,cereals and tubers,Cassava,KG,UGX,Retail,1548.76,0.4186,2.4693,30.307
2020-11-01,Uganda,Soroti,cereals and tubers,Cassava,KG,UGX,Retail,1309.28,0.3539,0.516,32.4103
2020-12-01,Uganda,Soroti,cereals and tubers,Cassava,KG,UGX,Retail,1086.6,0.2937,0.3798,31.0724
2021-01-01,Uganda,Soroti,cereals and tubers,Cassava,KG,UGX,Retail,901.82,0.2437,0.0542,30.3448
2021-02-01,Uganda,Soroti,cereals and tubers,Cassava,KG,UGX,Retail,832.23,0.2249,0.2321,31.8774
2021-03-01,Uganda,Soroti,cereals and tubers,Cassava,KG,UGX,Retail,948.23,0.2563,1.9379,33.3708
2021-04-01,Uganda,Soroti,cereals and tubers,Cassava,KG,UGX,Retail,991.55,0.268,-1.2381,33.8704
2021-05-01,Uganda,Soroti,cereals and tubers,Cassava,KG,UGX,Retail,1045.07,0.2825,0.2993,32.0607
2021-06-01,Uganda,Soroti,cereals and tubers,Cassava,KG,UGX,Retail,1138.98,0.3078,-0.5676,34.473
2021-07-01,Uganda,Soroti,cereals and tubers,Cassava,KG,UGX,Retail,1182.86,0.3197,4.1012,31.1412
2021-08-01,Uganda,Soroti,cereals and tubers,Cassava,KG,UGX,Retail,1161.34,0.3139,0.647,34.1176
2021-09-01,Uganda,Soroti,cereals and tubers,Cassava,KG,UGX,Retail,1255.1,0.3392,3.462,33.6713
2021-10-01,Uganda,Soroti,cereals and tubers,Cassava,KG,UGX,Retail,1131.7,0.3059,-0.0751,31.0033
2021-11-01,Uganda,Soroti,cereals and tubers,Cassava,KG,UGX,Retail,983.33,0.2658,3.7747,30.3475
2021-12-01,Uganda,Soroti,cereals and tubers,Cassava,KG,UGX,Retail,936.54,0.2531,-0.8912,30.6872
2022-01-01,Uganda,Soroti,cereals and tubers,Cassava,KG,UGX,Retail,852.54,0.2304,3.2745,30.114
2022-02-01,Uganda,Soroti,cereals and tubers,Cassava,KG,UGX,Retail,809.24,0.2187,4.04,31.1214
2022-03-01,Uganda,Soroti,cereals and tubers,Cassava,KG,UGX,Retail,850.51,0.2299,1.5172,30.7107
2022-04-01,Uganda,Soroti,cereals and tubers,Cassava,KG,UGX,Retail,814.2,0.2201,1.806,30.2058
2022-05-01,Uganda,Soroti,cereals and tubers,Cassava,KG,UGX,Retail,897.0,0.2424,0.2225,30.4437
2022-06-01,Uganda,Soroti,cereals and tubers,Cassava,KG,UGX,Retail,940.05,0.2541,-0.9134,29.9224
2022-07-01,Uganda,Soroti,cereals and tubers,Cassava,KG,UGX,Retail,1073.76,0.2902,0.3198,31.9425
2022-08-01,Uganda,Soroti,cereals and tubers,Cassava,KG,UGX,Retail,1050.04,0.2838,0.5846,32.6204
2022-09-01,Uganda,Soroti,cereals and tubers,Cassava,KG,UGX,Retail,1061.48,0.2869,0.6939,34.7028
2022-10-01,Uganda,Soroti,cereals and tubers,Cassava,KG,UGX,Retail,1017.58,0.275,2.7226,31.2444
2022-11-01,Uganda,Soroti,cereals and tubers,Cassava,KG,UGX,Retail,1025.83,0.2773,3.3138,34.3528
2022-12-01,Uganda,Soroti,cereals and tubers,Cassava,KG,UGX,Retail,866.89,0.2343,1.1023,29.9951
2023-01-01,Uganda,Soroti,cereals and tubers,Cassava,KG,UGX,Retail,743.71,0.201,-1.4983,31.5397
2023-02-01,Uganda,Soroti,cereals and tubers,Cassava,KG,UGX,Retail,709.4,0.1917,0.9796,32.8267
2023-03-01,Uganda,Soroti,cereals and tubers,Cassava,KG,UGX,Retail,783.17,0.2117,1.6652,30.8213
2023-04-01,Uganda,Soroti,cereals and tubers,Cassava,KG,UGX,Retail,823.24,0.2225,4.0851,32.0009
2023-05-01,Uganda,Soroti,cereals and tubers,Cassava,KG,UGX,Retail,846.45,0.2288,2.0514,32.2019
2023-06-01,Uganda,Soroti,cereals and tubers,Cassava,KG,UGX,Retail,969.74,0.2621,3.6151,31.9809
2023-07-01,Uganda,Soroti,cereals and tubers,Cassava,KG,UGX,Retail,1072.09,0.2898,3.5305,33.8635
2023-08-01,Uganda,Soroti,cereals and tubers,Cassava,KG,UGX,Retail,1173.92,0.3173,-1.4989,34.368
2023-09-01,Uganda,Soroti,cereals and tubers,Cassava,KG,UGX,Retail,1095.62,0.2961,3.9614,31.1794
2023-10-01,Uganda,Soroti,cereals and tubers,Cassava,KG,UGX,Retail,1048.42,0.2834,3.0687,34.2296
2023-11-01,Uganda,Soroti,cereals and tubers,Cassava,KG,UGX,Retail,990.23,0.2676,-0.7116,33.2771
2023-12-01,Uganda,Soroti,cereals and tubers,Cassava,KG,UGX,Retail,811.79,0.2194,0.4019,30.7265
2024-01-01,Uganda,Soroti,cereals and tubers,Cassava,KG,UGX,Retail,728.84,0.197,-0.6909,31.8799
2024-02-01,Uganda,Soroti,cereals and tubers,Cassava,KG,UGX,Retail,638.82,0.1727,4.0392,33.2233
2024-03-01,Uganda,Soroti,cereals and tubers,Cassava,KG,UGX,Retail,618.03,0.167,-1.1542,31.3156
2024-04-01,Uganda,Soroti,cereals and tubers,Cassava,KG,UGX,Retail,666.98,0.1803,3.1688,31.6336
2024-05-01,Uganda,Soroti,cereals and tubers,Cassava,KG,UGX,Retail,700.17,0.1892,3.4589,29.6975
2024-06-01,Uganda,Soroti,cereals and tubers,Cassava,KG,UGX,Retail,788.29,0.2131,1.2061,29.9738
2024-07-01,Uganda,Soroti,cereals and tubers,Cassava,KG,UGX,Retail,920.45,0.2488,4.1161,34.1596
2024-08-01,Uganda,Soroti,cereals and tubers,Cassava,KG,UGX,Retail,988.42,0.2671,2.3235,29.8582
2024-09-01,Uganda,Soroti,cereals and tubers,Cassava,KG,UGX,Retail,882.78,0.2386,1.1858,30.1309
2024-10-01,Uganda,Soroti,cereals and tubers,Cassava,KG,UGX,Retail,876.62,0.2369,1.3612,29.674
2024-11-01,Uganda,Soroti,cereals and tubers,Cassava,KG,UGX,Retail,788.73,0.2132,0.4148,32.1045
2024-12-01,Uganda,Soroti,cereals and tubers,Cassava,KG,UGX,Retail,697.44,0.1885,1.723,30.6672
2025-01-01,Uganda,Soroti,cereals and tubers,Cassava,KG,UGX,Retail,595.26,0.1609,-0.1368,31.7747
2025-02-01,Uganda,Soroti,cereals and tubers,Cassava,KG,UGX,Retail,600.89,0.1624,2.2425,29.7652
2025-03-01,Uganda,Soroti,cereals and tubers,Cassava,KG,UGX,Retail,590.93,0.1597,3.1549,30.7147
2025-04-01,Uganda,Soroti,cereals and tubers,Cassava,KG,UGX,Retail,621.3,0.1679,1.0514,34.1896
2025-05-01,Uganda,Soroti,cereals and tubers,Cassava,KG,UGX,Retail,725.42,0.1961,3.8799,33.1231
2025-06-01,Uganda,Soroti,cereals and tubers,Cassava,KG,UGX,Retail,852.67,0.2305,0.1639,32.8212
2025-07-01,Uganda,Soroti,cereals and tubers,Cassava,KG,UGX,Retail,943.55,0.255,0.8726,31.1359
2025-08-01,Uganda,Soroti,cereals and tubers,Cassava,KG,UGX,Retail,956.23,0.2584,2.8548,34.6146
2025-09-01,Uganda,Soroti,cereals and tubers,Cassava,KG,UGX,Retail,1047.64,0.2831,3.5431,34.1681
2025-10-01,Uganda,Soroti,cereals and tubers,Cassava,KG,UGX,Retail,1049.12,0.2835,2.7207,31.0457
2025-11-01,Uganda,Soroti,cereals and tubers,Cassava,KG,UGX,Retail,943.86,0.2551,1.9174,33.5993
2025-12-01,Uganda,Soroti,cereals and tubers,Cassava,KG,UGX,Retail,792.61,0.2142,-0.6028,31.095
2026-01-01,Uganda,Soroti,cereals and tubers,Cassava,KG,UGX,Retail,703.27,0.1901,0.8748,34.3931
2026-02-01,Uganda,Soroti,cereals and tubers,Cassava,KG,UGX,Retail,672.43,0.1817,-1.0437,31.3572
2026-03-01,Uganda,Soroti,cereals and tubers,Cassava,KG,UGX,Retail,687.5,0.1858,0.8185,33.475
2026-04-01,Uganda,Soroti,cereals and tubers,Cassava,KG,UGX,Retail,797.41,0.2155,-0.3482,31.0363
2026-05-01,Uganda,Soroti,cereals and tubers,Cassava,KG,UGX,Retail,890.08,0.2406,0.0507,33.4002
2026-06-01,Uganda,Soroti,cereals and tubers,Cassava,KG,UGX,Retail,1052.73,0.2845,3.3729,29.78
2026-07-01,Uganda,Soroti,cereals and tubers,Cassava,KG,UGX,Retail,1282.45,0.3466,3.9962,29.7209
2018-01-01,Uganda,Soroti,cereals and tubers,Sorghum,KG,UGX,Retail,921.73,0.2491,-0.0513,34.8803
2018-02-01,Uganda,Soroti,cereals and tubers,Sorghum,KG,UGX,Retail,843.27,0.2279,0.0023,29.6444
2018-03-01,Uganda,Soroti,cereals and tubers,Sorghum,KG,UGX,Retail,882.68,0.2386,3.4066,32.9583
2018-04-01,Uganda,Soroti,cereals and tubers,Sorghum,KG,UGX,Retail,953.14,0.2576,-1.122,33.46
2018-05-01,Uganda,Soroti,cereals and tubers,Sorghum,KG,UGX,Retail,1025.5,0.2772,1.2002,32.7591
2018-06-01,Uganda,Soroti,cereals and tubers,Sorghum,KG,UGX,Retail,1201.49,0.3247,2.7646,33.2932
2018-07-01,Uganda,Soroti,cereals and tubers,Sorghum,KG,UGX,Retail,1373.49,0.3712,-1.3036,32.5089
2018-08-01,Uganda,Soroti,cereals and tubers,Sorghum,KG,UGX,Retail,1497.16,0.4046,2.5139,32.8826
2018-09-01,Uganda,Soroti,cereals and tubers,Sorghum,KG,UGX,Retail,1485.51,0.4015,-0.2401,30.0865
2018-10-01,Uganda,Soroti,cereals and tubers,Sorghum,KG,UGX,Retail,1332.71,0.3602,4.0335,32.4351
2018-11-01,Uganda,Soroti,cereals and tubers,Sorghum,KG,UGX,Retail,1226.69,0.3315,2.4478,30.4718
2018-12-01,Uganda,Soroti,cereals and tubers,Sorghum,KG,UGX,Retail,1057.24,0.2857,-0.3134,34.6373
2019-01-01,Uganda,Soroti,cereals and tubers,Sorghum,KG,UGX,Retail,954.55,0.258,0.6499,33.1605
2019-02-01,Uganda,Soroti,cereals and tubers,Sorghum,KG,UGX,Retail,891.08,0.2408,3.9787,31.3886
2019-03-01,Uganda,Soroti,cereals and tubers,Sorghum,KG,UGX,Retail,923.14,0.2495,1.8584,31.8381
2019-04-01,Uganda,Soroti,cereals and tubers,Sorghum,KG,UGX,Retail,1058.34,0.286,1.6525,30.3483
2019-05-01,Uganda,Soroti,cereals and tubers,Sorghum,KG,UGX,Retail,1166.75,0.3153,1.8031,32.6545
2019-06-01,Uganda,Soroti,cereals and tubers,Sorghum,KG,UGX,Retail,1266.07,0.3422,2.2248,31.5777
2019-07-01,Uganda,Soroti,cereals and tubers,Sorghum,KG,UGX,Retail,1369.29,0.3701,-0.0703,32.7058
2019-08-01,Uganda,Soroti,cereals and tubers,Sorghum,KG,UGX,Retail,1422.91,0.3846,-0.8136,33.8266
2019-09-01,Uganda,Soroti,cereals and tubers,Sorghum,KG,UGX,Retail,1347.52,0.3642,-0.5602,34.1846
2019-10-01,Uganda,Soroti,cereals and tubers,Sorghum,KG,UGX,Retail,1231.58,0.3329,2.8671,31.4919
2019-11-01,Uganda,Soroti,cereals and tubers,Sorghum,KG,UGX,Retail,1053.62,0.2848,3.8135,31.1266
2019-12-01,Uganda,Soroti,cereals and tubers,Sorghum,KG,UGX,Retail,961.01,0.2597,-0.526,34.4463
2020-01-01,Uganda,Soroti,cereals and tubers,Sorghum,KG,UGX,Retail,856.22,0.2314,1.3001,32.4867
2020-02-01,Uganda,Soroti,cereals and tubers,Sorghum,KG,UGX,Retail,797.17,0.2155,0.2184,32.4155
2020-03-01,Uganda,Soroti,cereals and tubers,Sorghum,KG,UGX,Retail,817.89,0.2211,-0.3523,32.8286
2020-04-01,Uganda,Soroti,cereals and tubers,Sorghum,KG,UGX,Retail,860.07,0.2325,-0.001,29.9738
2020-05-01,Uganda,Soroti,cereals and tubers,Sorghum,KG,UGX,Retail,913.62,0.2469,-0.3233,33.9114
2020-06-01,Uganda,Soroti,cereals and tubers,Sorghum,KG,UGX,Retail,1062.12,0.2871,0.8085,33.3385
2020-07-01,Uganda,Soroti,cereals and tubers,Sorghum,KG,UGX,Retail,1155.29,0.3122,0.2188,29.9605
2020-08-01,Uganda,Soroti,cereals and tubers,Sorghum,KG,UGX,Retail,1164.65,0.3148,3.3861,34.1676
2020-09-01,Uganda,Soroti,cereals and tubers,Sorghum,KG,UGX,Retail,1075.71,0.2907,-0.6584,32.443
2020-10-01,Uganda,Soroti,cereals and tubers,Sorghum,KG,UGX,Retail,1026.7,0.2775,0.3937,30.0456
2020-11-01,Uganda,Soroti,cereals and tubers,Sorghum,KG,UGX,Retail,942.08,0.2546,2.4363,34.8832
2020-12-01,Uganda,Soroti,cereals and tubers,Sorghum,KG,UGX,Retail,785.31,0.2122,3.713,32.0658
2021-01-01,Uganda,Soroti,cereals and tubers,Sorghum,KG,UGX,Retail,739.97,0.2,3.4231,32.6103
2021-02-01,Uganda,Soroti,cereals and tubers,Sorghum,KG,UGX,Retail,681.72,0.1842,0.0149,33.9357
2021-03-01,Uganda,Soroti,cereals and tubers,Sorghum,KG,UGX,Retail,697.66,0.1886,0.3757,32.7498
2021-04-01,Uganda,Soroti,cereals and tubers,Sorghum,KG,UGX,Retail,738.86,0.1997,-0.1262,34.0733
2021-05-01,Uganda,Soroti,cereals and tubers,Sorghum,KG,UGX,Retail,810.0,0.2189,0.0617,31.8096
2021-06-01,Uganda,Soroti,cereals and tubers,Sorghum,KG,UGX,Retail,927.14,0.2506,-0.4695,30.6002
2021-07-01,Uganda,Soroti,cereals and tubers,Sorghum,KG,UGX,Retail,935.19,0.2528,-1.1555,30.0046
2021-08-01,Uganda,Soroti,cereals and tubers,Sorghum,KG,UGX,Retail,991.23,0.2679,-0.6667,33.0581
2021-09-01,Uganda,Soroti,cereals and tubers,Sorghum,KG,UGX,Retail,955.12,0.2581,0.6534,33.4102
2021-10-01,Uganda,Soroti,cereals and tubers,Sorghum,KG,UGX,Retail,915.36,0.2474,-0.3084,34.9778
2021-11-01,Uganda,Soroti,cereals and tubers,Sorghum,KG,UGX,Retail,848.76,0.2294,2.2619,32.3867
2021-12-01,Uganda,Soroti,cereals and tubers,Sorghum,KG,UGX,Retail,813.42,0.2198,-0.6775,29.9638
2022-01-01,Uganda,Soroti,cereals and tubers,Sorghum,KG,UGX,Retail,706.76,0.191,-1.4767,32.6324
2022-02-01,Uganda,Soroti,cereals and tubers,Sorghum,KG,UGX,Retail,669.05,0.1808,0.485,33.1148
2022-03-01,Uganda,Soroti,cereals and tubers,Sorghum,KG,UGX,Retail,707.47,0.1912,1.6912,30.4497
2022-04-01,Uganda,Soroti,cereals and tubers,Sorghum,KG,UGX,Retail,768.88,0.2078,2.5472,29.7258
2022-05-01,Uganda,Soroti,cereals and tubers,Sorghum,KG,UGX,Retail,893.02,0.2414,1.4473,31.4574
2022-06-01,Uganda,Soroti,cereals and tubers,Sorghum,KG,UGX,Retail,1029.94,0.2784,3.054,31.6628
2022-07-01,Uganda,Soroti,cereals and tubers,Sorghum,KG,UGX,Retail,1187.41,0.3209,3.9836,30.304
2022-08-01,Uganda,Soroti,cereals and tubers,Sorghum,KG,UGX,Retail,1305.14,0.3527,-1.4205,31.5678
2022-09-01,Uganda,Soroti,cereals and tubers,Sorghum,KG,UGX,Retail,1304.77,0.3526,-1.3302,33.5641
2022-10-01,Uganda,Soroti,cereals and tubers,Sorghum,KG,UGX,Retail,1220.05,0.3297,1.5847,33.8786
2022-11-01,Uganda,Soroti,cereals and tubers,Sorghum,KG,UGX,Retail,1034.87,0.2797,1.097,31.415
2022-12-01,Uganda,Soroti,cereals and tubers,Sorghum,KG,UGX,Retail,911.82,0.2464,3.7042,32.7964
2023-01-01,Uganda,Soroti,cereals and tubers,Sorghum,KG,UGX,Retail,825.61,0.2231,1.0109,31.6126
2023-02-01,Uganda,Soroti,cereals and tubers,Sorghum,KG,UGX,Retail,794.27,0.2147,-0.5367,31.898
2023-03-01,Uganda,Soroti,cereals and tubers,Sorghum,KG,UGX,Retail,865.47,0.2339,-1.2467,32.5485
2023-04-01,Uganda,Soroti,cereals and tubers,Sorghum,KG,UGX,Retail,860.76,0.2326,0.9018,33.8348
2023-05-01,Uganda,Soroti,cereals and tubers,Sorghum,KG,UGX,Retail,928.69,0.251,-1.4919,33.7143
2023-06-01,Uganda,Soroti,cereals and tubers,Sorghum,KG,UGX,Retail,1019.04,0.2754,1.4458,34.4037
2023-07-01,Uganda,Soroti,cereals and tubers,Sorghum,KG,UGX,Retail,1165.98,0.3151,1.9166,31.1237
2023-08-01,Uganda,Soroti,cereals and tubers,Sorghum,KG,UGX,Retail,1263.77,0.3416,0.9931,31.1315
2023-09-01,Uganda,Soroti,cereals and tubers,Sorghum,KG,UGX,Retail,1271.57,0.3437,1.3098,31.2801
2023-10-01,Uganda,Soroti,cereals and tubers,Sorghum,KG,UGX,Retail,1156.34,0.3125,-1.4331,31.7696
2023-11-01,Uganda,Soroti,cereals and tubers,Sorghum,KG,UGX,Retail,1101.92,0.2978,1.1563,33.4714
2023-12-01,Uganda,Soroti,cereals and tubers,Sorghum,KG,UGX,Retail,921.35,0.249,-1.3412,31.7385
2024-01-01,Uganda,Soroti,cereals and tubers,Sorghum,KG,UGX,Retail,788.47,0.2131,2.0665,34.9114
2024-02-01,Uganda,Soroti,cereals and tubers,Sorghum,KG,UGX,Retail,707.24,0.1911,2.6282,30.0109
2024-03-01,Uganda,Soroti,cereals and tubers,Sorghum,KG,UGX,Retail,711.79,0.1924,1.8277,32.4209
2024-04-01,Uganda,Soroti,cereals and tubers,Sorghum,KG,UGX,Retail,761.14,0.2057,4.1638,30.7167
2024-05-01,Uganda,Soroti,cereals and tubers,Sorghum,KG,UGX,Retail,822.17,0.2222,3.441,34.126
2024-06-01,Uganda,Soroti,cereals and tubers,Sorghum,KG,UGX,Retail,943.1,0.2549,2.0362,34.9632
2024-07-01,Uganda,Soroti,cereals and tubers,Sorghum,KG,UGX,Retail,949.81,0.2567,-0.8371,30.3158
2024-08-01,Uganda,Soroti,cereals and tubers,Sorghum,KG,UGX,Retail,988.69,0.2672,3.0882,32.0454
2024-09-01,Uganda,Soroti,cereals and tubers,Sorghum,KG,UGX,Retail,927.82,0.2508,0.5407,33.4601
2024-10-01,Uganda,Soroti,cereals and tubers,Sorghum,KG,UGX,Retail,865.66,0.234,1.4647,30.5997
2024-11-01,Uganda,Soroti,cereals and tubers,Sorghum,KG,UGX,Retail,749.26,0.2025,0.9538,32.8646
2024-12-01,Uganda,Soroti,cereals and tubers,Sorghum,KG,UGX,Retail,754.08,0.2038,4.0617,34.4617
2025-01-01,Uganda,Soroti,cereals and tubers,Sorghum,KG,UGX,Retail,758.93,0.2051,-0.8093,29.9497
2025-02-01,Uganda,Soroti,cereals and tubers,Sorghum,KG,UGX,Retail,763.82,0.2064,-0.234,34.3989
2025-03-01,Uganda,Soroti,cereals and tubers,Sorghum,KG,UGX,Retail,768.73,0.2078,-0.1863,33.6971
2025-04-01,Uganda,Soroti,cereals and tubers,Sorghum,KG,UGX,Retail,846.84,0.2289,0.6518,34.3066
2025-05-01,Uganda,Soroti,cereals and tubers,Sorghum,KG,UGX,Retail,960.13,0.2595,4.0164,33.6063
2025-06-01,Uganda,Soroti,cereals and tubers,Sorghum,KG,UGX,Retail,1148.58,0.3104,-0.2061,34.9615
2025-07-01,Uganda,Soroti,cereals and tubers,Sorghum,KG,UGX,Retail,1290.02,0.3487,0.9988,31.0263
2025-08-01,Uganda,Soroti,cereals and tubers,Sorghum,KG,UGX,Retail,1488.44,0.4023,-0.8708,33.9689
2025-09-01,Uganda,Soroti,cereals and tubers,Sorghum,KG,UGX,Retail,1498.89,0.4051,0.8912,31.561
2025-10-01,Uganda,Soroti,cereals and tubers,Sorghum,KG,UGX,Retail,1315.84,0.3556,2.9454,34.4738
2025-11-01,Uganda,Soroti,cereals and tubers,Sorghum,KG,UGX,Retail,1093.94,0.2957,1.0394,34.1036
2025-12-01,Uganda,Soroti,cereals and tubers,Sorghum,KG,UGX,Retail,959.87,0.2594,2.1376,33.2426
2026-01-01,Uganda,Soroti,cereals and tubers,Sorghum,KG,UGX,Retail,881.81,0.2383,1.2705,33.34
2026-02-01,Uganda,Soroti,cereals and tubers,Sorghum,KG,UGX,Retail,824.92,0.223,2.7574,31.5122
2026-03-01,Uganda,Soroti,cereals and tubers,Sorghum,KG,UGX,Retail,852.62,0.2304,3.2744,29.7253
2026-04-01,Uganda,Soroti,cereals and tubers,Sorghum,KG,UGX,Retail,953.29,0.2576,1.6987,30.173
2026-05-01,Uganda,Soroti,cereals and tubers,Sorghum,KG,UGX,Retail,1121.39,0.3031,2.7698,29.7394
2026-06-01,Uganda,Soroti,cereals and tubers,Sorghum,KG,UGX,Retail,1331.24,0.3598,-1.3053,30.226
2026-07-01,Uganda,Soroti,cereals and tubers,Sorghum,KG,UGX,Retail,1494.18,0.4038,3.9992,32.5476
2018-01-01,Uganda,Soroti,cereals and tubers,Sweet Potato,KG,UGX,Retail,836.99,0.2262,0.8446,32.6714
2018-02-01,Uganda,Soroti,cereals and tubers,Sweet Potato,KG,UGX,Retail,744.4,0.2012,0.027,30.6654
2018-03-01,Uganda,Soroti,cereals and tubers,Sweet Potato,KG,UGX,Retail,663.44,0.1793,2.1757,34.0095
2018-04-01,Uganda,Soroti,cereals and tubers,Sweet Potato,KG,UGX,Retail,653.26,0.1766,2.4469,32.2135
2018-05-01,Uganda,Soroti,cereals and tubers,Sweet Potato,KG,UGX,Retail,684.22,0.1849,2.1221,30.8762
2018-06-01,Uganda,Soroti,cereals and tubers,Sweet Potato,KG,UGX,Retail,740.4,0.2001,0.4684,32.8653
2018-07-01,Uganda,Soroti,cereals and tubers,Sweet Potato,KG,UGX,Retail,870.52,0.2353,3.3641,30.2135
2018-08-01,Uganda,Soroti,cereals and tubers,Sweet Potato,KG,UGX,Retail,932.74,0.2521,-0.719,30.3805
2018-09-01,Uganda,Soroti,cereals and tubers,Sweet Potato,KG,UGX,Retail,891.75,0.241,-0.0345,32.9036
2018-10-01,Uganda,Soroti,cereals and tubers,Sweet Potato,KG,UGX,Retail,914.76,0.2472,3.8253,33.8233
2018-11-01,Uganda,Soroti,cereals and tubers,Sweet Potato,KG,UGX,Retail,771.62,0.2085,3.1366,30.8193
2018-12-01,Uganda,Soroti,cereals and tubers,Sweet Potato,KG,UGX,Retail,810.73,0.2191,2.784,33.3971
2019-01-01,Uganda,Soroti,cereals and tubers,Sweet Potato,KG,UGX,Retail,710.84,0.1921,3.2308,32.6035
2019-02-01,Uganda,Soroti,cereals and tubers,Sweet Potato,KG,UGX,Retail,701.5,0.1896,-0.6746,31.5208
2019-03-01,Uganda,Soroti,cereals and tubers,Sweet Potato,KG,UGX,Retail,720.85,0.1948,0.2559,31.9919
2019-04-01,Uganda,Soroti,cereals and tubers,Sweet Potato,KG,UGX,Retail,759.24,0.2052,1.5698,30.6131
2019-05-01,Uganda,Soroti,cereals and tubers,Sweet Potato,KG,UGX,Retail,864.62,0.2337,0.217,31.2363
2019-06-01,Uganda,Soroti,cereals and tubers,Sweet Potato,KG,UGX,Retail,965.4,0.2609,3.2576,31.1262
2019-07-01,Uganda,Soroti,cereals and tubers,Sweet Potato,KG,UGX,Retail,1049.21,0.2836,4.0487,31.3926
2019-08-01,Uganda,Soroti,cereals and tubers,Sweet Potato,KG,UGX,Retail,1000.18,0.2703,-0.4102,33.0962
2019-09-01,Uganda,Soroti,cereals and tubers,Sweet Potato,KG,UGX,Retail,1087.37,0.2939,3.1077,30.8404
2019-10-01,Uganda,Soroti,cereals and tubers,Sweet Potato,KG,UGX,Retail,1030.45,0.2785,-0.0041,34.6922
2019-11-01,Uganda,Soroti,cereals and tubers,Sweet Potato,KG,UGX,Retail,1042.64,0.2818,1.4048,31.4894
2019-12-01,Uganda,Soroti,cereals and tubers,Sweet Potato,KG,UGX,Retail,1065.27,0.2879,0.8268,31.4632
2020-01-01,Uganda,Soroti,cereals and tubers,Sweet Potato,KG,UGX,Retail,1061.68,0.2869,0.9252,31.9815
2020-02-01,Uganda,Soroti,cereals and tubers,Sweet Potato,KG,UGX,Retail,1007.81,0.2724,0.5302,33.6746
2020-03-01,Uganda,Soroti,cereals and tubers,Sweet Potato,KG,UGX,Retail,1013.01,0.2738,1.4025,30.7332
2020-04-01,Uganda,Soroti,cereals and tubers,Sweet Potato,KG,UGX,Retail,1114.77,0.3013,3.1129,34.2196
2020-05-01,Uganda,Soroti,cereals and tubers,Sweet Potato,KG,UGX,Retail,1288.04,0.3481,0.5522,31.5333
2020-06-01,Uganda,Soroti,cereals and tubers,Sweet Potato,KG,UGX,Retail,1433.09,0.3873,-0.4328,34.8851
2020-07-01,Uganda,Soroti,cereals and tubers,Sweet Potato,KG,UGX,Retail,1497.66,0.4048,4.0505,29.9714
2020-08-01,Uganda,Soroti,cereals and tubers,Sweet Potato,KG,UGX,Retail,1687.63,0.4561,-0.071,31.002
2020-09-01,Uganda,Soroti,cereals and tubers,Sweet Potato,KG,UGX,Retail,1560.18,0.4217,1.1126,30.2454
2020-10-01,Uganda,Soroti,cereals and tubers,Sweet Potato,KG,UGX,Retail,1342.91,0.3629,-0.1168,29.9918
2020-11-01,Uganda,Soroti,cereals and tubers,Sweet Potato,KG,UGX,Retail,1160.59,0.3137,1.1404,34.559
2020-12-01,Uganda,Soroti,cereals and tubers,Sweet Potato,KG,UGX,Retail,1022.01,0.2762,2.6335,31.0063
2021-01-01,Uganda,Soroti,cereals and tubers,Sweet Potato,KG,UGX,Retail,951.5,0.2572,2.5116,33.6385
2021-02-01,Uganda,Soroti,cereals and tubers,Sweet Potato,KG,UGX,Retail,965.94,0.2611,-0.3471,29.6341
2021-03-01,Uganda,Soroti,cereals and tubers,Sweet Potato,KG,UGX,Retail,1088.07,0.2941,1.9178,31.8817
2021-04-01,Uganda,Soroti,cereals and tubers,Sweet Potato,KG,UGX,Retail,1055.17,0.2852,2.843,29.9828
2021-05-01,Uganda,Soroti,cereals and tubers,Sweet Potato,KG,UGX,Retail,1178.88,0.3186,2.4239,30.8056
2021-06-01,Uganda,Soroti,cereals and tubers,Sweet Potato,KG,UGX,Retail,1140.93,0.3084,1.4651,32.7929
2021-07-01,Uganda,Soroti,cereals and tubers,Sweet Potato,KG,UGX,Retail,1242.23,0.3357,1.6146,29.9635
2021-08-01,Uganda,Soroti,cereals and tubers,Sweet Potato,KG,UGX,Retail,1235.38,0.3339,2.0815,31.399
2021-09-01,Uganda,Soroti,cereals and tubers,Sweet Potato,KG,UGX,Retail,1257.76,0.3399,-0.4175,30.3722
2021-10-01,Uganda,Soroti,cereals and tubers,Sweet Potato,KG,UGX,Retail,1164.14,0.3146,3.4937,33.277
2021-11-01,Uganda,Soroti,cereals and tubers,Sweet Potato,KG,UGX,Retail,1062.98,0.2873,0.2119,34.5604
2021-12-01,Uganda,Soroti,cereals and tubers,Sweet Potato,KG,UGX,Retail,954.58,0.258,0.7766,33.6647
2022-01-01,Uganda,Soroti,cereals and tubers,Sweet Potato,KG,UGX,Retail,895.79,0.2421,0.2861,31.3751
2022-02-01,Uganda,Soroti,cereals and tubers,Sweet Potato,KG,UGX,Retail,821.7,0.2221,0.8277,33.712
2022-03-01,Uganda,Soroti,cereals and tubers,Sweet Potato,KG,UGX,Retail,808.17,0.2184,-0.2924,31.5245
2022-04-01,Uganda,Soroti,cereals and tubers,Sweet Potato,KG,UGX,Retail,831.57,0.2247,-1.1954,31.4477
2022-05-01,Uganda,Soroti,cereals and tubers,Sweet Potato,KG,UGX,Retail,908.55,0.2456,3.1789,30.2328
2022-06-01,Uganda,Soroti,cereals and tubers,Sweet Potato,KG,UGX,Retail,1068.04,0.2887,2.9836,30.0833
2022-07-01,Uganda,Soroti,cereals and tubers,Sweet Potato,KG,UGX,Retail,1243.75,0.3361,0.6652,34.0372
2022-08-01,Uganda,Soroti,cereals and tubers,Sweet Potato,KG,UGX,Retail,1285.94,0.3476,-1.0188,30.8334
2022-09-01,Uganda,Soroti,cereals and tubers,Sweet Potato,KG,UGX,Retail,1279.12,0.3457,3.226,31.1433
2022-10-01,Uganda,Soroti,cereals and tubers,Sweet Potato,KG,UGX,Retail,1284.8,0.3472,-0.606,30.7945
2022-11-01,Uganda,Soroti,cereals and tubers,Sweet Potato,KG,UGX,Retail,1213.22,0.3279,3.5627,29.7079
2022-12-01,Uganda,Soroti,cereals and tubers,Sweet Potato,KG,UGX,Retail,1073.47,0.2901,-1.2639,34.0649
2023-01-01,Uganda,Soroti,cereals and tubers,Sweet Potato,KG,UGX,Retail,986.78,0.2667,-1.0599,33.9146
2023-02-01,Uganda,Soroti,cereals and tubers,Sweet Potato,KG,UGX,Retail,928.36,0.2509,3.5048,33.6622
2023-03-01,Uganda,Soroti,cereals and tubers,Sweet Potato,KG,UGX,Retail,1035.84,0.28,3.2417,30.9012
2023-04-01,Uganda,Soroti,cereals and tubers,Sweet Potato,KG,UGX,Retail,1074.73,0.2905,2.4708,31.3068
2023-05-01,Uganda,Soroti,cereals and tubers,Sweet Potato,KG,UGX,Retail,1152.18,0.3114,-0.1454,33.1799
2023-06-01,Uganda,Soroti,cereals and tubers,Sweet Potato,KG,UGX,Retail,1117.59,0.3021,-1.1855,34.826
2023-07-01,Uganda,Soroti,cereals and tubers,Sweet Potato,KG,UGX,Retail,1167.85,0.3156,0.2312,30.3
2023-08-01,Uganda,Soroti,cereals and tubers,Sweet Potato,KG,UGX,Retail,1086.29,0.2936,-0.2422,32.8695
2023-09-01,Uganda,Soroti,cereals and tubers,Sweet Potato,KG,UGX,Retail,1084.55,0.2931,0.0528,31.137
2023-10-01,Uganda,Soroti,cereals and tubers,Sweet Potato,KG,UGX,Retail,1048.58,0.2834,0.3231,32.8262
2023-11-01,Uganda,Soroti,cereals and tubers,Sweet Potato,KG,UGX,Retail,918.18,0.2482,3.9326,33.501
2023-12-01,Uganda,Soroti,cereals and tubers,Sweet Potato,KG,UGX,Retail,855.13,0.2311,1.5245,31.7138
2024-01-01,Uganda,Soroti,cereals and tubers,Sweet Potato,KG,UGX,Retail,769.45,0.208,1.6919,30.184
2024-02-01,Uganda,Soroti,cereals and tubers,Sweet Potato,KG,UGX,Retail,716.9,0.1938,-0.6468,30.5395
2024-03-01,Uganda,Soroti,cereals and tubers,Sweet Potato,KG,UGX,Retail,739.07,0.1997,4.1781,33.116
2024-04-01,Uganda,Soroti,cereals and tubers,Sweet Potato,KG,UGX,Retail,831.85,0.2248,1.7889,31.1299
2024-05-01,Uganda,Soroti,cereals and tubers,Sweet Potato,KG,UGX,Retail,1046.05,0.2827,-1.117,30.1531
2024-06-01,Uganda,Soroti,cereals and tubers,Sweet Potato,KG,UGX,Retail,1075.21,0.2906,2.2061,34.6164
2024-07-01,Uganda,Soroti,cereals and tubers,Sweet Potato,KG,UGX,Retail,1202.3,0.3249,2.8791,30.868
2024-08-01,Uganda,Soroti,cereals and tubers,Sweet Potato,KG,UGX,Retail,1195.16,0.323,3.6243,31.8208
2024-09-01,Uganda,Soroti,cereals and tubers,Sweet Potato,KG,UGX,Retail,1228.49,0.332,3.5575,34.3027
2024-10-01,Uganda,Soroti,cereals and tubers,Sweet Potato,KG,UGX,Retail,1168.26,0.3157,-0.5982,34.5606
2024-11-01,Uganda,Soroti,cereals and tubers,Sweet Potato,KG,UGX,Retail,1101.19,0.2976,1.2371,29.9524
2024-12-01,Uganda,Soroti,cereals and tubers,Sweet Potato,KG,UGX,Retail,994.38,0.2688,3.9345,32.1588
2025-01-01,Uganda,Soroti,cereals and tubers,Sweet Potato,KG,UGX,Retail,912.2,0.2465,-0.246,30.8802
2025-02-01,Uganda,Soroti,cereals and tubers,Sweet Potato,KG,UGX,Retail,799.05,0.216,3.4933,31.1583
2025-03-01,Uganda,Soroti,cereals and tubers,Sweet Potato,KG,UGX,Retail,680.28,0.1839,1.6386,29.816
2025-04-01,Uganda,Soroti,cereals and tubers,Sweet Potato,KG,UGX,Retail,723.1,0.1954,1.6708,29.6261
2025-05-01,Uganda,Soroti,cereals and tubers,Sweet Potato,KG,UGX,Retail,809.56,0.2188,-1.2095,33.4878
2025-06-01,Uganda,Soroti,cereals and tubers,Sweet Potato,KG,UGX,Retail,962.38,0.2601,3.2811,33.2363
2025-07-01,Uganda,Soroti,cereals and tubers,Sweet Potato,KG,UGX,Retail,1182.77,0.3197,0.2531,31.8929
2025-08-01,Uganda,Soroti,cereals and tubers,Sweet Potato,KG,UGX,Retail,1162.98,0.3143,2.5305,29.7333
2025-09-01,Uganda,Soroti,cereals and tubers,Sweet Potato,KG,UGX,Retail,1222.15,0.3303,1.3854,33.1105
2025-10-01,Uganda,Soroti,cereals and tubers,Sweet Potato,KG,UGX,Retail,1066.41,0.2882,1.0239,32.7718
2025-11-01,Uganda,Soroti,cereals and tubers,Sweet Potato,KG,UGX,Retail,1006.0,0.2719,2.3302,30.9739
2025-12-01,Uganda,Soroti,cereals and tubers,Sweet Potato,KG,UGX,Retail,915.56,0.2474,-1.1861,31.0704
2026-01-01,Uganda,Soroti,cereals and tubers,Sweet Potato,KG,UGX,Retail,897.61,0.2426,1.0481,33.0394
2026-02-01,Uganda,Soroti,cereals and tubers,Sweet Potato,KG,UGX,Retail,824.36,0.2228,3.1242,32.6644
2026-03-01,Uganda,Soroti,cereals and tubers,Sweet Potato,KG,UGX,Retail,904.74,0.2445,1.5576,33.5716
2026-04-01,Uganda,Soroti,cereals and tubers,Sweet Potato,KG,UGX,Retail,962.75,0.2602,1.0192,32.4571
2026-05-01,Uganda,Soroti,cereals and tubers,Sweet Potato,KG,UGX,Retail,1138.54,0.3077,0.2702,34.2128
2026-06-01,Uganda,Soroti,cereals and tubers,Sweet Potato,KG,UGX,Retail,1136.88,0.3073,-1.3129,33.6041
2026-07-01,Uganda,Soroti,cereals and tubers,Sweet Potato,KG,UGX,Retail,1160.41,0.3136,2.1636,32.1323
2018-01-01,Uganda,Soroti,cereals and tubers,Groundnuts,KG,UGX,Retail,4920.57,1.3299,0.6133,31.7918
2018-02-01,Uganda,Soroti,cereals and tubers,Groundnuts,KG,UGX,Retail,4853.65,1.3118,0.9534,32.5986
2018-03-01,Uganda,Soroti,cereals and tubers,Groundnuts,KG,UGX,Retail,5046.96,1.364,-0.1463,30.4022
2018-04-01,Uganda,Soroti,cereals and tubers,Groundnuts,KG,UGX,Retail,5675.69,1.534,1.3728,33.4513
2018-05-01,Uganda,Soroti,cereals and tubers,Groundnuts,KG,UGX,Retail,6695.0,1.8095,2.4254,34.9307
2018-06-01,Uganda,Soroti,cereals and tubers,Groundnuts,KG,UGX,Retail,7963.22,2.1522,-0.3093,31.2553
2018-07-01,Uganda,Soroti,cereals and tubers,Groundnuts,KG,UGX,Retail,9012.17,2.4357,-0.4369,30.6594
2018-08-01,Uganda,Soroti,cereals and tubers,Groundnuts,KG,UGX,Retail,9475.44,2.5609,0.31,33.091
2018-09-01,Uganda,Soroti,cereals and tubers,Groundnuts,KG,UGX,Retail,9646.73,2.6072,-0.7096,32.5525
2018-10-01,Uganda,Soroti,cereals and tubers,Groundnuts,KG,UGX,Retail,8804.19,2.3795,-0.2375,31.2691
2018-11-01,Uganda,Soroti,cereals and tubers,Groundnuts,KG,UGX,Retail,8079.52,2.1837,1.6628,33.0726
2018-12-01,Uganda,Soroti,cereals and tubers,Groundnuts,KG,UGX,Retail,7383.96,1.9957,-0.4328,33.6143
2019-01-01,Uganda,Soroti,cereals and tubers,Groundnuts,KG,UGX,Retail,6828.97,1.8457,-1.0456,31.4614
2019-02-01,Uganda,Soroti,cereals and tubers,Groundnuts,KG,UGX,Retail,6592.22,1.7817,-0.9859,31.1324
2019-03-01,Uganda,Soroti,cereals and tubers,Groundnuts,KG,UGX,Retail,6343.17,1.7144,3.631,34.4265
2019-04-01,Uganda,Soroti,cereals and tubers,Groundnuts,KG,UGX,Retail,6501.24,1.7571,2.6897,34.9978
2019-05-01,Uganda,Soroti,cereals and tubers,Groundnuts,KG,UGX,Retail,7469.29,2.0187,1.4778,33.1162
2019-06-01,Uganda,Soroti,cereals and tubers,Groundnuts,KG,UGX,Retail,8177.5,2.2101,3.043,29.9479
2019-07-01,Uganda,Soroti,cereals and tubers,Groundnuts,KG,UGX,Retail,8613.03,2.3278,-0.064,30.9765
2019-08-01,Uganda,Soroti,cereals and tubers,Groundnuts,KG,UGX,Retail,9006.53,2.4342,2.4689,30.4598
2019-09-01,Uganda,Soroti,cereals and tubers,Groundnuts,KG,UGX,Retail,8862.27,2.3952,2.5819,30.4208
2019-10-01,Uganda,Soroti,cereals and tubers,Groundnuts,KG,UGX,Retail,9270.72,2.5056,1.0994,32.7643
2019-11-01,Uganda,Soroti,cereals and tubers,Groundnuts,KG,UGX,Retail,8135.28,2.1987,3.9407,34.5007
2019-12-01,Uganda,Soroti,cereals and tubers,Groundnuts,KG,UGX,Retail,7542.68,2.0386,2.2797,33.8828
2020-01-01,Uganda,Soroti,cereals and tubers,Groundnuts,KG,UGX,Retail,7034.79,1.9013,1.7915,34.1925
2020-02-01,Uganda,Soroti,cereals and tubers,Groundnuts,KG,UGX,Retail,6616.01,1.7881,3.7656,29.8581
2020-03-01,Uganda,Soroti,cereals and tubers,Groundnuts,KG,UGX,Retail,6807.06,1.8397,4.0701,30.4421
2020-04-01,Uganda,Soroti,cereals and tubers,Groundnuts,KG,UGX,Retail,7228.68,1.9537,3.5915,30.4614
2020-05-01,Uganda,Soroti,cereals and tubers,Groundnuts,KG,UGX,Retail,8380.25,2.2649,3.0482,31.814
2020-06-01,Uganda,Soroti,cereals and tubers,Groundnuts,KG,UGX,Retail,10366.45,2.8017,1.692,34.8551
2020-07-01,Uganda,Soroti,cereals and tubers,Groundnuts,KG,UGX,Retail,11666.71,3.1532,3.9061,32.6464
2020-08-01,Uganda,Soroti,cereals and tubers,Groundnuts,KG,UGX,Retail,12588.99,3.4024,-0.8277,33.0641
2020-09-01,Uganda,Soroti,cereals and tubers,Groundnuts,KG,UGX,Retail,12859.81,3.4756,2.9852,29.6537
2020-10-01,Uganda,Soroti,cereals and tubers,Groundnuts,KG,UGX,Retail,11442.96,3.0927,-0.8425,30.4253
2020-11-01,Uganda,Soroti,cereals and tubers,Groundnuts,KG,UGX,Retail,9843.24,2.6603,3.9525,33.0241
2020-12-01,Uganda,Soroti,cereals and tubers,Groundnuts,KG,UGX,Retail,8569.4,2.3161,-0.1092,31.6459
2021-01-01,Uganda,Soroti,cereals and tubers,Groundnuts,KG,UGX,Retail,7726.18,2.0882,3.3334,30.6503
2021-02-01,Uganda,Soroti,cereals and tubers,Groundnuts,KG,UGX,Retail,7297.39,1.9723,2.6364,30.2849
2021-03-01,Uganda,Soroti,cereals and tubers,Groundnuts,KG,UGX,Retail,7484.42,2.0228,1.4384,30.0332
2021-04-01,Uganda,Soroti,cereals and tubers,Groundnuts,KG,UGX,Retail,7816.08,2.1125,1.2369,33.2094
2021-05-01,Uganda,Soroti,cereals and tubers,Groundnuts,KG,UGX,Retail,9304.63,2.5148,0.5328,33.1621
2021-06-01,Uganda,Soroti,cereals and tubers,Groundnuts,KG,UGX,Retail,10264.61,2.7742,-0.84,31.1312
2021-07-01,Uganda,Soroti,cereals and tubers,Groundnuts,KG,UGX,Retail,13206.74,3.5694,-1.2748,34.9319
2021-08-01,Uganda,Soroti,cereals and tubers,Groundnuts,KG,UGX,Retail,15183.18,4.1036,1.542,30.9765
2021-09-01,Uganda,Soroti,cereals and tubers,Groundnuts,KG,UGX,Retail,15349.7,4.1486,2.7791,33.5083
2021-10-01,Uganda,Soroti,cereals and tubers,Groundnuts,KG,UGX,Retail,13919.63,3.7621,-1.3797,30.3399
2021-11-01,Uganda,Soroti,cereals and tubers,Groundnuts,KG,UGX,Retail,11524.02,3.1146,0.3814,29.9444
2021-12-01,Uganda,Soroti,cereals and tubers,Groundnuts,KG,UGX,Retail,9898.91,2.6754,-1.0,34.1231
2022-01-01,Uganda,Soroti,cereals and tubers,Groundnuts,KG,UGX,Retail,8937.41,2.4155,2.1303,31.6822
2022-02-01,Uganda,Soroti,cereals and tubers,Groundnuts,KG,UGX,Retail,8488.38,2.2942,2.1001,33.8767
2022-03-01,Uganda,Soroti,cereals and tubers,Groundnuts,KG,UGX,Retail,8498.88,2.297,3.9626,31.1662
2022-04-01,Uganda,Soroti,cereals and tubers,Groundnuts,KG,UGX,Retail,10038.08,2.713,3.1059,34.4269
2022-05-01,Uganda,Soroti,cereals and tubers,Groundnuts,KG,UGX,Retail,11455.16,3.096,0.7516,33.3765
2022-06-01,Uganda,Soroti,cereals and tubers,Groundnuts,KG,UGX,Retail,13246.73,3.5802,2.2015,30.5948
2022-07-01,Uganda,Soroti,cereals and tubers,Groundnuts,KG,UGX,Retail,14007.55,3.7858,3.7454,33.9789
2022-08-01,Uganda,Soroti,cereals and tubers,Groundnuts,KG,UGX,Retail,15512.43,4.1925,-0.663,31.7523
2022-09-01,Uganda,Soroti,cereals and tubers,Groundnuts,KG,UGX,Retail,15425.77,4.1691,-1.1094,34.4952
2022-10-01,Uganda,Soroti,cereals and tubers,Groundnuts,KG,UGX,Retail,13988.89,3.7808,-0.9905,33.47
2022-11-01,Uganda,Soroti,cereals and tubers,Groundnuts,KG,UGX,Retail,12185.06,3.2933,0.7581,30.8436
2022-12-01,Uganda,Soroti,cereals and tubers,Groundnuts,KG,UGX,Retail,11069.73,2.9918,1.5412,33.4863
2023-01-01,Uganda,Soroti,cereals and tubers,Groundnuts,KG,UGX,Retail,10869.85,2.9378,3.1786,34.5539
2023-02-01,Uganda,Soroti,cereals and tubers,Groundnuts,KG,UGX,Retail,10465.36,2.8285,3.952,34.6168
2023-03-01,Uganda,Soroti,cereals and tubers,Groundnuts,KG,UGX,Retail,9798.36,2.6482,0.168,30.5414
2023-04-01,Uganda,Soroti,cereals and tubers,Groundnuts,KG,UGX,Retail,10791.25,2.9166,3.3195,34.0449
2023-05-01,Uganda,Soroti,cereals and tubers,Groundnuts,KG,UGX,Retail,12111.07,3.2733,3.2302,33.4187
2023-06-01,Uganda,Soroti,cereals and tubers,Groundnuts,KG,UGX,Retail,13753.74,3.7172,-1.2345,32.0866
2023-07-01,Uganda,Soroti,cereals and tubers,Groundnuts,KG,UGX,Retail,14821.27,4.0057,-0.9735,32.5214
2023-08-01,Uganda,Soroti,cereals and tubers,Groundnuts,KG,UGX,Retail,15208.65,4.1104,3.7054,32.0318
2023-09-01,Uganda,Soroti,cereals and tubers,Groundnuts,KG,UGX,Retail,16008.84,4.3267,-0.6576,34.177
2023-10-01,Uganda,Soroti,cereals and tubers,Groundnuts,KG,UGX,Retail,16142.29,4.3628,1.685,33.1018
2023-11-01,Uganda,Soroti,cereals and tubers,Groundnuts,KG,UGX,Retail,14172.31,3.8304,1.7102,33.6204
2023-12-01,Uganda,Soroti,cereals and tubers,Groundnuts,KG,UGX,Retail,12913.03,3.49,0.2451,34.5791
2024-01-01,Uganda,Soroti,cereals and tubers,Groundnuts,KG,UGX,Retail,12543.8,3.3902,0.0523,31.2817
2024-02-01,Uganda,Soroti,cereals and tubers,Groundnuts,KG,UGX,Retail,11543.67,3.1199,0.3065,34.1563
2024-03-01,Uganda,Soroti,cereals and tubers,Groundnuts,KG,UGX,Retail,11203.43,3.028,4.0156,30.0534
2024-04-01,Uganda,Soroti,cereals and tubers,Groundnuts,KG,UGX,Retail,11535.88,3.1178,-0.9527,32.0778
2024-05-01,Uganda,Soroti,cereals and tubers,Groundnuts,KG,UGX,Retail,12875.78,3.4799,2.3804,33.6254
2024-06-01,Uganda,Soroti,cereals and tubers,Groundnuts,KG,UGX,Retail,13207.94,3.5697,-0.3958,31.8654
2024-07-01,Uganda,Soroti,cereals and tubers,Groundnuts,KG,UGX,Retail,16617.46,4.4912,2.3568,32.3956
2024-08-01,Uganda,Soroti,cereals and tubers,Groundnuts,KG,UGX,Retail,16696.37,4.5125,4.0933,31.6418
2024-09-01,Uganda,Soroti,cereals and tubers,Groundnuts,KG,UGX,Retail,16724.48,4.5201,2.9299,30.4053
2024-10-01,Uganda,Soroti,cereals and tubers,Groundnuts,KG,UGX,Retail,15259.73,4.1243,1.2446,33.4295
2024-11-01,Uganda,Soroti,cereals and tubers,Groundnuts,KG,UGX,Retail,13182.36,3.5628,3.55,33.7103
2024-12-01,Uganda,Soroti,cereals and tubers,Groundnuts,KG,UGX,Retail,12066.79,3.2613,0.3292,34.8549
2025-01-01,Uganda,Soroti,cereals and tubers,Groundnuts,KG,UGX,Retail,10582.71,2.8602,2.91,34.238
2025-02-01,Uganda,Soroti,cereals and tubers,Groundnuts,KG,UGX,Retail,9550.83,2.5813,0.4175,34.1141
2025-03-01,Uganda,Soroti,cereals and tubers,Groundnuts,KG,UGX,Retail,9753.77,2.6362,2.8097,32.2045
2025-04-01,Uganda,Soroti,cereals and tubers,Groundnuts,KG,UGX,Retail,10398.68,2.8105,1.4927,31.7454
2025-05-01,Uganda,Soroti,cereals and tubers,Groundnuts,KG,UGX,Retail,11636.11,3.1449,1.7334,31.7172
2025-06-01,Uganda,Soroti,cereals and tubers,Groundnuts,KG,UGX,Retail,11802.63,3.1899,3.8213,32.9116
2025-07-01,Uganda,Soroti,cereals and tubers,Groundnuts,KG,UGX,Retail,13575.11,3.6689,1.3504,32.1146
2025-08-01,Uganda,Soroti,cereals and tubers,Groundnuts,KG,UGX,Retail,13829.83,3.7378,2.6969,31.0487
2025-09-01,Uganda,Soroti,cereals and tubers,Groundnuts,KG,UGX,Retail,12938.81,3.497,1.014,32.1211
2025-10-01,Uganda,Soroti,cereals and tubers,Groundnuts,KG,UGX,Retail,12878.75,3.4807,2.3948,30.3722
2025-11-01,Uganda,Soroti,cereals and tubers,Groundnuts,KG,UGX,Retail,11805.0,3.1905,2.9052,34.5018
2025-12-01,Uganda,Soroti,cereals and tubers,Groundnuts,KG,UGX,Retail,10603.31,2.8658,-1.0818,34.6427
2026-01-01,Uganda,Soroti,cereals and tubers,Groundnuts,KG,UGX,Retail,9719.76,2.627,4.0819,34.0724
2026-02-01,Uganda,Soroti,cereals and tubers,Groundnuts,KG,UGX,Retail,9441.94,2.5519,-0.9156,34.8774
2026-03-01,Uganda,Soroti,cereals and tubers,Groundnuts,KG,UGX,Retail,9478.75,2.5618,1.5704,30.8757
2026-04-01,Uganda,Soroti,cereals and tubers,Groundnuts,KG,UGX,Retail,9324.84,2.5202,3.2882,33.1473
2026-05-01,Uganda,Soroti,cereals and tubers,Groundnuts,KG,UGX,Retail,10152.23,2.7438,1.8926,33.1695
2026-06-01,Uganda,Soroti,cereals and tubers,Groundnuts,KG,UGX,Retail,11636.61,3.145,2.8441,32.9852
2026-07-01,Uganda,Soroti,cereals and tubers,Groundnuts,KG,UGX,Retail,12985.7,3.5096,3.9182,32.0061
2018-01-01,Uganda,Soroti,cereals and tubers,Millet,KG,UGX,Retail,1407.17,0.3803,-1.0087,31.6219
2018-02-01,Uganda,Soroti,cereals and tubers,Millet,KG,UGX,Retail,1292.59,0.3493,0.1983,33.8833
2018-03-01,Uganda,Soroti,cereals and tubers,Millet,KG,UGX,Retail,1288.89,0.3483,-0.7416,33.4236
2018-04-01,Uganda,Soroti,cereals and tubers,Millet,KG,UGX,Retail,1268.2,0.3428,1.4313,34.9771
2018-05-01,Uganda,Soroti,cereals and tubers,Millet,KG,UGX,Retail,1383.1,0.3738,-1.1668,29.7556
2018-06-01,Uganda,Soroti,cereals and tubers,Millet,KG,UGX,Retail,1481.71,0.4005,1.3381,30.0224
2018-07-01,Uganda,Soroti,cereals and tubers,Millet,KG,UGX,Retail,1738.81,0.4699,3.635,33.9031
2018-08-01,Uganda,Soroti,cereals and tubers,Millet,KG,UGX,Retail,1775.66,0.4799,2.2719,33.5436
2018-09-01,Uganda,Soroti,cereals and tubers,Millet,KG,UGX,Retail,1917.83,0.5183,0.7903,31.2559
2018-10-01,Uganda,Soroti,cereals and tubers,Millet,KG,UGX,Retail,1644.67,0.4445,1.7043,32.1516
2018-11-01,Uganda,Soroti,cereals and tubers,Millet,KG,UGX,Retail,1562.76,0.4224,0.0291,33.8509
2018-12-01,Uganda,Soroti,cereals and tubers,Millet,KG,UGX,Retail,1388.68,0.3753,0.9266,30.4711
2019-01-01,Uganda,Soroti,cereals and tubers,Millet,KG,UGX,Retail,1238.99,0.3349,2.8112,29.96
2019-02-01,Uganda,Soroti,cereals and tubers,Millet,KG,UGX,Retail,1198.74,0.324,4.0908,32.1698
2019-03-01,Uganda,Soroti,cereals and tubers,Millet,KG,UGX,Retail,1093.78,0.2956,2.1525,30.6591
2019-04-01,Uganda,Soroti,cereals and tubers,Millet,KG,UGX,Retail,1245.29,0.3366,0.784,30.8457
2019-05-01,Uganda,Soroti,cereals and tubers,Millet,KG,UGX,Retail,1213.8,0.3281,1.9649,30.1858
2019-06-01,Uganda,Soroti,cereals and tubers,Millet,KG,UGX,Retail,1371.81,0.3708,1.7678,32.0264
2019-07-01,Uganda,Soroti,cereals and tubers,Millet,KG,UGX,Retail,1439.85,0.3891,-1.3463,33.4065
2019-08-01,Uganda,Soroti,cereals and tubers,Millet,KG,UGX,Retail,1472.46,0.398,1.4876,34.1405
2019-09-01,Uganda,Soroti,cereals and tubers,Millet,KG,UGX,Retail,1518.03,0.4103,-1.0501,31.6387
2019-10-01,Uganda,Soroti,cereals and tubers,Millet,KG,UGX,Retail,1498.17,0.4049,3.4336,31.4075
2019-11-01,Uganda,Soroti,cereals and tubers,Millet,KG,UGX,Retail,1380.03,0.373,3.5617,30.9552
2019-12-01,Uganda,Soroti,cereals and tubers,Millet,KG,UGX,Retail,1211.71,0.3275,0.3618,34.7379
2020-01-01,Uganda,Soroti,cereals and tubers,Millet,KG,UGX,Retail,1056.85,0.2856,2.6264,32.5703
2020-02-01,Uganda,Soroti,cereals and tubers,Millet,KG,UGX,Retail,952.74,0.2575,4.1661,33.886
2020-03-01,Uganda,Soroti,cereals and tubers,Millet,KG,UGX,Retail,906.97,0.2451,1.1733,34.2144
2020-04-01,Uganda,Soroti,cereals and tubers,Millet,KG,UGX,Retail,974.4,0.2634,3.5101,33.9166
2020-05-01,Uganda,Soroti,cereals and tubers,Millet,KG,UGX,Retail,1110.84,0.3002,-0.3881,31.3418
2020-06-01,Uganda,Soroti,cereals and tubers,Millet,KG,UGX,Retail,1210.97,0.3273,1.2421,29.8368
2020-07-01,Uganda,Soroti,cereals and tubers,Millet,KG,UGX,Retail,1230.46,0.3326,-1.2452,31.8102
2020-08-01,Uganda,Soroti,cereals and tubers,Millet,KG,UGX,Retail,1385.91,0.3746,1.3673,30.3511
2020-09-01,Uganda,Soroti,cereals and tubers,Millet,KG,UGX,Retail,1494.65,0.404,3.3414,33.3687
2020-10-01,Uganda,Soroti,cereals and tubers,Millet,KG,UGX,Retail,1366.55,0.3693,-0.0322,30.4679
2020-11-01,Uganda,Soroti,cereals and tubers,Millet,KG,UGX,Retail,1204.77,0.3256,2.6127,30.4754
2020-12-01,Uganda,Soroti,cereals and tubers,Millet,KG,UGX,Retail,1010.19,0.273,1.9106,33.9423
2021-01-01,Uganda,Soroti,cereals and tubers,Millet,KG,UGX,Retail,966.46,0.2612,2.6886,31.9957
2021-02-01,Uganda,Soroti,cereals and tubers,Millet,KG,UGX,Retail,907.81,0.2454,2.9094,30.886
2021-03-01,Uganda,Soroti,cereals and tubers,Millet,KG,UGX,Retail,918.47,0.2482,2.5829,33.6313
2021-04-01,Uganda,Soroti,cereals and tubers,Millet,KG,UGX,Retail,1057.46,0.2858,-0.9863,29.9934
2021-05-01,Uganda,Soroti,cereals and tubers,Millet,KG,UGX,Retail,1160.37,0.3136,-0.645,34.9956
2021-06-01,Uganda,Soroti,cereals and tubers,Millet,KG,UGX,Retail,1332.06,0.36,-1.3337,33.5153
2021-07-01,Uganda,Soroti,cereals and tubers,Millet,KG,UGX,Retail,1490.05,0.4027,0.4431,30.8977
2021-08-01,Uganda,Soroti,cereals and tubers,Millet,KG,UGX,Retail,1674.75,0.4526,3.5944,29.8182
2021-09-01,Uganda,Soroti,cereals and tubers,Millet,KG,UGX,Retail,1710.62,0.4623,1.0576,32.4178
2021-10-01,Uganda,Soroti,cereals and tubers,Millet,KG,UGX,Retail,1551.71,0.4194,3.2312,34.6435
2021-11-01,Uganda,Soroti,cereals and tubers,Millet,KG,UGX,Retail,1432.27,0.3871,3.3862,33.2523
2021-12-01,Uganda,Soroti,cereals and tubers,Millet,KG,UGX,Retail,1196.43,0.3234,3.1686,32.1544
2022-01-01,Uganda,Soroti,cereals and tubers,Millet,KG,UGX,Retail,1063.04,0.2873,0.0656,33.4458
2022-02-01,Uganda,Soroti,cereals and tubers,Millet,KG,UGX,Retail,1026.91,0.2775,-0.114,32.1916
2022-03-01,Uganda,Soroti,cereals and tubers,Millet,KG,UGX,Retail,1036.05,0.28,-0.1344,30.6362
2022-04-01,Uganda,Soroti,cereals and tubers,Millet,KG,UGX,Retail,1178.1,0.3184,1.8679,31.6379
2022-05-01,Uganda,Soroti,cereals and tubers,Millet,KG,UGX,Retail,1345.79,0.3637,3.2034,30.1988
2022-06-01,Uganda,Soroti,cereals and tubers,Millet,KG,UGX,Retail,1447.93,0.3913,0.242,32.5205
2022-07-01,Uganda,Soroti,cereals and tubers,Millet,KG,UGX,Retail,1490.68,0.4029,-1.4515,32.3733
2022-08-01,Uganda,Soroti,cereals and tubers,Millet,KG,UGX,Retail,1605.05,0.4338,1.5439,30.1931
2022-09-01,Uganda,Soroti,cereals and tubers,Millet,KG,UGX,Retail,1550.23,0.419,1.5989,30.7397
2022-10-01,Uganda,Soroti,cereals and tubers,Millet,KG,UGX,Retail,1424.77,0.3851,-1.2846,32.8012
2022-11-01,Uganda,Soroti,cereals and tubers,Millet,KG,UGX,Retail,1282.99,0.3468,-1.274,30.9484
2022-12-01,Uganda,Soroti,cereals and tubers,Millet,KG,UGX,Retail,1200.32,0.3244,2.6746,33.4112
2023-01-01,Uganda,Soroti,cereals and tubers,Millet,KG,UGX,Retail,1127.3,0.3047,-0.8775,34.3535
2023-02-01,Uganda,Soroti,cereals and tubers,Millet,KG,UGX,Retail,1106.67,0.2991,0.2309,33.2951
2023-03-01,Uganda,Soroti,cereals and tubers,Millet,KG,UGX,Retail,1134.05,0.3065,3.9016,29.7242
2023-04-01,Uganda,Soroti,cereals and tubers,Millet,KG,UGX,Retail,1067.62,0.2885,0.5572,30.4102
2023-05-01,Uganda,Soroti,cereals and tubers,Millet,KG,UGX,Retail,1184.1,0.32,4.0452,32.4565
2023-06-01,Uganda,Soroti,cereals and tubers,Millet,KG,UGX,Retail,1273.37,0.3442,3.8668,30.3752
2023-07-01,Uganda,Soroti,cereals and tubers,Millet,KG,UGX,Retail,1374.94,0.3716,-1.2411,34.0622
2023-08-01,Uganda,Soroti,cereals and tubers,Millet,KG,UGX,Retail,1486.5,0.4018,-0.4798,34.6982
2023-09-01,Uganda,Soroti,cereals and tubers,Millet,KG,UGX,Retail,1460.34,0.3947,0.1269,32.7669
2023-10-01,Uganda,Soroti,cereals and tubers,Millet,KG,UGX,Retail,1305.93,0.353,1.3173,31.407
2023-11-01,Uganda,Soroti,cereals and tubers,Millet,KG,UGX,Retail,1008.45,0.2726,2.8252,31.4819
2023-12-01,Uganda,Soroti,cereals and tubers,Millet,KG,UGX,Retail,952.12,0.2573,0.5277,33.694
2024-01-01,Uganda,Soroti,cereals and tubers,Millet,KG,UGX,Retail,958.25,0.259,2.9776,34.8627
2024-02-01,Uganda,Soroti,cereals and tubers,Millet,KG,UGX,Retail,964.42,0.2607,4.0209,32.9847
2024-03-01,Uganda,Soroti,cereals and tubers,Millet,KG,UGX,Retail,1048.48,0.2834,1.9667,30.6683
2024-04-01,Uganda,Soroti,cereals and tubers,Millet,KG,UGX,Retail,1048.23,0.2833,0.2175,31.559
2024-05-01,Uganda,Soroti,cereals and tubers,Millet,KG,UGX,Retail,1240.36,0.3352,0.5695,29.617
2024-06-01,Uganda,Soroti,cereals and tubers,Millet,KG,UGX,Retail,1433.97,0.3876,1.8596,30.7381
2024-07-01,Uganda,Soroti,cereals and tubers,Millet,KG,UGX,Retail,1589.86,0.4297,-0.7924,34.4954
2024-08-01,Uganda,Soroti,cereals and tubers,Millet,KG,UGX,Retail,1528.56,0.4131,3.8617,31.0273
2024-09-01,Uganda,Soroti,cereals and tubers,Millet,KG,UGX,Retail,1568.47,0.4239,-1.4404,32.2097
2024-10-01,Uganda,Soroti,cereals and tubers,Millet,KG,UGX,Retail,1606.11,0.4341,0.4071,34.9576
2024-11-01,Uganda,Soroti,cereals and tubers,Millet,KG,UGX,Retail,1582.47,0.4277,-0.0421,33.6632
2024-12-01,Uganda,Soroti,cereals and tubers,Millet,KG,UGX,Retail,1397.8,0.3778,3.7778,31.9025
2025-01-01,Uganda,Soroti,cereals and tubers,Millet,KG,UGX,Retail,1347.91,0.3643,0.0551,30.4378
2025-02-01,Uganda,Soroti,cereals and tubers,Millet,KG,UGX,Retail,1213.19,0.3279,0.2436,30.3714
2025-03-01,Uganda,Soroti,cereals and tubers,Millet,KG,UGX,Retail,1279.53,0.3458,-0.2844,30.1084
2025-04-01,Uganda,Soroti,cereals and tubers,Millet,KG,UGX,Retail,1379.15,0.3727,-1.4578,34.0951
2025-05-01,Uganda,Soroti,cereals and tubers,Millet,KG,UGX,Retail,1600.11,0.4325,-0.0931,32.1574
2025-06-01,Uganda,Soroti,cereals and tubers,Millet,KG,UGX,Retail,1781.92,0.4816,1.5373,32.6869
2025-07-01,Uganda,Soroti,cereals and tubers,Millet,KG,UGX,Retail,1986.53,0.5369,1.1567,33.8478
2025-08-01,Uganda,Soroti,cereals and tubers,Millet,KG,UGX,Retail,2059.45,0.5566,3.7517,30.6017
2025-09-01,Uganda,Soroti,cereals and tubers,Millet,KG,UGX,Retail,2198.87,0.5943,1.3194,30.1655
2025-10-01,Uganda,Soroti,cereals and tubers,Millet,KG,UGX,Retail,2205.63,0.5961,3.7345,34.1075
2025-11-01,Uganda,Soroti,cereals and tubers,Millet,KG,UGX,Retail,2218.63,0.5996,0.6651,32.7795
2025-12-01,Uganda,Soroti,cereals and tubers,Millet,KG,UGX,Retail,2214.52,0.5985,2.1927,31.0091
2026-01-01,Uganda,Soroti,cereals and tubers,Millet,KG,UGX,Retail,2091.77,0.5653,2.5156,31.6849
2026-02-01,Uganda,Soroti,cereals and tubers,Millet,KG,UGX,Retail,1928.65,0.5213,0.3533,30.4405
2026-03-01,Uganda,Soroti,cereals and tubers,Millet,KG,UGX,Retail,2062.7,0.5575,0.0486,30.8237
2026-04-01,Uganda,Soroti,cereals and tubers,Millet,KG,UGX,Retail,2102.45,0.5682,2.7161,32.0686
2026-05-01,Uganda,Soroti,cereals and tubers,Millet,KG,UGX,Retail,2197.25,0.5939,3.5788,30.0701
2026-06-01,Uganda,Soroti,cereals and tubers,Millet,KG,UGX,Retail,2244.68,0.6067,3.6783,30.7894
2026-07-01,Uganda,Soroti,cereals and tubers,Millet,KG,UGX,Retail,2490.5,0.6731,3.8976,33.7907
